Customer ID,TotalSpend,NumOrders,NumItemsPurchased,NumUniqueProducts,LastPurchaseDate,FirstPurchaseDate,AvgOrderValue,Recency,CustomerLifespanDays,PurchaseFrequency
12346.0,77556.46,12,74285,27,2011-01-18 10:01:00,2009-12-14 08:34:00,6463.038333333334,326,400,0.03
12347.0,4921.53,8,2967,126,2011-12-07 15:52:00,2010-10-31 14:20:00,615.19125,2,402,0.01990049751243781
12348.0,1658.3999999999999,5,2704,24,2011-09-25 13:13:00,2010-09-27 14:59:00,331.67999999999995,75,362,0.013812154696132596
12349.0,3678.69,3,1621,137,2011-11-21 09:51:00,2010-04-29 13:20:00,1226.23,19,570,0.005263157894736842
12350.0,294.4,1,196,16,2011-02-02 16:01:00,2011-02-02 16:01:00,294.4,310,0,1.0
12351.0,300.93,1,261,21,2010-11-29 15:23:00,2010-11-29 15:23:00,300.93,375,0,1.0
12352.0,1729.54,9,714,68,2011-11-03 14:37:00,2010-11-12 10:20:00,192.17111111111112,36,356,0.025280898876404494
12353.0,406.76,2,212,23,2011-05-19 17:47:00,2010-10-27 12:44:00,203.38,204,204,0.00980392156862745
12354.0,1079.4,1,530,58,2011-04-21 13:11:00,2011-04-21 13:11:00,1079.4,232,0,1.0
12355.0,947.61,2,543,35,2011-05-09 13:49:00,2010-05-21 11:59:00,473.805,214,353,0.0056657223796034
12356.0,5611.73,6,3376,103,2011-11-17 08:40:00,2010-10-11 09:42:00,935.2883333333333,23,401,0.014962593516209476
12357.0,17437.66,2,6586,260,2011-11-06 16:07:00,2010-11-16 10:05:00,8718.83,33,355,0.005633802816901409
12358.0,3447.07,5,1068,55,2011-12-08 10:26:00,2009-12-08 07:59:00,689.414,2,730,0.00684931506849315
12359.0,8873.39,10,2739,305,2011-10-13 12:47:00,2009-12-05 13:32:00,887.3389999999999,58,676,0.014792899408284023
12360.0,3612.89,6,2443,159,2011-10-18 15:22:00,2010-02-22 09:32:00,602.1483333333333,52,603,0.009950248756218905
12361.0,451.25,4,231,17,2011-02-25 13:51:00,2010-01-26 14:37:00,112.8125,287,394,0.01015228426395939
12362.0,4737.23,10,2197,200,2011-12-06 15:40:00,2011-02-17 10:30:00,473.72299999999996,3,292,0.03424657534246575
12363.0,552.0,2,408,23,2011-08-22 10:18:00,2011-04-11 13:29:00,276.0,110,132,0.015151515151515152
12364.0,1208.1,4,1499,69,2011-12-02 10:22:00,2011-08-19 15:24:00,302.025,8,104,0.038461538461538464
12365.0,320.69,1,173,21,2011-02-21 13:51:00,2011-02-21 13:51:00,320.69,291,0,1.0
12366.0,500.24,1,296,3,2010-03-16 10:28:00,2010-03-16 10:28:00,500.24,634,0,1.0
12367.0,150.9,1,172,10,2011-12-05 16:48:00,2011-12-05 16:48:00,150.9,4,0,1.0
12368.0,917.6999999999999,1,330,18,2010-03-21 15:56:00,2010-03-21 15:56:00,917.6999999999999,628,0,1.0
12369.0,1511.15,3,1234,89,2010-10-22 13:13:00,2010-03-08 08:09:00,503.7166666666667,413,228,0.013157894736842105
12370.0,3956.56,7,2595,167,2011-10-19 14:51:00,2010-02-09 09:41:00,565.2228571428572,51,617,0.011345218800648298
12371.0,3347.38,4,1418,133,2011-10-11 10:43:00,2010-03-04 18:23:00,836.845,60,585,0.006837606837606838
12372.0,1196.04,3,788,33,2011-09-29 12:12:00,2011-02-16 12:46:00,398.68,72,224,0.013392857142857142
12373.0,927.6500000000001,3,511,35,2011-02-01 13:10:00,2010-02-04 12:08:00,309.2166666666667,311,362,0.008287292817679558
12374.0,2669.22,3,1354,78,2011-11-14 15:37:00,2010-04-30 14:01:00,889.7399999999999,25,563,0.0053285968028419185
12375.0,377.5,2,176,13,2011-11-29 10:36:00,2011-09-02 14:23:00,188.75,11,87,0.022988505747126436
12376.0,383.15,2,237,10,2010-11-15 12:15:00,2010-10-18 08:42:00,191.575,390,28,0.07142857142857142
12377.0,3266.32,4,2101,128,2011-01-28 15:45:00,2010-04-29 15:34:00,816.58,315,274,0.014598540145985401
12378.0,5416.32,2,3316,281,2011-08-02 10:34:00,2010-05-26 14:07:00,2708.16,130,432,0.004629629629629629
12379.0,1470.22,4,805,57,2011-09-19 10:09:00,2010-06-23 12:49:00,367.555,82,452,0.008849557522123894
12380.0,7210.65,8,3314,154,2011-11-18 11:27:00,2010-02-15 12:05:00,901.33125,22,640,0.0125
12381.0,1474.81,3,797,69,2011-12-05 12:44:00,2011-08-12 09:57:00,491.6033333333333,5,115,0.02608695652173913
12383.0,1628.56,5,1518,83,2011-06-08 08:02:00,2010-12-22 14:28:00,325.712,185,167,0.029940119760479042
12384.0,425.27000000000004,2,122,25,2011-11-11 08:39:00,2011-08-10 11:23:00,212.63500000000002,29,92,0.021739130434782608
12385.0,1668.4,1,594,64,2010-11-25 15:14:00,2010-11-25 15:14:00,1668.4,379,0,1.0
12386.0,401.9,2,354,10,2011-01-06 12:37:00,2010-12-08 09:53:00,200.95,338,29,0.06896551724137931
12387.0,143.94,1,134,9,2010-10-20 16:27:00,2010-10-20 16:27:00,143.94,415,0,1.0
12388.0,3901.11,8,2001,83,2011-11-24 12:30:00,2010-05-06 12:54:00,487.63875,16,566,0.014134275618374558
12389.0,1433.33,3,614,41,2010-11-02 11:52:00,2010-02-22 10:15:00,477.77666666666664,403,253,0.011857707509881422
12390.0,504.84000000000003,1,350,31,2011-09-21 09:33:00,2011-09-21 09:33:00,504.84000000000003,80,0,1.0
12391.0,2724.84,6,1204,241,2011-11-18 12:07:00,2010-02-15 10:12:00,454.14000000000004,22,641,0.0093603744149766
12392.0,234.75000000000003,1,73,7,2010-04-27 14:04:00,2010-04-27 14:04:00,234.75000000000003,591,0,1.0
12393.0,2399.4500000000003,6,1311,63,2011-09-28 15:41:00,2010-10-07 13:49:00,399.90833333333336,72,356,0.016853932584269662
12394.0,1080.48,2,808,25,2011-10-07 08:08:00,2011-05-06 14:01:00,540.24,64,153,0.013071895424836602
12395.0,4241.17,15,3175,144,2011-11-20 15:21:00,2010-04-16 10:16:00,282.74466666666666,19,583,0.025728987993138937
12396.0,931.43,1,591,65,2010-02-03 13:22:00,2010-02-03 13:22:00,931.43,674,0,1.0
12397.0,2214.9,2,1250,109,2011-11-04 09:52:00,2011-07-27 14:21:00,1107.45,36,99,0.020202020202020204
12398.0,1435.66,1,1389,84,2011-10-25 10:27:00,2011-10-25 10:27:00,1435.66,46,0,1.0
12399.0,1842.3,7,2190,66,2011-08-12 13:15:00,2010-03-05 08:45:00,263.18571428571425,119,525,0.013333333333333334
12400.0,205.25,1,91,11,2010-10-21 13:45:00,2010-10-21 13:45:00,205.25,414,0,1.0
12401.0,69.3,1,10,4,2011-02-09 13:50:00,2011-02-09 13:50:00,69.3,303,0,1.0
12402.0,1136.9,6,576,42,2011-01-20 13:49:00,2010-02-07 12:41:00,189.48333333333335,323,347,0.01729106628242075
12403.0,947.36,2,256,4,2011-10-21 10:51:00,2010-07-06 11:39:00,473.68,50,471,0.004246284501061571
12404.0,63.24,1,1,1,2010-01-26 16:25:00,2010-01-26 16:25:00,63.24,682,0,1.0
12405.0,1390.39,1,849,53,2011-07-14 08:52:00,2011-07-14 08:52:00,1390.39,149,0,1.0
12406.0,6390.36,5,3416,114,2011-11-17 19:22:00,2010-01-11 14:04:00,1278.072,22,675,0.007407407407407408
12407.0,1507.1200000000001,5,1403,56,2011-10-21 10:11:00,2011-03-20 13:21:00,301.42400000000004,50,214,0.02336448598130841
12408.0,3905.77,8,2200,103,2011-11-07 12:27:00,2010-07-29 13:27:00,488.22125,33,465,0.017204301075268817
12409.0,23419.29,7,13143,177,2011-09-22 10:38:00,2010-05-23 15:21:00,3345.612857142857,79,486,0.01440329218106996
12410.0,773.71,3,335,35,2011-02-04 10:39:00,2010-07-25 13:26:00,257.90333333333336,309,193,0.015544041450777202
12411.0,346.9,1,138,22,2010-10-26 09:25:00,2010-10-26 09:25:00,346.9,410,0,1.0
12412.0,2404.93,6,1986,81,2011-09-26 10:16:00,2010-06-18 13:22:00,400.82166666666666,75,464,0.01293103448275862
12413.0,871.45,4,313,40,2011-10-04 09:00:00,2010-11-02 13:26:00,217.8625,67,335,0.011940298507462687
12414.0,532.41,4,489,19,2011-05-06 14:51:00,2010-09-02 12:22:00,133.1025,217,246,0.016260162601626018
12415.0,144033.37,24,91443,496,2011-11-15 14:22:00,2010-06-30 08:30:00,6001.390416666666,24,503,0.04771371769383698
12416.0,202.56,1,132,11,2010-02-21 10:19:00,2010-02-21 10:19:00,202.56,657,0,1.0
12417.0,5998.41,20,2835,269,2011-12-06 14:52:00,2009-12-06 10:30:00,299.9205,3,730,0.0273972602739726
12418.0,2021.2,4,1088,90,2011-08-19 11:08:00,2010-03-19 14:47:00,505.3,113,517,0.007736943907156673
12419.0,391.01,2,227,22,2010-11-19 10:04:00,2010-10-22 10:40:00,195.505,386,27,0.07407407407407407
12420.0,600.39,1,345,29,2011-10-07 08:55:00,2011-10-07 08:55:00,600.39,64,0,1.0
12421.0,874.6,6,644,43,2011-11-24 09:07:00,2010-07-22 13:57:00,145.76666666666668,16,489,0.012269938650306749
12422.0,3639.35,12,2579,135,2011-09-05 09:48:00,2009-12-18 12:44:00,303.27916666666664,96,625,0.0192
12423.0,2301.39,10,1772,127,2011-12-09 10:10:00,2010-08-31 09:31:00,230.13899999999998,1,465,0.021505376344086023
12424.0,3340.03,4,2025,78,2011-06-30 12:06:00,2010-06-09 15:15:00,835.0075,163,385,0.01038961038961039
12425.0,1741.41,2,1147,87,2011-09-22 17:31:00,2010-09-17 14:10:00,870.705,78,370,0.005405405405405406
12426.0,1201.21,2,576,72,2011-05-29 12:26:00,2010-02-15 08:41:00,600.605,195,468,0.004273504273504274
12427.0,699.8,3,526,25,2011-11-18 08:56:00,2010-12-03 10:44:00,233.26666666666665,22,349,0.008595988538681949
12428.0,6405.26,8,3509,256,2011-11-14 08:22:00,2011-03-01 09:33:00,800.6575,26,257,0.0311284046692607
12429.0,5842.41,8,2871,123,2011-11-30 17:22:00,2010-06-11 13:28:00,730.30125,9,537,0.0148975791433892
12430.0,216.4,1,116,10,2011-10-27 15:09:00,2011-10-27 15:09:00,216.4,43,0,1.0
12431.0,10102.22,25,4578,243,2011-11-04 11:55:00,2010-01-15 09:04:00,404.0888,36,658,0.037993920972644375
12432.0,4359.32,4,1800,106,2011-10-28 11:43:00,2011-06-20 13:27:00,1089.83,43,129,0.031007751937984496
12433.0,16794.14,10,13534,285,2011-12-09 10:02:00,2010-08-20 09:23:00,1679.414,1,476,0.02100840336134454
12434.0,1103.43,3,532,62,2011-09-16 12:38:00,2010-11-23 13:38:00,367.81,85,296,0.010135135135135136
12435.0,13925.93,6,4958,88,2011-09-21 09:06:00,2009-12-02 13:58:00,2320.9883333333332,80,657,0.0091324200913242
12436.0,429.01000000000005,1,209,15,2011-09-01 12:09:00,2011-09-01 12:09:00,429.01000000000005,100,0,1.0
12437.0,11282.4,38,7922,272,2011-12-08 11:35:00,2009-12-02 16:24:00,296.90526315789475,2,735,0.05170068027210884
12438.0,2466.85,2,1169,83,2011-11-25 13:28:00,2011-07-22 13:29:00,1233.425,14,125,0.016
12439.0,1142.88,2,478,69,2010-01-26 12:11:00,2009-12-14 08:40:00,571.44,683,43,0.046511627906976744
12440.0,739.2,2,328,20,2010-09-03 13:11:00,2009-12-22 12:03:00,369.6,462,255,0.00784313725490196
12441.0,155.55,1,120,10,2010-12-08 10:45:00,2010-12-08 10:45:00,155.55,367,0,1.0
12442.0,144.06,1,181,11,2011-12-06 14:22:00,2011-12-06 14:22:00,144.06,3,0,1.0
12443.0,365.31,1,179,20,2009-12-07 15:42:00,2009-12-07 15:42:00,365.31,732,0,1.0
12444.0,4085.46,5,1130,137,2011-11-18 13:23:00,2011-06-21 14:00:00,817.092,21,149,0.03355704697986577
12445.0,378.98,2,204,23,2011-11-17 18:43:00,2010-10-15 12:28:00,189.49,22,398,0.005025125628140704
12446.0,1002.3100000000001,1,351,57,2011-10-13 12:50:00,2011-10-13 12:50:00,1002.3100000000001,58,0,1.0
12447.0,431.49,1,187,25,2011-04-10 13:25:00,2011-04-10 13:25:00,431.49,243,0,1.0
12448.0,365.45,1,240,21,2011-10-26 13:46:00,2011-10-26 13:46:00,365.45,44,0,1.0
12449.0,4274.89,5,2247,124,2011-11-17 13:46:00,2010-09-27 09:37:00,854.9780000000001,22,416,0.01201923076923077
12450.0,688.2,5,442,31,2011-07-06 14:41:00,2010-08-22 13:11:00,137.64000000000001,156,318,0.015723270440251572
12451.0,12629.88,8,9358,351,2011-11-29 08:40:00,2010-06-28 12:58:00,1578.735,11,518,0.015444015444015444
12452.0,348.57,1,181,20,2011-11-23 08:05:00,2011-11-23 08:05:00,348.57,17,0,1.0
12453.0,707.09,1,473,43,2011-07-28 14:08:00,2011-07-28 14:08:00,707.09,134,0,1.0
12454.0,16459.78,4,7702,23,2011-10-14 17:13:00,2010-10-14 17:33:00,4114.945,56,364,0.01098901098901099
12455.0,5722.95,9,3295,198,2011-09-27 15:31:00,2009-12-18 12:33:00,635.8833333333333,73,648,0.013888888888888888
12456.0,2581.04,3,1618,104,2011-10-26 14:41:00,2011-03-30 09:12:00,860.3466666666667,44,210,0.014285714285714285
12457.0,2555.91,7,1083,62,2011-10-04 13:13:00,2010-09-30 17:59:00,365.13,66,368,0.019021739130434784
12458.0,1502.49,4,979,70,2011-09-29 15:25:00,2010-08-09 10:33:00,375.6225,71,416,0.009615384615384616
12459.0,398.36,1,256,22,2010-04-13 14:53:00,2010-04-13 14:53:00,398.36,605,0,1.0
12460.0,296.65,1,168,17,2010-09-09 13:51:00,2010-09-09 13:51:00,296.65,456,0,1.0
12461.0,626.88,1,282,34,2011-07-08 10:23:00,2011-07-08 10:23:00,626.88,155,0,1.0
12462.0,937.59,2,527,50,2011-11-21 09:11:00,2011-02-09 14:44:00,468.795,19,284,0.007042253521126761
12463.0,1200.78,4,768,64,2011-10-17 13:44:00,2011-04-12 12:47:00,300.195,53,188,0.02127659574468085
12464.0,957.05,8,95,5,2011-11-29 13:33:00,2011-02-03 13:30:00,119.63125,10,299,0.026755852842809364
12465.0,682.1899999999999,2,475,45,2011-11-22 16:34:00,2011-06-23 13:37:00,341.09499999999997,17,152,0.013157894736842105
12466.0,56.73,1,1,1,2010-01-26 16:26:00,2010-01-26 16:26:00,56.73,682,0,1.0
12467.0,132.8,1,129,9,2010-10-12 15:41:00,2010-10-12 15:41:00,132.8,423,0,1.0
12468.0,3238.74,5,2177,126,2011-06-05 11:36:00,2010-01-26 10:09:00,647.7479999999999,188,495,0.010101010101010102
12469.0,3070.54,2,2552,76,2010-07-05 12:40:00,2010-06-21 10:30:00,1535.27,523,14,0.14285714285714285
12470.0,211.95,1,95,23,2010-01-19 11:01:00,2010-01-19 11:01:00,211.95,690,0,1.0
12471.0,35140.99,72,16613,253,2011-12-07 15:43:00,2009-12-07 10:41:00,488.0693055555555,2,730,0.09863013698630137
12472.0,14971.289999999999,19,10307,396,2011-11-07 14:01:00,2009-12-14 10:49:00,787.9626315789474,32,693,0.027417027417027416
12473.0,2585.73,3,2394,138,2011-10-17 11:27:00,2011-06-01 10:15:00,861.91,54,138,0.021739130434782608
12474.0,11310.75,29,7881,368,2011-11-22 14:39:00,2010-02-11 09:41:00,390.0258620689655,17,649,0.04468412942989214
12475.0,1065.64,2,766,53,2011-10-17 10:10:00,2010-10-26 08:49:00,532.82,54,356,0.0056179775280898875
12476.0,12319.91,18,5533,357,2011-11-24 12:40:00,2010-07-26 09:04:00,684.4394444444445,16,486,0.037037037037037035
12477.0,20276.37,9,6119,295,2011-11-17 09:51:00,2010-03-26 14:01:00,2252.93,23,600,0.015
12478.0,545.99,1,233,35,2011-12-06 09:56:00,2011-12-06 09:56:00,545.99,4,0,1.0
12479.0,473.2,1,382,30,2011-11-28 13:26:00,2011-11-28 13:26:00,473.2,11,0,1.0
12480.0,4834.85,7,2917,176,2011-11-11 14:52:00,2010-07-20 13:21:00,690.6928571428572,28,479,0.014613778705636743
12481.0,11033.51,14,7110,247,2011-11-17 08:29:00,2010-04-11 13:10:00,788.1078571428571,23,584,0.023972602739726026
12482.0,21941.72,27,27040,41,2010-05-12 16:51:00,2010-02-24 10:24:00,812.6562962962963,576,77,0.35064935064935066
12483.0,4069.1800000000003,19,2131,67,2011-11-22 17:02:00,2010-01-31 13:28:00,214.16736842105266,17,660,0.02878787878787879
12484.0,5557.1,9,3237,328,2011-11-04 15:18:00,2010-01-27 16:41:00,617.4555555555556,35,645,0.013953488372093023
12485.0,708.1,1,414,34,2010-06-28 15:22:00,2010-06-28 15:22:00,708.1,529,0,1.0
12486.0,917.28,1,520,48,2010-10-04 12:14:00,2010-10-04 12:14:00,917.28,432,0,1.0
12487.0,285.29999999999995,1,174,2,2009-12-09 11:36:00,2009-12-09 11:36:00,285.29999999999995,731,0,1.0
12488.0,1244.66,3,526,45,2011-11-30 08:50:00,2011-09-25 10:34:00,414.8866666666667,10,65,0.046153846153846156
12489.0,298.93,1,103,14,2011-01-07 13:13:00,2011-01-07 13:13:00,298.93,336,0,1.0
12490.0,8764.64,20,5849,194,2011-12-04 16:07:00,2009-12-01 12:52:00,438.23199999999997,5,733,0.027285129604365622
12491.0,424.40000000000003,1,258,24,2011-11-01 12:18:00,2011-11-01 12:18:00,424.40000000000003,39,0,1.0
12492.0,607.21,3,438,37,2011-10-07 15:15:00,2010-11-01 14:58:00,202.40333333333334,63,340,0.008823529411764706
12493.0,379.74,2,204,18,2011-06-27 10:17:00,2011-05-26 14:53:00,189.87,166,31,0.06451612903225806
12494.0,1563.27,9,965,82,2011-11-24 09:34:00,2010-05-12 13:52:00,173.69666666666666,16,560,0.01607142857142857
12495.0,277.4,1,128,16,2010-03-09 10:53:00,2010-03-09 10:53:00,277.4,641,0,1.0
12496.0,45.34,2,30,10,2010-03-29 14:06:00,2010-03-29 13:57:00,22.67,620,0,2.0
12497.0,5996.5,3,5671,40,2011-09-19 12:29:00,2010-03-05 09:39:00,1998.8333333333333,82,563,0.0053285968028419185
12498.0,349.70000000000005,3,156,20,2011-11-18 12:53:00,2011-10-13 09:30:00,116.56666666666668,21,36,0.08333333333333333
12499.0,357.72,1,300,26,2010-05-28 15:12:00,2010-05-28 15:12:00,357.72,560,0,1.0
12500.0,5559.21,18,3355,87,2011-11-16 16:20:00,2010-02-04 15:05:00,308.845,23,650,0.027692307692307693
12501.0,2025.39,1,1775,148,2011-01-07 12:28:00,2011-01-07 12:28:00,2025.39,337,0,1.0
12502.0,2995.87,5,794,101,2011-09-05 11:52:00,2011-02-03 10:41:00,599.174,96,214,0.02336448598130841
12503.0,896.0,1,560,1,2010-05-04 13:59:00,2010-05-04 13:59:00,896.0,584,0,1.0
12504.0,689.05,4,453,10,2011-11-21 16:02:00,2010-04-22 10:24:00,172.2625,18,578,0.006920415224913495
12505.0,787.2,1,318,41,2010-10-27 09:18:00,2010-10-27 09:18:00,787.2,409,0,1.0
12506.0,73.5,1,23,23,2011-04-21 08:54:00,2011-04-21 08:54:00,73.5,233,0,1.0
12507.0,1508.06,4,1244,45,2011-07-28 17:09:00,2010-05-04 09:23:00,377.015,134,450,0.008888888888888889
12508.0,397.88,2,271,57,2011-11-13 15:37:00,2011-11-10 16:27:00,198.94,26,2,1.0
12509.0,158.5,1,54,6,2011-02-28 14:45:00,2011-02-28 14:45:00,158.5,284,0,1.0
12510.0,3039.03,7,2021,92,2011-07-20 10:15:00,2009-12-04 13:47:00,434.1471428571429,143,592,0.011824324324324325
12511.0,3084.02,1,1753,190,2010-10-07 10:39:00,2010-10-07 10:39:00,3084.02,429,0,1.0
12512.0,132.18,2,96,31,2011-10-04 14:55:00,2011-10-04 14:53:00,66.09,66,0,2.0
12513.0,558.29,1,459,34,2011-08-19 10:51:00,2011-08-19 10:51:00,558.29,113,0,1.0
12514.0,1597.76,2,840,76,2011-03-17 16:38:00,2010-03-08 12:18:00,798.88,267,374,0.0053475935828877
12515.0,278.7,1,128,15,2010-12-21 15:43:00,2010-12-21 15:43:00,278.7,353,0,1.0
12516.0,2288.62,4,1932,48,2011-09-23 09:13:00,2010-04-19 14:14:00,572.155,78,521,0.007677543186180422
12517.0,2301.6,4,1351,231,2011-11-11 13:57:00,2011-06-02 15:13:00,575.4,28,161,0.024844720496894408
12518.0,1840.89,5,1306,83,2011-12-09 10:13:00,2011-08-21 13:18:00,368.178,1,109,0.045871559633027525
12519.0,626.54,2,382,33,2011-10-07 09:26:00,2010-08-20 08:21:00,313.27,64,413,0.004842615012106538
12520.0,2346.2599999999998,5,1423,120,2011-09-21 15:23:00,2011-03-11 11:35:00,469.25199999999995,79,194,0.02577319587628866
12521.0,545.68,1,306,37,2011-07-20 10:51:00,2011-07-20 10:51:00,545.68,143,0,1.0
12522.0,156.72,2,192,10,2011-10-31 15:30:00,2011-10-19 14:41:00,78.36,39,12,0.16666666666666666
12523.0,4010.35,23,2244,175,2011-11-20 12:55:00,2009-12-07 13:46:00,174.36304347826086,19,712,0.032303370786516857
12524.0,9794.11,17,7104,156,2011-11-30 15:31:00,2010-02-08 14:41:00,576.1241176470588,9,660,0.025757575757575757
12525.0,883.73,3,504,55,2010-07-29 16:08:00,2010-03-02 14:01:00,294.57666666666665,498,149,0.020134228187919462
12526.0,1172.66,3,624,63,2011-12-09 12:09:00,2011-09-06 14:19:00,390.8866666666667,1,93,0.03225806451612903
12527.0,717.51,5,525,25,2011-09-19 11:55:00,2010-06-28 15:37:00,143.502,82,447,0.011185682326621925
12528.0,1645.48,6,740,49,2011-11-30 14:40:00,2011-01-31 09:05:00,274.24666666666667,9,303,0.019801980198019802
12529.0,316.48,1,192,21,2010-06-29 13:10:00,2010-06-29 13:10:00,316.48,528,0,1.0
12530.0,3381.26,9,2692,93,2011-10-11 12:34:00,2010-03-07 14:37:00,375.6955555555556,60,582,0.015463917525773196
12531.0,1771.2,2,1110,125,2011-11-25 11:12:00,2010-01-22 14:17:00,885.6,15,671,0.0029806259314456036
12532.0,313.83000000000004,1,151,15,2011-11-09 13:47:00,2011-11-09 13:47:00,313.83000000000004,30,0,1.0
12533.0,1223.89,2,696,62,2010-03-22 10:56:00,2009-12-01 11:50:00,611.945,628,110,0.01818181818181818
12534.0,981.18,1,645,62,2011-08-01 10:26:00,2011-08-01 10:26:00,981.18,131,0,1.0
12535.0,716.35,2,219,28,2011-09-09 08:48:00,2011-06-06 12:47:00,358.175,92,94,0.02127659574468085
12536.0,4279.71,1,2801,259,2011-10-11 14:52:00,2011-10-11 14:52:00,4279.71,59,0,1.0
12537.0,612.94,1,446,42,2010-10-27 08:36:00,2010-10-27 08:36:00,612.94,409,0,1.0
12538.0,640.45,2,336,33,2011-11-10 17:16:00,2010-11-26 13:02:00,320.225,29,349,0.0057306590257879654
12539.0,11186.75,7,4534,275,2011-11-17 13:30:00,2009-12-23 13:00:00,1598.107142857143,22,694,0.010086455331412104
12540.0,19250.49,32,10911,353,2011-11-20 11:31:00,2009-12-07 16:56:00,601.5778125,20,712,0.0449438202247191
12541.0,841.18,3,675,45,2011-11-10 10:40:00,2011-03-04 09:32:00,280.3933333333333,30,251,0.01195219123505976
12542.0,481.88,2,522,39,2010-08-12 19:12:00,2010-03-09 16:26:00,240.94,484,156,0.01282051282051282
12543.0,840.25,1,683,42,2010-09-17 15:51:00,2010-09-17 15:51:00,840.25,448,0,1.0
12544.0,316.7,1,134,18,2011-11-03 16:15:00,2011-11-03 16:15:00,316.7,36,0,1.0
12545.0,832.39,2,517,41,2011-09-25 13:39:00,2011-03-25 12:04:00,416.195,75,184,0.010869565217391304
12546.0,1021.5,2,628,58,2011-10-24 12:09:00,2011-09-23 09:44:00,510.75,47,31,0.06451612903225806
12547.0,299.58,3,306,12,2011-05-26 12:38:00,2010-07-27 13:55:00,99.86,198,302,0.009933774834437087
12548.0,67.19999999999999,1,48,4,2011-06-26 15:35:00,2011-06-26 15:35:00,67.19999999999999,166,0,1.0
12549.0,1570.68,5,1365,37,2010-05-13 12:05:00,2010-01-11 12:29:00,314.136,576,121,0.04132231404958678
12550.0,824.83,1,564,56,2011-09-21 14:35:00,2011-09-21 14:35:00,824.83,79,0,1.0
12551.0,168.0,1,100,10,2010-12-17 11:23:00,2010-12-17 11:23:00,168.0,358,0,1.0
12552.0,317.82,1,85,19,2011-10-31 12:11:00,2011-10-31 12:11:00,317.82,40,0,1.0
12553.0,4104.75,12,2297,108,2011-12-01 16:38:00,2010-10-12 13:35:00,342.0625,8,415,0.02891566265060241
12554.0,384.5,1,237,25,2010-09-17 12:29:00,2010-09-17 12:29:00,384.5,449,0,1.0
12555.0,129.23,1,1,1,2010-01-26 16:26:00,2010-01-26 16:26:00,129.23,682,0,1.0
12556.0,599.56,2,355,100,2011-10-20 13:06:00,2011-07-11 13:35:00,299.78,50,100,0.02
12557.0,18096.14,8,6382,15,2011-11-23 16:59:00,2009-12-17 10:39:00,2262.0175,16,706,0.0113314447592068
12558.0,269.96,1,196,11,2011-12-02 10:41:00,2011-12-02 10:41:00,269.96,8,0,1.0
12559.0,525.71,2,281,20,2011-02-02 09:49:00,2011-01-24 10:12:00,262.855,311,8,0.25
12560.0,1918.01,2,1098,90,2011-12-04 13:54:00,2011-07-19 15:55:00,959.005,5,137,0.014598540145985401
12561.0,238.85,1,177,16,2011-02-10 11:39:00,2011-02-10 11:39:00,238.85,303,0,1.0
12562.0,4426.92,9,2297,112,2011-12-01 17:20:00,2010-09-30 13:13:00,491.88,8,427,0.02107728337236534
12563.0,221.24,1,112,12,2010-10-27 09:52:00,2010-10-27 09:52:00,221.24,409,0,1.0
12564.0,402.9,1,130,20,2011-03-23 14:55:00,2011-03-23 14:55:00,402.9,261,0,1.0
12565.0,145.92,1,80,9,2011-02-24 10:34:00,2011-02-24 10:34:00,145.92,289,0,1.0
12566.0,297.65,1,262,18,2011-09-14 14:30:00,2011-09-14 14:30:00,297.65,86,0,1.0
12567.0,10741.48,15,5251,364,2011-11-17 11:02:00,2010-02-11 10:30:00,716.0986666666666,23,644,0.023291925465838508
12568.0,52.0,1,47,4,2010-03-05 09:15:00,2010-03-05 09:15:00,52.0,645,0,1.0
12569.0,3152.69,32,1747,91,2011-12-07 16:24:00,2011-04-01 13:47:00,98.5215625,2,250,0.128
12570.0,77.52,1,1,1,2010-01-26 17:28:00,2010-01-26 17:28:00,77.52,682,0,1.0
12571.0,519.61,2,523,31,2011-10-31 10:19:00,2011-08-10 12:35:00,259.805,40,81,0.024691358024691357
12572.0,912.42,2,446,52,2011-12-01 09:20:00,2011-10-19 08:20:00,456.21,9,43,0.046511627906976744
12573.0,717.41,5,479,107,2011-04-26 15:52:00,2010-08-31 17:25:00,143.482,227,237,0.02109704641350211
12574.0,182.45000000000002,1,59,10,2011-01-28 09:20:00,2011-01-28 09:20:00,182.45000000000002,316,0,1.0
12575.0,568.8199999999999,2,312,33,2010-09-08 13:09:00,2010-07-01 09:15:00,284.40999999999997,457,69,0.028985507246376812
12576.0,2062.72,8,1492,113,2011-11-04 10:11:00,2010-07-01 13:46:00,257.84,36,490,0.0163265306122449
12577.0,1613.15,8,1190,258,2011-11-04 13:24:00,2009-12-03 19:31:00,201.64375,35,700,0.011428571428571429
12578.0,4026.4500000000003,4,2358,148,2011-11-18 13:30:00,2010-09-22 11:19:00,1006.6125000000001,21,422,0.009478672985781991
12579.0,386.42,1,282,28,2011-09-22 17:15:00,2011-09-22 17:15:00,386.42,78,0,1.0
12580.0,962.9,2,564,51,2011-04-07 10:24:00,2010-05-12 11:45:00,481.45,247,329,0.0060790273556231
12581.0,179.71,1,160,14,2011-10-31 08:56:00,2011-10-31 08:56:00,179.71,40,0,1.0
12582.0,1820.4,4,981,87,2011-04-15 08:45:00,2010-05-11 09:55:00,455.1,239,338,0.011834319526627219
12583.0,12493.58,27,8474,140,2011-12-07 08:07:00,2009-12-06 11:57:00,462.7251851851852,3,730,0.036986301369863014
12584.0,2254.15,9,413,43,2011-12-06 09:35:00,2011-03-04 15:15:00,250.4611111111111,4,276,0.03260869565217391
12585.0,1824.1,2,1267,76,2011-04-19 13:39:00,2010-12-23 12:58:00,912.05,234,117,0.017094017094017096
12586.0,2062.67,4,687,82,2011-11-22 16:24:00,2009-12-16 13:15:00,515.6675,17,706,0.0056657223796034
12587.0,104.0,1,50,3,2011-12-02 12:47:00,2011-12-02 12:47:00,104.0,8,0,1.0
12588.0,718.78,3,432,30,2011-10-31 15:01:00,2010-04-21 12:22:00,239.59333333333333,39,558,0.005376344086021506
12589.0,3294.91,6,1741,119,2011-11-11 10:19:00,2010-01-19 12:26:00,549.1516666666666,29,660,0.00909090909090909
12590.0,9341.26,1,4282,67,2011-05-12 14:46:00,2011-05-12 14:46:00,9341.26,211,0,1.0
12591.0,1114.95,3,645,62,2011-01-26 14:35:00,2010-10-27 10:42:00,371.65000000000003,317,91,0.03296703296703297
12592.0,1723.6399999999999,4,1866,40,2011-09-08 15:04:00,2010-07-08 14:06:00,430.90999999999997,92,427,0.00936768149882904
12593.0,382.09999999999997,3,204,13,2011-08-23 12:43:00,2011-05-05 09:29:00,127.36666666666666,109,110,0.02727272727272727
12594.0,4890.110000000001,14,2761,77,2011-11-02 12:20:00,2010-03-03 13:51:00,349.29357142857145,38,608,0.023026315789473683
12595.0,281.02,1,270,18,2010-07-23 09:10:00,2010-07-23 09:10:00,281.02,505,0,1.0
12596.0,450.27,2,468,24,2011-10-19 13:02:00,2011-04-11 13:22:00,225.135,51,190,0.010526315789473684
12597.0,3195.22,4,2214,183,2011-11-20 13:33:00,2011-03-16 14:00:00,798.805,19,248,0.016129032258064516
12598.0,4192.09,10,2887,129,2011-11-30 12:18:00,2010-03-01 09:58:00,419.209,10,639,0.01564945226917058
12599.0,2026.72,13,2174,46,2011-11-10 13:34:00,2010-05-11 10:42:00,155.90153846153845,29,548,0.023722627737226276
12600.0,4390.42,21,1350,52,2011-11-11 10:29:00,2009-12-07 13:37:00,209.06761904761905,29,703,0.029871977240398292
12601.0,573.26,6,284,23,2011-06-03 10:17:00,2010-10-31 10:57:00,95.54333333333334,190,214,0.028037383177570093
12602.0,153.12,1,162,12,2011-10-12 11:22:00,2011-10-12 11:22:00,153.12,59,0,1.0
12603.0,613.1999999999999,1,56,1,2011-11-18 10:42:00,2011-11-18 10:42:00,613.1999999999999,22,0,1.0
12604.0,236.18,2,200,14,2011-09-21 14:08:00,2011-03-23 12:06:00,118.09,79,182,0.01098901098901099
12605.0,1124.95,3,921,62,2010-11-28 14:18:00,2010-09-07 14:21:00,374.98333333333335,376,81,0.037037037037037035
12606.0,21.0,1,1,1,2010-01-26 16:23:00,2010-01-26 16:23:00,21.0,682,0,1.0
12607.0,1579.51,1,1228,101,2011-10-10 16:06:00,2011-10-10 16:06:00,1579.51,60,0,1.0
12608.0,415.79,1,323,16,2010-10-31 10:49:00,2010-10-31 10:49:00,415.79,405,0,1.0
12609.0,3021.86,9,1530,128,2011-09-22 16:34:00,2009-12-20 13:30:00,335.76222222222225,78,641,0.014040561622464899
12610.0,1747.54,4,1039,84,2011-11-17 09:34:00,2011-08-05 13:52:00,436.885,23,103,0.038834951456310676
12611.0,1193.32,1,846,65,2011-10-18 13:12:00,2011-10-18 13:12:00,1193.32,52,0,1.0
12612.0,668.0400000000001,1,260,18,2011-09-26 15:35:00,2011-09-26 15:35:00,668.0400000000001,74,0,1.0
12613.0,6277.37,9,4127,217,2011-10-13 14:59:00,2009-12-14 13:10:00,697.4855555555555,57,668,0.01347305389221557
12614.0,315.6,1,76,20,2011-03-07 10:22:00,2011-03-07 10:22:00,315.6,278,0,1.0
12615.0,5362.98,8,3296,197,2011-12-07 15:02:00,2010-03-18 14:09:00,670.3725,2,629,0.012718600953895072
12616.0,1023.1,3,492,31,2011-09-05 15:17:00,2010-11-16 11:38:00,341.03333333333336,95,293,0.010238907849829351
12617.0,352.98,1,210,39,2011-11-10 14:39:00,2011-11-10 14:39:00,352.98,29,0,1.0
12618.0,137.31,1,95,10,2011-11-18 11:10:00,2011-11-18 11:10:00,137.31,22,0,1.0
12619.0,3085.7,9,3500,53,2011-11-23 14:52:00,2010-05-28 12:52:00,342.85555555555555,16,544,0.016544117647058824
12620.0,1303.41,3,1179,88,2011-11-25 10:20:00,2011-05-19 12:10:00,434.47,15,189,0.015873015873015872
12621.0,22097.2,35,13583,343,2011-12-08 11:25:00,2010-02-09 12:01:00,631.3485714285714,2,666,0.052552552552552555
12622.0,162.1,1,68,10,2011-04-21 16:39:00,2011-04-21 16:39:00,162.1,232,0,1.0
12623.0,3315.84,7,1947,111,2011-03-08 13:50:00,2010-01-12 11:45:00,473.6914285714286,276,420,0.016666666666666666
12624.0,569.13,2,351,35,2011-08-25 15:04:00,2011-06-15 12:34:00,284.565,106,71,0.028169014084507043
12625.0,4678.88,4,3282,143,2011-05-12 09:54:00,2010-04-22 11:33:00,1169.72,212,384,0.010416666666666666
12626.0,5954.48,9,3416,231,2011-11-16 16:06:00,2011-01-17 11:01:00,661.6088888888888,23,303,0.0297029702970297
12627.0,4082.53,6,2730,161,2011-11-29 12:07:00,2011-07-22 13:59:00,680.4216666666667,11,129,0.046511627906976744
12628.0,732.46,3,445,33,2011-12-05 13:15:00,2011-10-06 09:28:00,244.15333333333334,4,60,0.05
12629.0,1198.22,2,713,39,2010-11-19 09:18:00,2010-10-12 16:40:00,599.11,386,37,0.05405405405405406
12630.0,1030.88,2,542,59,2011-11-30 10:48:00,2011-10-27 10:41:00,515.44,10,34,0.058823529411764705
12631.0,3321.57,6,1603,130,2011-10-13 13:53:00,2010-01-15 14:50:00,553.595,57,635,0.009448818897637795
12632.0,714.88,2,689,31,2010-07-07 09:39:00,2010-05-24 09:07:00,357.44,521,44,0.045454545454545456
12633.0,5156.16,7,3209,219,2011-10-12 11:40:00,2010-07-02 11:44:00,736.5942857142857,59,466,0.015021459227467811
12634.0,360.0,1,336,19,2010-06-09 15:41:00,2010-06-09 15:41:00,360.0,548,0,1.0
12635.0,2624.41,4,1932,158,2011-09-11 11:04:00,2010-09-09 10:50:00,656.1025,90,367,0.010899182561307902
12637.0,8085.8099999999995,12,4246,294,2011-10-03 13:46:00,2010-06-14 13:36:00,673.8175,67,476,0.025210084033613446
12638.0,681.49,2,657,46,2011-11-06 13:11:00,2010-03-10 10:30:00,340.745,33,606,0.0033003300330033004
12639.0,1072.37,3,625,57,2011-04-15 12:48:00,2010-03-22 09:05:00,357.45666666666665,239,389,0.007712082262210797
12640.0,994.58,3,301,46,2011-11-16 11:52:00,2011-09-19 12:01:00,331.5266666666667,24,57,0.05263157894736842
12641.0,145.9,1,71,9,2011-08-16 13:26:00,2011-08-16 13:26:00,145.9,115,0,1.0
12642.0,905.26,3,546,38,2011-11-14 15:03:00,2011-08-24 09:23:00,301.75333333333333,25,82,0.036585365853658534
12643.0,7803.82,11,4642,13,2011-08-03 12:56:00,2010-04-07 14:16:00,709.4381818181818,128,482,0.022821576763485476
12644.0,1900.49,4,1031,105,2011-08-02 10:33:00,2010-01-14 13:02:00,475.1225,130,564,0.0070921985815602835
12645.0,3215.3,8,2107,110,2011-11-06 12:38:00,2010-02-09 10:49:00,401.9125,34,635,0.012598425196850394
12646.0,1346.97,2,897,43,2011-12-05 10:14:00,2011-10-21 12:52:00,673.485,5,44,0.045454545454545456
12647.0,14109.55,35,6490,239,2011-11-17 12:56:00,2010-01-13 15:06:00,403.13,22,672,0.052083333333333336
12648.0,1039.0,4,513,37,2011-07-08 11:55:00,2010-01-07 18:38:00,259.75,155,546,0.007326007326007326
12649.0,2096.65,8,1948,93,2011-08-24 14:41:00,2010-01-12 17:24:00,262.08125,107,588,0.013605442176870748
12650.0,242.44000000000003,1,250,19,2011-12-06 16:34:00,2011-12-06 16:34:00,242.44000000000003,3,0,1.0
12651.0,377.75,4,265,30,2011-01-09 12:46:00,2010-08-31 15:21:00,94.4375,335,130,0.03076923076923077
12652.0,891.03,2,529,50,2011-01-12 15:00:00,2010-10-01 15:16:00,445.515,331,102,0.0196078431372549
12653.0,4160.83,3,1681,76,2011-07-14 10:41:00,2010-07-01 09:56:00,1386.9433333333334,149,378,0.007936507936507936
12654.0,529.98,5,260,30,2011-11-29 10:10:00,2011-02-17 13:16:00,105.99600000000001,11,284,0.017605633802816902
12655.0,243.35000000000002,1,79,15,2010-10-12 09:17:00,2010-10-12 09:17:00,243.35000000000002,424,0,1.0
12656.0,5723.83,8,2822,173,2011-11-22 13:42:00,2010-05-26 09:00:00,715.47875,17,545,0.014678899082568808
12657.0,1427.18,4,1032,34,2011-11-28 15:47:00,2011-09-22 11:40:00,356.795,11,67,0.05970149253731343
12658.0,632.05,1,317,35,2011-11-21 10:22:00,2011-11-21 10:22:00,632.05,19,0,1.0
12659.0,73.68,1,104,4,2011-11-10 11:53:00,2011-11-10 11:53:00,73.68,30,0,1.0
12660.0,227.1,1,126,12,2011-11-28 13:26:00,2011-11-28 13:26:00,227.1,11,0,1.0
12661.0,162.0,1,216,11,2010-09-29 16:46:00,2010-09-29 16:46:00,162.0,436,0,1.0
12662.0,6130.54,20,3389,162,2011-12-09 11:59:00,2010-04-01 09:50:00,306.527,1,617,0.03241491085899514
12663.0,185.4,2,178,8,2010-03-25 09:40:00,2010-02-09 14:28:00,92.7,625,43,0.046511627906976744
12664.0,5420.04,11,1476,9,2011-12-01 17:07:00,2009-12-13 10:28:00,492.7309090909091,8,718,0.01532033426183844
12665.0,259.6,3,162,12,2011-01-19 08:34:00,2010-02-08 15:11:00,86.53333333333335,325,344,0.00872093023255814
12666.0,1248.42,1,370,31,2010-11-10 16:40:00,2010-11-10 16:40:00,1248.42,394,0,1.0
12667.0,460.13,1,391,32,2011-10-12 17:00:00,2011-10-12 17:00:00,460.13,58,0,1.0
12668.0,9906.03,9,4974,262,2011-11-28 10:56:00,2010-01-31 15:45:00,1100.67,12,665,0.013533834586466165
12669.0,1427.73,2,1104,96,2011-07-12 09:54:00,2011-03-28 10:15:00,713.865,151,105,0.01904761904761905
12670.0,3436.29,7,1609,70,2011-11-29 15:23:00,2010-02-11 10:13:00,490.8985714285714,10,656,0.010670731707317074
12671.0,2622.48,1,1459,44,2010-04-12 16:30:00,2010-04-12 16:30:00,2622.48,606,0,1.0
12672.0,407.05,2,136,21,2011-01-14 09:20:00,2010-04-23 09:57:00,203.525,330,265,0.007547169811320755
12673.0,1140.02,3,695,67,2011-12-04 13:55:00,2010-11-03 10:46:00,380.00666666666666,5,396,0.007575757575757576
12674.0,1844.6,4,1126,51,2011-11-01 12:12:00,2011-05-16 09:10:00,461.15,39,169,0.023668639053254437
12675.0,873.25,2,333,110,2010-06-04 09:49:00,2010-05-10 16:44:00,436.625,554,24,0.08333333333333333
12676.0,2333.09,10,1854,66,2011-11-15 12:25:00,2010-08-13 13:29:00,233.30900000000003,25,458,0.021834061135371178
12677.0,359.1,2,174,12,2010-06-02 14:30:00,2010-02-11 13:55:00,179.55,555,111,0.018018018018018018
12678.0,32595.18,15,22346,197,2011-10-28 13:04:00,2010-01-07 16:46:00,2173.012,42,658,0.022796352583586626
12679.0,951.02,4,545,42,2011-10-12 12:30:00,2011-03-01 12:26:00,237.755,59,225,0.017777777777777778
12680.0,790.81,4,439,32,2011-12-09 12:50:00,2011-08-18 15:44:00,197.7025,1,112,0.03571428571428571
12681.0,26936.76,44,16848,458,2011-11-25 11:33:00,2009-12-13 13:31:00,612.1990909090908,15,711,0.06188466947960619
12682.0,20736.22,51,10399,326,2011-12-06 10:00:00,2009-12-01 09:28:00,406.5925490196079,4,735,0.06938775510204082
12683.0,10445.7,20,6948,235,2011-12-05 16:28:00,2009-12-13 15:01:00,522.2850000000001,4,722,0.027700831024930747
12684.0,2073.63,6,1973,59,2011-12-02 09:53:00,2011-05-10 12:55:00,345.605,8,205,0.02926829268292683
12685.0,2575.08,6,1507,116,2011-11-11 13:46:00,2011-09-07 10:28:00,429.18,28,65,0.09230769230769231
12686.0,71.14,1,106,6,2010-12-03 09:51:00,2010-12-03 09:51:00,71.14,372,0,1.0
12687.0,1858.91,1,1402,125,2010-08-16 12:12:00,2010-08-16 12:12:00,1858.91,481,0,1.0
12688.0,4873.8099999999995,1,3028,171,2011-08-18 08:49:00,2011-08-18 08:49:00,4873.8099999999995,114,0,1.0
12689.0,1139.61,2,622,56,2011-11-14 08:31:00,2011-08-04 10:04:00,569.805,26,101,0.019801980198019802
12690.0,335.01,1,103,15,2011-05-18 09:09:00,2011-05-18 09:09:00,335.01,206,0,1.0
12691.0,1044.4,6,438,23,2011-11-11 16:49:00,2010-10-15 12:00:00,174.0666666666667,28,392,0.015306122448979591
12692.0,110.95,1,36,13,2010-03-12 14:02:00,2010-03-12 14:02:00,110.95,637,0,1.0
12693.0,1415.02,7,520,62,2011-08-04 17:51:00,2010-07-05 13:56:00,202.1457142857143,127,395,0.017721518987341773
12694.0,1663.35,3,1345,68,2011-09-30 13:06:00,2010-10-14 19:39:00,554.4499999999999,70,350,0.008571428571428572
12695.0,1371.1200000000001,7,452,45,2011-12-02 13:22:00,2010-02-12 13:22:00,195.87428571428572,7,658,0.010638297872340425
12696.0,731.91,2,561,42,2010-10-01 10:43:00,2010-07-19 10:02:00,365.955,435,74,0.02702702702702703
12697.0,757.59,3,503,36,2011-11-11 08:47:00,2011-06-23 15:44:00,252.53,29,140,0.02142857142857143
12698.0,285.75,1,108,15,2010-04-28 15:51:00,2010-04-28 15:51:00,285.75,590,0,1.0
12699.0,566.11,1,369,40,2010-10-18 12:07:00,2010-10-18 12:07:00,566.11,418,0,1.0
12700.0,4525.99,4,2944,192,2011-12-02 10:47:00,2011-05-08 16:10:00,1131.4975,8,207,0.01932367149758454
12701.0,2248.41,6,1716,117,2011-09-21 10:47:00,2010-03-16 13:23:00,374.73499999999996,80,553,0.0108499095840868
12702.0,201.0,1,52,11,2011-11-20 10:36:00,2011-11-20 10:36:00,201.0,20,0,1.0
12703.0,898.53,4,589,55,2011-09-29 17:52:00,2010-01-24 12:05:00,224.6325,71,613,0.0065252854812398045
12704.0,1740.84,8,991,63,2011-12-02 13:15:00,2011-06-23 10:20:00,217.605,7,162,0.04938271604938271
12705.0,11114.1,13,7152,319,2011-11-24 13:17:00,2010-06-24 09:51:00,854.9307692307692,15,518,0.025096525096525095
12707.0,603.42,1,256,33,2011-02-21 08:38:00,2011-02-21 08:38:00,603.42,292,0,1.0
12708.0,4559.66,18,2401,129,2011-11-10 09:52:00,2009-12-18 10:25:00,253.31444444444443,30,691,0.02604920405209841
12709.0,29571.76,33,13743,188,2011-11-24 15:38:00,2009-12-09 13:49:00,896.1139393939393,15,715,0.046153846153846156
12710.0,1023.02,3,844,74,2011-09-04 12:00:00,2011-05-22 14:05:00,341.00666666666666,97,104,0.028846153846153848
12711.0,1213.05,2,763,55,2010-04-07 11:59:00,2010-02-01 11:30:00,606.525,612,65,0.03076923076923077
12712.0,5985.03,21,2164,125,2011-11-11 08:19:00,2009-12-09 10:46:00,285.00142857142856,29,701,0.029957203994293864
12713.0,794.55,1,505,37,2011-12-09 12:16:00,2011-12-09 12:16:00,794.55,1,0,1.0
12714.0,12815.710000000001,12,8703,435,2011-11-30 15:43:00,2009-12-04 10:00:00,1067.9758333333334,9,726,0.01652892561983471
12715.0,263.36,1,190,19,2011-08-25 15:22:00,2011-08-25 15:22:00,263.36,106,0,1.0
12716.0,963.49,2,703,59,2011-12-06 08:55:00,2011-07-29 13:28:00,481.745,4,129,0.015503875968992248
12717.0,1058.91,3,595,59,2011-07-11 14:47:00,2010-04-28 14:34:00,352.97,151,439,0.00683371298405467
12718.0,202.25,1,201,18,2011-09-29 16:38:00,2011-09-29 16:38:00,202.25,71,0,1.0
12719.0,572.95,2,370,33,2011-12-04 13:45:00,2011-10-05 14:50:00,286.475,5,59,0.03389830508474576
12720.0,6905.28,29,5969,261,2011-12-07 08:03:00,2010-07-21 09:46:00,238.11310344827587,3,503,0.05765407554671968
12721.0,3635.08,8,2634,182,2011-11-08 12:13:00,2010-08-25 11:07:00,454.385,32,440,0.01818181818181818
12722.0,979.63,4,565,49,2011-09-15 14:50:00,2011-07-12 11:55:00,244.9075,85,65,0.06153846153846154
12723.0,707.07,5,433,52,2011-12-06 10:19:00,2011-10-05 15:52:00,141.41400000000002,4,61,0.08196721311475409
12724.0,2083.52,7,1366,93,2011-12-04 16:02:00,2010-06-22 14:00:00,297.6457142857143,5,530,0.013207547169811321
12725.0,1906.76,3,1136,91,2010-12-03 15:45:00,2010-05-04 13:59:00,635.5866666666667,371,213,0.014084507042253521
12726.0,3690.6,11,4600,62,2011-11-11 13:35:00,2010-03-25 16:25:00,335.5090909090909,28,595,0.018487394957983194
12727.0,4905.53,10,2789,131,2011-11-29 11:46:00,2010-02-23 09:54:00,490.553,11,644,0.015527950310559006
12728.0,926.17,5,535,47,2011-09-29 15:31:00,2010-11-21 11:34:00,185.23399999999998,71,312,0.016025641025641024
12729.0,417.01,1,231,25,2011-08-18 11:40:00,2011-08-18 11:40:00,417.01,114,0,1.0
12730.0,703.25,1,227,46,2010-07-06 12:19:00,2010-07-06 12:19:00,703.25,522,0,1.0
12731.0,25631.71,17,11633,136,2011-11-16 11:59:00,2010-03-02 09:23:00,1507.7476470588235,24,624,0.027243589743589744
12732.0,218.26000000000002,1,110,11,2011-06-13 11:33:00,2011-06-13 11:33:00,218.26000000000002,180,0,1.0
12733.0,2424.02,4,895,116,2011-04-19 16:19:00,2010-01-19 13:23:00,606.005,234,455,0.008791208791208791
12734.0,603.65,3,263,16,2010-12-22 12:47:00,2010-11-12 13:26:00,201.21666666666667,353,39,0.07692307692307693
12735.0,689.5699999999999,2,363,37,2011-01-28 13:37:00,2011-01-06 14:26:00,344.78499999999997,315,21,0.09523809523809523
12736.0,144.0,1,168,3,2011-01-11 07:57:00,2011-01-11 07:57:00,144.0,333,0,1.0
12738.0,137.35,1,147,10,2010-12-02 18:27:00,2010-12-02 18:27:00,137.35,372,0,1.0
12739.0,2421.23,2,948,83,2011-09-01 17:45:00,2010-11-10 14:27:00,1210.615,99,295,0.006779661016949152
12740.0,427.6,1,342,27,2011-10-07 10:44:00,2011-10-07 10:44:00,427.6,64,0,1.0
12741.0,236.07,1,213,15,2010-06-24 16:24:00,2010-06-24 16:24:00,236.07,533,0,1.0
12742.0,1201.52,1,1359,67,2010-03-24 12:43:00,2010-03-24 12:43:00,1201.52,626,0,1.0
12743.0,540.13,2,315,114,2011-07-28 16:21:00,2011-07-28 16:06:00,270.065,134,0,2.0
12744.0,13158.16,8,6987,244,2011-10-14 14:54:00,2010-04-27 16:19:00,1644.77,56,534,0.0149812734082397
12745.0,925.41,3,468,21,2010-08-10 10:14:00,2010-01-26 16:22:00,308.46999999999997,487,195,0.015384615384615385
12746.0,254.55,1,97,17,2010-06-17 10:41:00,2010-06-17 10:41:00,254.55,541,0,1.0
12747.0,8898.48,26,2640,85,2011-12-07 14:34:00,2009-12-07 13:23:00,342.24923076923073,2,730,0.03561643835616438
12748.0,49564.28,323,36854,2284,2011-12-09 12:20:00,2009-12-04 17:31:00,153.44978328173374,1,734,0.44005449591280654
12749.0,6847.36,9,2359,259,2011-12-06 09:56:00,2010-07-06 15:05:00,760.8177777777778,4,517,0.017408123791102514
12750.0,275.88,1,137,15,2011-08-03 09:13:00,2011-08-03 09:13:00,275.88,129,0,1.0
12751.0,268.27,1,189,61,2010-09-21 12:49:00,2010-09-21 12:49:00,268.27,445,0,1.0
12752.0,4366.78,1,2262,53,2011-09-19 13:32:00,2011-09-19 13:32:00,4366.78,81,0,1.0
12753.0,21429.39,6,11421,132,2011-11-17 10:52:00,2010-12-12 11:44:00,3571.565,23,339,0.017699115044247787
12754.0,3010.74,3,6481,49,2011-04-18 09:00:00,2011-02-04 10:31:00,1003.5799999999999,236,72,0.041666666666666664
12755.0,5236.259999999999,11,2293,34,2011-03-04 12:42:00,2010-01-15 11:57:00,476.0236363636363,281,413,0.026634382566585957
12756.0,112.07999999999998,1,144,4,2011-09-14 09:31:00,2011-09-14 09:31:00,112.07999999999998,87,0,1.0
12757.0,4176.75,9,2387,235,2011-11-24 12:30:00,2011-05-12 19:01:00,464.0833333333333,16,195,0.046153846153846156
12758.0,9903.24,7,6155,187,2011-08-15 10:22:00,2009-12-01 14:40:00,1414.7485714285715,117,621,0.011272141706924315
12759.0,4618.74,8,3177,205,2011-10-18 14:49:00,2009-12-04 10:47:00,577.3425,52,683,0.01171303074670571
12760.0,317.8,1,196,20,2010-09-10 08:50:00,2010-09-10 08:50:00,317.8,456,0,1.0
12761.0,712.95,1,277,25,2010-09-01 10:47:00,2010-09-01 10:47:00,712.95,465,0,1.0
12762.0,1702.52,2,1220,61,2011-12-02 10:23:00,2011-11-14 14:23:00,851.26,8,17,0.11764705882352941
12763.0,494.08,2,316,16,2011-07-24 14:12:00,2010-12-05 15:46:00,247.04,138,230,0.008695652173913044
12764.0,1693.88,1,386,45,2011-01-27 10:19:00,2011-01-27 10:19:00,1693.88,317,0,1.0
12765.0,1299.58,6,1002,48,2010-08-24 13:51:00,2010-03-08 09:43:00,216.59666666666666,472,169,0.03550295857988166
12766.0,8134.99,9,4994,252,2011-12-06 08:46:00,2010-10-28 09:29:00,903.8877777777777,4,403,0.022332506203473945
12767.0,949.82,1,598,43,2010-11-29 09:38:00,2010-11-29 09:38:00,949.82,376,0,1.0
12768.0,168.69000000000003,1,102,10,2010-09-15 12:08:00,2010-09-15 12:08:00,168.69000000000003,451,0,1.0
12769.0,1143.6,1,356,32,2011-04-15 10:25:00,2011-04-15 10:25:00,1143.6,239,0,1.0
12770.0,3246.45,2,1843,19,2011-05-13 09:33:00,2010-09-09 11:43:00,1623.225,211,245,0.00816326530612245
12771.0,226.3,1,102,14,2010-08-11 11:51:00,2010-08-11 11:51:00,226.3,486,0,1.0
12772.0,752.47,1,551,54,2011-10-11 09:19:00,2011-10-11 09:19:00,752.47,60,0,1.0
12773.0,124.25,1,109,6,2010-05-24 17:30:00,2010-05-24 17:30:00,124.25,564,0,1.0
12774.0,83.7,1,52,5,2010-06-22 10:38:00,2010-06-22 10:38:00,83.7,536,0,1.0
12775.0,1551.12,7,1074,54,2011-11-22 16:33:00,2010-10-26 14:24:00,221.5885714285714,17,392,0.017857142857142856
12776.0,27.5,1,45,3,2010-02-10 12:11:00,2010-02-10 12:11:00,27.5,668,0,1.0
12777.0,519.45,1,458,26,2010-09-08 11:35:00,2010-09-08 11:35:00,519.45,458,0,1.0
12778.0,1541.68,9,1720,76,2011-11-20 11:30:00,2010-04-16 09:57:00,171.29777777777778,20,583,0.015437392795883362
12779.0,6474.11,14,3501,142,2011-11-02 11:43:00,2009-12-03 07:25:00,462.43642857142856,38,699,0.020028612303290415
12780.0,322.4,1,284,19,2010-04-20 09:40:00,2010-04-20 09:40:00,322.4,599,0,1.0
12781.0,786.74,2,670,24,2011-10-07 10:37:00,2011-02-28 08:43:00,393.37,64,221,0.00904977375565611
12782.0,3862.2400000000002,11,1990,141,2011-12-05 09:16:00,2010-07-08 13:31:00,351.1127272727273,5,514,0.021400778210116732
12783.0,1295.87,4,611,74,2011-12-07 15:56:00,2011-09-25 15:35:00,323.9675,2,73,0.0547945205479452
12784.0,1511.15,2,853,120,2011-11-24 12:53:00,2010-06-28 13:06:00,755.575,15,513,0.003898635477582846
12785.0,904.4,3,446,41,2010-12-10 13:48:00,2009-12-08 13:56:00,301.46666666666664,364,366,0.00819672131147541
12786.0,668.5,1,320,17,2010-04-09 12:12:00,2010-04-09 12:12:00,668.5,610,0,1.0
12787.0,799.18,4,506,29,2011-11-30 08:44:00,2010-10-22 14:57:00,199.795,10,403,0.009925558312655087
12788.0,384.9,4,190,19,2010-09-02 14:21:00,2010-06-29 13:05:00,96.225,463,65,0.06153846153846154
12789.0,225.35,3,33,4,2011-10-05 13:34:00,2010-01-15 12:06:00,75.11666666666666,65,628,0.004777070063694267
12790.0,546.85,2,303,35,2011-05-31 14:14:00,2010-10-25 13:04:00,273.425,192,218,0.009174311926605505
12791.0,656.83,5,347,15,2010-12-01 11:27:00,2010-03-25 17:29:00,131.366,374,250,0.02
12792.0,715.01,2,390,38,2011-03-28 11:36:00,2010-06-23 10:49:00,357.505,257,278,0.007194244604316547
12793.0,745.53,3,456,33,2011-01-09 12:12:00,2010-11-03 13:05:00,248.51,335,66,0.045454545454545456
12794.0,860.41,2,592,43,2011-10-17 14:54:00,2011-09-02 12:01:00,430.205,53,45,0.044444444444444446
12795.0,318.48,1,64,13,2011-11-21 10:27:00,2011-11-21 10:27:00,318.48,19,0,1.0
12796.0,351.0,1,180,6,2010-03-21 15:49:00,2010-03-21 15:49:00,351.0,628,0,1.0
12797.0,468.08000000000004,2,212,26,2010-12-09 10:55:00,2010-10-11 12:53:00,234.04000000000002,366,58,0.034482758620689655
12798.0,8510.93,4,8455,27,2011-11-29 15:52:00,2010-10-14 12:27:00,2127.7325,10,411,0.009732360097323601
12799.0,219.35,1,137,15,2010-06-28 15:57:00,2010-06-28 15:57:00,219.35,529,0,1.0
12800.0,500.25,2,281,30,2010-08-26 14:11:00,2010-02-01 11:02:00,250.125,470,206,0.009708737864077669
12801.0,871.82,1,500,49,2010-07-27 09:38:00,2010-07-27 09:38:00,871.82,501,0,1.0
12802.0,2186.42,5,1956,106,2011-06-06 09:36:00,2010-05-25 09:34:00,437.284,187,377,0.013262599469496022
12803.0,1017.81,1,867,54,2010-11-11 14:57:00,2010-11-11 14:57:00,1017.81,393,0,1.0
12804.0,325.37,2,270,60,2010-08-31 11:58:00,2010-07-27 13:52:00,162.685,466,34,0.058823529411764705
12805.0,1230.95,4,581,43,2010-11-23 12:27:00,2010-02-03 09:06:00,307.7375,382,293,0.013651877133105802
12806.0,2558.96,2,2084,56,2010-05-16 13:49:00,2010-04-30 10:44:00,1279.48,572,16,0.125
12807.0,250.35,1,143,15,2010-11-21 14:21:00,2010-11-21 14:21:00,250.35,383,0,1.0
12808.0,748.7,5,321,45,2011-11-03 10:05:00,2010-09-03 10:24:00,149.74,37,425,0.011764705882352941
12809.0,1384.3400000000001,3,508,74,2011-06-15 10:51:00,2010-03-02 14:19:00,461.4466666666667,178,469,0.006396588486140725
12810.0,534.99,2,389,32,2010-06-23 10:53:00,2010-02-01 09:52:00,267.495,535,142,0.014084507042253521
12811.0,893.9,4,429,46,2011-03-23 10:55:00,2010-10-08 12:20:00,223.475,262,165,0.024242424242424242
12812.0,229.64000000000001,1,164,15,2011-10-26 09:54:00,2011-10-26 09:54:00,229.64000000000001,45,0,1.0
12813.0,1621.8,3,1134,36,2010-07-26 09:50:00,2010-01-15 16:52:00,540.6,502,191,0.015706806282722512
12814.0,85.92,1,48,1,2011-08-30 12:11:00,2011-08-30 12:11:00,85.92,102,0,1.0
12815.0,863.46,2,374,37,2011-07-15 10:21:00,2011-05-25 13:34:00,431.73,148,50,0.04
12816.0,452.20000000000005,2,125,26,2011-09-05 12:41:00,2011-06-16 13:24:00,226.10000000000002,96,80,0.025
12817.0,570.98,3,216,15,2011-03-03 16:28:00,2010-10-01 08:57:00,190.32666666666668,281,153,0.0196078431372549
12818.0,1182.0800000000002,1,920,13,2011-03-23 12:06:00,2011-03-23 12:06:00,1182.0800000000002,262,0,1.0
12819.0,540.52,1,344,19,2010-09-07 15:20:00,2010-09-07 15:20:00,540.52,458,0,1.0
12820.0,2689.52,11,1964,131,2011-12-06 15:12:00,2009-12-05 13:37:00,244.50181818181818,3,731,0.015047879616963064
12821.0,220.8,2,162,13,2011-05-09 15:51:00,2010-04-07 15:14:00,110.4,214,397,0.005037783375314861
12822.0,948.88,2,550,41,2011-09-30 10:04:00,2011-09-13 13:46:00,474.44,71,16,0.125
12823.0,6501.5,18,930,1,2011-09-26 07:35:00,2010-01-29 12:52:00,361.19444444444446,75,604,0.029801324503311258
12824.0,397.12,1,232,25,2011-10-11 12:49:00,2011-10-11 12:49:00,397.12,60,0,1.0
12825.0,518.63,2,139,20,2010-07-06 13:56:00,2010-03-08 10:17:00,259.315,521,120,0.016666666666666666
12826.0,2800.75,12,1915,93,2011-12-07 10:25:00,2009-12-18 10:43:00,233.39583333333334,3,718,0.016713091922005572
12827.0,430.15000000000003,3,197,19,2011-12-04 12:17:00,2011-10-26 15:44:00,143.38333333333335,6,38,0.07894736842105263
12828.0,1018.71,6,494,46,2011-12-07 08:45:00,2011-08-01 16:16:00,169.785,3,127,0.047244094488188976
12829.0,385.3,3,550,17,2011-01-07 11:13:00,2010-06-07 15:04:00,128.43333333333334,337,213,0.014084507042253521
12830.0,6814.64,6,9848,13,2011-11-02 11:54:00,2011-06-21 10:53:00,1135.7733333333333,38,134,0.04477611940298507
12831.0,451.11,3,303,16,2011-03-22 13:02:00,2010-09-02 15:58:00,150.37,262,200,0.015
12832.0,383.03,2,195,27,2011-11-07 13:30:00,2011-09-02 13:48:00,191.515,32,65,0.03076923076923077
12833.0,417.38,1,156,24,2011-07-17 13:46:00,2011-07-17 13:46:00,417.38,145,0,1.0
12834.0,312.38,1,110,18,2011-03-02 09:49:00,2011-03-02 09:49:00,312.38,283,0,1.0
12835.0,5996.83,41,2349,138,2010-10-08 10:59:00,2009-12-03 12:13:00,146.2641463414634,428,308,0.1331168831168831
12836.0,6559.7300000000005,15,2231,280,2011-10-11 15:10:00,2009-12-01 14:19:00,437.31533333333334,59,679,0.022091310751104567
12837.0,662.66,2,194,83,2011-06-19 16:07:00,2010-05-19 15:10:00,331.33,173,396,0.005050505050505051
12838.0,2975.91,10,1606,230,2011-11-06 12:20:00,2010-04-26 09:59:00,297.591,34,559,0.017889087656529516
12839.0,9669.12,26,6578,156,2011-12-07 12:33:00,2009-12-07 09:18:00,371.8892307692308,3,730,0.03561643835616438
12840.0,4041.97,7,2258,109,2011-07-19 09:29:00,2010-02-03 14:51:00,577.4242857142857,144,530,0.013207547169811321
12841.0,6958.2,40,5008,307,2011-12-05 11:13:00,2010-07-08 15:38:00,173.95499999999998,5,514,0.07782101167315175
12842.0,1917.99,4,887,45,2011-09-30 15:33:00,2009-12-02 08:15:00,479.4975,70,667,0.005997001499250375
12843.0,6461.87,28,3025,127,2011-10-05 12:09:00,2009-12-13 11:41:00,230.78107142857144,66,661,0.04236006051437216
12844.0,648.6,4,223,88,2011-11-10 13:31:00,2010-04-25 11:51:00,162.15,29,564,0.0070921985815602835
12845.0,354.09,4,204,26,2011-03-17 13:34:00,2011-02-22 14:10:00,88.5225,267,22,0.18181818181818182
12846.0,15.58,1,1,1,2010-01-26 16:29:00,2010-01-26 16:29:00,15.58,682,0,1.0
12847.0,1609.0,2,1497,100,2011-11-17 13:16:00,2010-11-17 12:44:00,804.5,22,365,0.005479452054794521
12848.0,208.0,1,58,16,2010-02-02 12:45:00,2010-02-02 12:45:00,208.0,676,0,1.0
12849.0,3015.98,6,1834,122,2011-11-08 13:41:00,2010-04-27 13:44:00,502.66333333333336,31,559,0.01073345259391771
12850.0,330.0,1,200,2,2010-09-20 12:26:00,2010-09-20 12:26:00,330.0,446,0,1.0
12851.0,280.76,2,157,71,2011-09-04 12:41:00,2010-08-19 15:13:00,140.38,97,380,0.005263157894736842
12852.0,311.55,1,149,17,2011-02-18 08:47:00,2011-02-18 08:47:00,311.55,295,0,1.0
12853.0,3907.5,11,1668,111,2011-07-28 11:29:00,2010-02-05 11:57:00,355.22727272727275,135,537,0.020484171322160148
12854.0,2970.9700000000003,7,1630,188,2011-09-22 12:15:00,2009-12-11 12:55:00,424.42428571428576,79,649,0.01078582434514638
12855.0,612.84,4,240,65,2010-12-02 09:37:00,2010-11-02 18:16:00,153.21,373,29,0.13793103448275862
12856.0,2170.78,6,1076,155,2011-12-02 10:52:00,2011-10-07 12:38:00,361.7966666666667,8,55,0.10909090909090909
12857.0,3688.0,6,1420,71,2011-05-13 10:20:00,2010-01-25 15:37:00,614.6666666666666,211,472,0.012711864406779662
12858.0,147.27,1,51,36,2010-11-21 12:55:00,2010-11-21 12:55:00,147.27,383,0,1.0
12859.0,575.1,1,292,21,2010-09-07 12:20:00,2010-09-07 12:20:00,575.1,459,0,1.0
12860.0,54.22,1,26,16,2010-01-15 15:22:00,2010-01-15 15:22:00,54.22,693,0,1.0
12861.0,68.25,1,27,4,2010-03-30 11:39:00,2010-03-30 11:39:00,68.25,620,0,1.0
12862.0,984.62,2,611,119,2010-10-10 11:47:00,2010-08-01 15:20:00,492.31,426,69,0.028985507246376812
12863.0,2792.5499999999997,6,895,24,2011-10-18 14:15:00,2010-04-29 13:54:00,465.42499999999995,52,537,0.0111731843575419
12864.0,299.57,2,447,5,2011-07-24 13:03:00,2010-07-19 17:22:00,149.785,138,369,0.005420054200542005
12865.0,3323.47,4,1973,156,2011-11-13 14:31:00,2010-08-20 12:20:00,830.8675,26,450,0.008888888888888889
12866.0,1092.35,3,544,57,2011-03-01 14:11:00,2010-07-25 11:37:00,364.1166666666666,283,219,0.0136986301369863
12867.0,7829.26,13,7876,365,2011-11-13 15:30:00,2009-12-16 16:25:00,602.2507692307693,26,696,0.01867816091954023
12868.0,2043.76,8,1170,86,2011-06-07 10:42:00,2010-11-12 10:05:00,255.47,186,207,0.03864734299516908
12869.0,337.66999999999996,1,144,35,2010-01-27 12:10:00,2010-01-27 12:10:00,337.66999999999996,682,0,1.0
12870.0,1676.95,3,906,85,2010-11-29 13:42:00,2010-03-25 14:32:00,558.9833333333333,375,248,0.012096774193548387
12871.0,744.02,3,484,13,2011-09-16 15:07:00,2010-09-26 10:34:00,248.00666666666666,84,355,0.008450704225352112
12872.0,3283.96,12,1642,217,2011-01-17 10:52:00,2009-12-03 20:03:00,273.66333333333336,327,409,0.029339853300733496
12873.0,2027.3,3,786,33,2011-03-02 14:58:00,2010-01-27 09:50:00,675.7666666666667,282,399,0.007518796992481203
12874.0,873.42,2,618,43,2010-11-19 15:23:00,2010-06-03 12:51:00,436.71,385,169,0.011834319526627219
12875.0,1356.99,5,5187,2,2011-07-19 15:30:00,2010-01-11 12:37:00,271.398,143,554,0.009025270758122744
12876.0,3751.79,4,3025,116,2011-10-13 12:26:00,2010-04-28 13:26:00,937.9475,58,532,0.007518796992481203
12877.0,2942.14,20,2237,149,2011-12-06 10:30:00,2010-01-18 10:23:00,147.107,4,687,0.02911208151382824
12878.0,854.99,2,547,38,2011-04-17 13:07:00,2011-03-18 14:02:00,427.495,236,29,0.06896551724137931
12879.0,573.22,3,370,7,2011-10-26 12:24:00,2011-09-09 12:11:00,191.07333333333335,45,47,0.06382978723404255
12880.0,640.13,2,279,32,2010-11-23 10:50:00,2010-05-14 11:57:00,320.065,382,192,0.010416666666666666
12881.0,298.0,1,21,7,2011-03-09 11:44:00,2011-03-09 11:44:00,298.0,276,0,1.0
12882.0,1463.04,2,246,12,2011-11-30 16:18:00,2011-11-06 11:22:00,731.52,9,24,0.08333333333333333
12883.0,703.47,4,196,39,2011-11-15 09:32:00,2011-09-11 15:18:00,175.8675,25,64,0.0625
12884.0,309.05,1,43,7,2011-09-12 13:10:00,2011-09-12 13:10:00,309.05,88,0,1.0
12885.0,1175.22,3,655,66,2011-10-07 13:40:00,2011-08-08 11:45:00,391.74,63,60,0.05
12886.0,1378.4,2,770,75,2011-10-03 10:09:00,2011-05-04 11:21:00,689.2,68,151,0.013245033112582781
12887.0,222.4,1,100,13,2010-11-21 11:18:00,2010-11-21 11:18:00,222.4,384,0,1.0
12888.0,354.12,2,76,4,2011-05-09 16:02:00,2011-03-29 14:31:00,177.06,214,41,0.04878048780487805
12889.0,385.46000000000004,4,124,25,2010-11-23 16:08:00,2010-07-25 14:32:00,96.36500000000001,381,121,0.03305785123966942
12890.0,706.02,2,457,124,2011-11-15 17:26:00,2010-11-17 14:05:00,353.01,24,363,0.005509641873278237
12891.0,840.5,11,2325,2,2011-06-07 12:31:00,2010-02-18 14:32:00,76.4090909090909,186,473,0.023255813953488372
12892.0,263.38,1,140,18,2010-11-08 09:51:00,2010-11-08 09:51:00,263.38,397,0,1.0
12893.0,176.55,1,90,27,2011-11-09 12:34:00,2011-11-09 12:34:00,176.55,31,0,1.0
12894.0,157.35,1,33,21,2010-05-13 14:47:00,2010-05-13 14:47:00,157.35,575,0,1.0
12895.0,372.8,2,210,22,2011-10-28 13:51:00,2011-09-14 08:35:00,186.4,42,44,0.045454545454545456
12897.0,514.25,4,249,10,2011-05-19 12:13:00,2010-06-14 11:58:00,128.5625,205,339,0.011799410029498525
12898.0,296.21000000000004,2,235,27,2010-09-02 08:08:00,2010-02-18 12:36:00,148.10500000000002,464,195,0.010256410256410256
12899.0,366.4,1,108,17,2010-10-22 09:53:00,2010-10-22 09:53:00,366.4,414,0,1.0
12900.0,340.33,1,139,13,2010-10-13 15:17:00,2010-10-13 15:17:00,340.33,422,0,1.0
12901.0,17654.54,28,23075,30,2011-12-01 10:07:00,2011-03-14 10:41:00,630.5192857142857,9,261,0.10727969348659004
12902.0,138.68,1,66,10,2011-03-20 12:06:00,2011-03-20 12:06:00,138.68,265,0,1.0
12903.0,833.53,1,493,41,2010-10-07 12:39:00,2010-10-07 12:39:00,833.53,429,0,1.0
12904.0,496.06,2,294,59,2011-11-21 14:34:00,2011-06-20 13:18:00,248.03,18,154,0.012987012987012988
12905.0,1018.42,2,532,52,2010-05-12 10:05:00,2010-01-26 14:06:00,509.21,577,105,0.01904761904761905
12906.0,2919.81,5,1749,55,2011-11-28 09:55:00,2011-09-22 15:03:00,583.962,12,66,0.07575757575757576
12907.0,508.91,2,177,23,2010-11-09 12:08:00,2010-08-02 14:33:00,254.455,396,98,0.02040816326530612
12908.0,1776.0,5,3000,1,2011-06-16 15:39:00,2010-03-19 15:59:00,355.2,176,453,0.011037527593818985
12909.0,3103.19,8,1948,120,2011-10-31 12:43:00,2010-02-24 12:14:00,387.89875,40,614,0.013029315960912053
12910.0,5796.52,13,3632,75,2011-11-16 14:28:00,2010-03-28 13:10:00,445.8861538461539,23,598,0.021739130434782608
12911.0,1651.72,1,807,220,2010-06-06 12:13:00,2010-06-06 12:13:00,1651.72,552,0,1.0
12912.0,1662.3,5,670,17,2011-12-07 08:55:00,2011-10-30 11:35:00,332.46,3,37,0.13513513513513514
12913.0,6283.24,13,3086,52,2011-12-05 12:11:00,2009-12-01 12:18:00,483.32615384615383,5,733,0.017735334242837655
12914.0,223.98,1,336,9,2010-11-04 12:28:00,2010-11-04 12:28:00,223.98,401,0,1.0
12915.0,975.1,4,411,46,2011-07-14 11:34:00,2010-04-29 19:36:00,243.775,149,440,0.00909090909090909
12916.0,4479.73,7,1681,82,2011-07-24 10:35:00,2010-01-24 11:26:00,639.9614285714285,139,545,0.012844036697247707
12917.0,4359.2,6,1104,45,2011-08-03 16:42:00,2009-12-09 14:22:00,726.5333333333333,128,602,0.009966777408637873
12919.0,1335.19,6,673,34,2011-12-01 13:47:00,2011-06-23 09:22:00,222.53166666666667,8,161,0.037267080745341616
12920.0,486.64,4,420,59,2011-11-22 15:05:00,2009-12-14 15:58:00,121.66,17,707,0.005657708628005658
12921.0,35233.24,74,21328,322,2011-11-30 16:22:00,2009-12-01 13:43:00,476.12486486486483,9,729,0.10150891632373114
12922.0,405.38,1,370,28,2011-07-01 15:35:00,2011-07-01 15:35:00,405.38,161,0,1.0
12923.0,769.17,3,229,53,2011-10-06 16:20:00,2010-05-13 14:55:00,256.39,64,511,0.005870841487279843
12924.0,2461.45,12,1422,55,2011-09-12 13:55:00,2009-12-09 12:40:00,205.1208333333333,88,642,0.018691588785046728
12925.0,729.3299999999999,3,649,46,2011-12-05 11:11:00,2010-04-26 10:32:00,243.10999999999999,5,588,0.00510204081632653
12926.0,1523.59,4,752,201,2010-10-24 15:57:00,2009-12-14 14:35:00,380.8975,411,314,0.012738853503184714
12927.0,197.31,1,145,11,2010-11-10 10:02:00,2010-11-10 10:02:00,197.31,395,0,1.0
12928.0,4304.89,12,2899,94,2011-11-04 14:24:00,2010-06-08 10:16:00,358.74083333333334,35,514,0.023346303501945526
12929.0,117.85,1,37,8,2011-02-01 12:08:00,2011-02-01 12:08:00,117.85,312,0,1.0
12930.0,415.8,2,252,20,2011-09-22 15:18:00,2011-06-21 13:25:00,207.9,78,93,0.021505376344086023
12931.0,92347.34,57,62906,37,2011-11-18 12:39:00,2009-12-01 11:46:00,1620.1287719298246,22,717,0.0794979079497908
12932.0,1698.56,8,1609,69,2010-06-18 14:22:00,2010-02-10 08:46:00,212.32,539,128,0.0625
12933.0,1636.6299999999999,8,949,227,2011-11-15 16:38:00,2009-12-10 16:39:00,204.57874999999999,24,704,0.011363636363636364
12934.0,181.65,1,31,2,2009-12-03 10:51:00,2009-12-03 10:51:00,181.65,737,0,1.0
12935.0,4243.86,15,3201,113,2011-12-07 17:25:00,2010-04-11 15:59:00,282.924,2,605,0.024793388429752067
12936.0,1063.9,4,559,56,2011-11-22 17:32:00,2011-09-22 13:51:00,265.975,17,61,0.06557377049180328
12937.0,3097.61,9,1983,128,2011-11-24 15:05:00,2009-12-03 15:43:00,344.1788888888889,15,720,0.0125
12938.0,114.14,1,140,9,2011-11-14 11:21:00,2011-11-14 11:21:00,114.14,26,0,1.0
12939.0,25264.8,20,10328,24,2011-10-06 14:33:00,2010-01-12 11:27:00,1263.24,64,632,0.03164556962025317
12940.0,899.69,2,404,87,2011-10-16 12:09:00,2011-09-13 10:16:00,449.845,55,33,0.06060606060606061
12941.0,377.49,1,381,27,2009-12-15 13:12:00,2009-12-15 13:12:00,377.49,724,0,1.0
12942.0,675.6,3,198,68,2011-07-31 14:39:00,2010-12-09 09:34:00,225.20000000000002,131,234,0.01282051282051282
12943.0,496.5,2,222,22,2010-05-30 13:52:00,2010-04-13 11:03:00,248.25,558,47,0.0425531914893617
12944.0,604.51,2,289,29,2011-11-04 11:04:00,2010-12-20 10:41:00,302.255,36,319,0.006269592476489028
12945.0,900.11,2,446,47,2011-02-24 14:15:00,2010-02-21 15:18:00,450.055,288,367,0.005449591280653951
12946.0,324.45,1,149,20,2010-09-29 10:14:00,2010-09-29 10:14:00,324.45,437,0,1.0
12947.0,1603.99,6,1165,83,2011-07-19 10:06:00,2010-12-01 16:21:00,267.33166666666665,144,229,0.026200873362445413
12948.0,2317.43,9,1304,89,2011-11-23 17:10:00,2009-12-02 12:28:00,257.4922222222222,16,721,0.012482662968099861
12949.0,15526.7,22,8233,347,2011-11-09 11:25:00,2009-12-03 15:56:00,705.7590909090909,31,705,0.031205673758865248
12950.0,1843.0,3,1380,13,2011-12-07 13:17:00,2011-11-15 13:48:00,614.3333333333334,2,21,0.14285714285714285
12951.0,3213.7200000000003,15,1662,110,2011-12-01 12:14:00,2010-01-10 12:43:00,214.24800000000002,9,689,0.02177068214804064
12952.0,1387.79,4,653,64,2011-12-04 10:35:00,2011-09-22 16:37:00,346.9475,6,72,0.05555555555555555
12953.0,828.8100000000001,2,364,45,2011-11-30 09:24:00,2010-07-05 13:37:00,414.40500000000003,10,512,0.00390625
12954.0,162.45,1,83,10,2010-03-11 10:16:00,2010-03-11 10:16:00,162.45,639,0,1.0
12955.0,4757.16,11,3664,81,2011-12-08 16:29:00,2011-03-17 09:03:00,432.4690909090909,1,266,0.041353383458646614
12956.0,521.89,4,340,42,2011-02-06 16:08:00,2009-12-15 19:03:00,130.4725,306,417,0.009592326139088728
12957.0,8706.97,13,4686,402,2011-11-30 09:53:00,2009-12-11 12:01:00,669.766923076923,10,718,0.018105849582172703
12958.0,467.34,2,118,45,2010-11-04 16:16:00,2010-05-05 16:22:00,233.67,400,182,0.01098901098901099
12959.0,150.95,1,109,8,2010-08-12 17:20:00,2010-08-12 17:20:00,150.95,484,0,1.0
12960.0,1322.07,4,1379,49,2010-10-22 09:31:00,2010-02-16 13:32:00,330.5175,414,247,0.016194331983805668
12961.0,211.99,1,180,37,2010-11-25 16:44:00,2010-11-25 16:44:00,211.99,379,0,1.0
12962.0,266.39,2,129,15,2011-12-02 15:55:00,2011-08-18 13:38:00,133.195,7,106,0.018867924528301886
12963.0,3235.79,12,1637,129,2011-12-01 12:55:00,2010-07-08 14:45:00,269.64916666666664,8,510,0.023529411764705882
12964.0,132.24,1,56,26,2010-09-28 17:47:00,2010-09-28 17:47:00,132.24,437,0,1.0
12965.0,769.8100000000001,1,282,108,2011-09-11 15:31:00,2011-09-11 15:31:00,769.8100000000001,89,0,1.0
12966.0,160.18,1,75,10,2011-11-30 12:38:00,2011-11-30 12:38:00,160.18,10,0,1.0
12967.0,2938.52,3,912,47,2010-12-16 19:10:00,2010-11-21 11:03:00,979.5066666666667,358,25,0.12
12968.0,135.95,1,73,5,2011-08-19 15:44:00,2011-08-19 15:44:00,135.95,112,0,1.0
12969.0,122.45,1,55,5,2010-04-16 10:50:00,2010-04-16 10:50:00,122.45,603,0,1.0
12970.0,1452.54,10,952,279,2011-12-02 14:30:00,2009-12-04 14:19:00,145.254,7,728,0.013736263736263736
12971.0,15704.6,116,14306,102,2011-12-06 12:20:00,2009-12-15 19:04:00,135.3844827586207,4,720,0.16111111111111112
12972.0,1161.2,4,844,69,2010-10-22 08:41:00,2010-02-16 14:30:00,290.3,414,247,0.016194331983805668
12973.0,385.55,1,31,6,2010-10-22 10:14:00,2010-10-22 10:14:00,385.55,414,0,1.0
12974.0,408.95,2,104,27,2011-05-26 09:33:00,2010-05-23 11:45:00,204.475,198,367,0.005449591280653951
12975.0,2100.09,6,911,92,2010-09-29 09:46:00,2009-12-06 10:38:00,350.01500000000004,437,296,0.02027027027027027
12976.0,3156.38,8,2684,106,2011-05-12 09:55:00,2010-02-12 15:46:00,394.5475,212,453,0.017660044150110375
12977.0,513.88,4,128,54,2011-07-06 16:40:00,2010-07-16 16:25:00,128.47,156,355,0.011267605633802818
12978.0,2502.82,5,1394,126,2010-11-19 14:29:00,2009-12-10 12:10:00,500.564,385,344,0.014534883720930232
12979.0,517.7,1,520,56,2009-12-10 15:45:00,2009-12-10 15:45:00,517.7,729,0,1.0
12980.0,16245.78,21,1910,7,2011-07-05 09:34:00,2009-12-02 11:26:00,773.6085714285715,158,579,0.03626943005181347
12981.0,372.21999999999997,2,242,12,2011-11-10 12:00:00,2011-07-29 14:14:00,186.10999999999999,30,103,0.019417475728155338
12982.0,2744.81,8,1729,139,2011-04-11 11:51:00,2010-04-12 13:50:00,343.10125,243,363,0.02203856749311295
12983.0,490.08000000000004,1,638,30,2010-04-20 12:58:00,2010-04-20 12:58:00,490.08000000000004,598,0,1.0
12984.0,97.5,1,26,4,2011-11-21 12:37:00,2011-11-21 12:37:00,97.5,19,0,1.0
12985.0,1239.38,2,1533,73,2011-12-09 10:46:00,2011-11-11 12:44:00,619.69,1,27,0.07407407407407407
12986.0,2729.84,10,1164,61,2010-10-07 11:57:00,2010-01-21 10:45:00,272.98400000000004,429,259,0.03861003861003861
12987.0,1312.21,5,585,61,2011-09-27 12:03:00,2010-01-20 09:57:00,262.442,74,615,0.008130081300813009
12988.0,505.82,1,126,75,2011-02-20 14:31:00,2011-02-20 14:31:00,505.82,292,0,1.0
12989.0,13551.75,33,6935,50,2011-12-06 15:28:00,2009-12-10 13:27:00,410.65909090909093,3,726,0.045454545454545456
12990.0,955.5,7,480,9,2011-11-08 13:01:00,2010-03-30 11:36:00,136.5,31,588,0.011904761904761904
12991.0,764.82,3,483,45,2011-11-16 15:34:00,2010-11-15 13:43:00,254.94000000000003,23,366,0.00819672131147541
12992.0,93.35000000000001,1,21,6,2009-12-14 16:46:00,2009-12-14 16:46:00,93.35000000000001,725,0,1.0
12993.0,1259.6299999999999,8,751,57,2011-11-16 15:49:00,2010-02-18 10:35:00,157.45374999999999,23,636,0.012578616352201259
12994.0,974.4200000000001,3,459,52,2011-12-05 15:43:00,2011-03-16 08:31:00,324.8066666666667,4,264,0.011363636363636364
12995.0,211.32,1,108,3,2011-09-15 15:44:00,2011-09-15 15:44:00,211.32,85,0,1.0
12996.0,355.5,1,122,22,2010-11-29 09:27:00,2010-11-29 09:27:00,355.5,376,0,1.0
12997.0,2110.91,8,1186,65,2011-11-17 15:47:00,2010-04-06 11:06:00,263.86375,22,590,0.013559322033898305
12998.0,920.08,3,1124,58,2010-08-04 08:05:00,2010-02-24 11:55:00,306.6933333333333,493,160,0.01875
12999.0,455.88,3,342,25,2011-05-27 13:24:00,2011-04-08 10:26:00,151.96,196,49,0.061224489795918366
13000.0,1032.5,4,548,57,2011-08-25 10:43:00,2009-12-14 17:03:00,258.125,107,618,0.006472491909385114
13001.0,24042.65,33,13448,300,2011-12-05 14:51:00,2009-12-03 16:21:00,728.5651515151516,4,731,0.04514363885088919
13002.0,414.13,3,201,19,2011-01-25 15:18:00,2010-10-01 11:58:00,138.04333333333332,318,116,0.02586206896551724
13003.0,149.05,3,103,4,2011-08-26 10:50:00,2011-05-09 08:23:00,49.68333333333334,106,109,0.027522935779816515
13004.0,11650.85,36,8768,417,2011-11-28 11:27:00,2009-12-15 09:44:00,323.63472222222225,12,713,0.05049088359046283
13005.0,999.68,4,462,41,2011-06-19 10:53:00,2010-09-08 12:52:00,249.92,174,283,0.014134275618374558
13006.0,81.57,1,55,4,2011-10-14 13:49:00,2011-10-14 13:49:00,81.57,56,0,1.0
13007.0,175.25,1,59,11,2010-05-09 10:38:00,2010-05-09 10:38:00,175.25,580,0,1.0
13008.0,612.13,3,379,31,2011-01-20 14:24:00,2009-12-16 16:07:00,204.04333333333332,323,399,0.007518796992481203
13009.0,234.0,1,120,4,2010-02-05 12:22:00,2010-02-05 12:22:00,234.0,673,0,1.0
13010.0,330.12,2,323,10,2010-11-30 15:09:00,2010-03-01 11:28:00,165.06,374,274,0.0072992700729927005
13011.0,50.550000000000004,1,13,3,2010-12-02 17:22:00,2010-12-02 17:22:00,50.550000000000004,372,0,1.0
13012.0,2957.83,11,1559,95,2011-11-30 13:05:00,2010-04-26 14:14:00,268.89363636363635,9,582,0.018900343642611683
13013.0,11097.43,29,5661,289,2011-12-08 15:01:00,2009-12-14 10:34:00,382.67,1,724,0.04005524861878453
13014.0,5381.08,11,1979,140,2011-11-29 12:27:00,2010-10-03 11:35:00,489.1890909090909,11,422,0.026066350710900472
13015.0,6579.78,11,3527,260,2011-10-17 13:19:00,2010-04-15 16:35:00,598.1618181818181,53,549,0.020036429872495445
13016.0,789.89,3,527,39,2011-09-27 14:08:00,2011-08-08 15:00:00,263.2966666666667,73,49,0.061224489795918366
13017.0,204.0,1,48,1,2011-12-02 15:53:00,2011-12-02 15:53:00,204.0,7,0,1.0
13018.0,9763.16,35,6746,401,2011-11-23 13:28:00,2010-03-01 12:34:00,278.9474285714286,16,632,0.055379746835443035
13019.0,1229.95,6,397,46,2010-11-25 14:56:00,2009-12-06 15:40:00,204.99166666666667,379,353,0.0169971671388102
13020.0,618.96,2,278,38,2010-05-26 11:12:00,2010-02-18 10:35:00,309.48,563,97,0.020618556701030927
13021.0,4887.24,17,2546,166,2011-12-05 16:37:00,2009-12-05 12:02:00,287.48470588235296,4,730,0.023287671232876714
13022.0,50.3,1,34,4,2010-10-06 10:50:00,2010-10-06 10:50:00,50.3,430,0,1.0
13023.0,1251.03,3,573,68,2011-10-06 16:27:00,2010-06-29 09:51:00,417.01,64,464,0.00646551724137931
13024.0,555.87,2,181,26,2010-08-26 09:42:00,2010-05-06 14:25:00,277.935,471,111,0.018018018018018018
13025.0,323.39,1,241,13,2009-12-08 10:02:00,2009-12-08 10:02:00,323.39,732,0,1.0
13026.0,1733.08,9,2466,52,2011-12-08 16:58:00,2009-12-13 11:34:00,192.56444444444443,1,725,0.012413793103448275
13027.0,17239.2,19,42840,7,2011-08-18 09:39:00,2010-01-20 10:41:00,907.3263157894737,114,574,0.033101045296167246
13028.0,661.3199999999999,2,798,40,2011-11-17 11:10:00,2011-10-25 14:09:00,330.65999999999997,23,22,0.09090909090909091
13029.0,1927.3,5,194,13,2011-11-09 09:13:00,2010-07-04 13:46:00,385.46,31,492,0.01016260162601626
13030.0,752.4399999999999,2,348,76,2011-11-28 14:30:00,2010-12-06 14:31:00,376.21999999999997,11,356,0.0056179775280898875
13031.0,3292.84,5,2309,275,2010-10-28 15:34:00,2010-06-03 14:57:00,658.568,407,147,0.034013605442176874
13032.0,2815.96,9,1274,147,2011-10-18 15:54:00,2010-09-05 14:01:00,312.88444444444445,52,408,0.022058823529411766
13033.0,220.55,2,98,12,2010-12-17 14:23:00,2010-10-06 09:37:00,110.275,357,72,0.027777777777777776
13034.0,756.82,3,406,42,2011-10-16 12:21:00,2010-11-03 15:22:00,252.27333333333334,55,346,0.008670520231213872
13035.0,1364.2,3,926,27,2011-09-27 08:57:00,2010-10-04 15:41:00,454.73333333333335,74,357,0.008403361344537815
13036.0,307.1,1,38,6,2010-01-24 11:35:00,2010-01-24 11:35:00,307.1,685,0,1.0
13037.0,3914.9500000000003,12,2130,181,2011-07-24 15:46:00,2009-12-03 17:04:00,326.24583333333334,138,597,0.020100502512562814
13038.0,908.46,3,360,24,2011-09-20 14:37:00,2011-02-22 11:43:00,302.82,80,210,0.014285714285714285
13039.0,1010.73,4,290,37,2010-05-04 16:45:00,2009-12-17 16:43:00,252.6825,584,138,0.028985507246376812
13040.0,676.99,2,355,38,2011-12-01 10:38:00,2011-11-06 13:53:00,338.495,9,24,0.08333333333333333
13041.0,799.13,4,335,23,2010-09-15 11:44:00,2010-04-29 08:43:00,199.7825,451,139,0.02877697841726619
13042.0,1488.59,3,812,164,2010-04-20 13:43:00,2009-12-07 15:42:00,496.19666666666666,598,133,0.022556390977443608
13043.0,516.42,1,254,13,2011-03-11 14:52:00,2011-03-11 14:52:00,516.42,273,0,1.0
13044.0,4848.05,11,2548,356,2011-02-21 15:20:00,2010-01-08 14:46:00,440.7318181818182,291,409,0.02689486552567237
13045.0,808.92,3,405,41,2011-09-01 15:04:00,2010-08-10 13:02:00,269.64,99,387,0.007751937984496124
13046.0,949.25,3,505,50,2011-11-09 08:36:00,2010-09-09 13:09:00,316.4166666666667,31,425,0.007058823529411765
13047.0,8423.58,23,3327,189,2011-10-14 11:15:00,2009-12-16 11:43:00,366.24260869565217,57,666,0.03453453453453453
13048.0,4049.13,9,2661,125,2011-11-25 13:23:00,2010-01-27 12:55:00,449.90333333333336,14,667,0.013493253373313344
13049.0,1408.24,4,620,19,2011-10-06 15:31:00,2010-11-03 15:39:00,352.06,64,336,0.011904761904761904
13050.0,11877.29,34,6987,512,2011-11-25 09:18:00,2009-12-15 15:06:00,349.33205882352945,15,709,0.047954866008462625
13051.0,155.8,2,72,4,2010-05-10 09:14:00,2010-03-30 11:11:00,77.9,579,40,0.05
13052.0,3118.48,7,1423,160,2011-05-11 14:12:00,2010-02-23 12:31:00,445.4971428571429,212,442,0.01583710407239819
13053.0,127.65,1,47,17,2010-03-28 11:28:00,2010-03-28 11:28:00,127.65,622,0,1.0
13055.0,2321.11,4,1821,145,2011-09-22 14:26:00,2010-10-06 08:17:00,580.2775,78,351,0.011396011396011397
13056.0,209.48,1,158,18,2010-06-06 14:10:00,2010-06-06 14:10:00,209.48,551,0,1.0
13057.0,709.59,3,456,34,2010-06-27 15:44:00,2010-03-18 12:14:00,236.53,530,101,0.0297029702970297
13058.0,271.40000000000003,3,52,5,2011-11-15 12:43:00,2011-07-11 12:01:00,90.46666666666668,25,127,0.023622047244094488
13059.0,2291.77,10,860,155,2011-04-04 10:40:00,2010-03-31 12:23:00,229.177,250,368,0.02717391304347826
13060.0,307.53,1,123,15,2011-03-31 11:37:00,2011-03-31 11:37:00,307.53,254,0,1.0
13061.0,248.61,1,107,10,2011-09-28 16:04:00,2011-09-28 16:04:00,248.61,72,0,1.0
13062.0,346.98,1,343,11,2011-06-01 15:12:00,2011-06-01 15:12:00,346.98,191,0,1.0
13063.0,188.4,1,116,12,2010-08-16 12:27:00,2010-08-16 12:27:00,188.4,481,0,1.0
13064.0,1666.8400000000001,6,668,58,2011-11-27 12:31:00,2010-04-27 10:08:00,277.8066666666667,13,579,0.010362694300518135
13065.0,1055.05,5,381,49,2010-12-01 16:52:00,2010-06-10 11:44:00,211.01,373,174,0.028735632183908046
13066.0,470.8,2,322,48,2011-11-15 12:57:00,2011-11-07 17:06:00,235.4,24,7,0.2857142857142857
13067.0,508.51,3,131,24,2011-09-18 13:38:00,2010-09-19 13:43:00,169.50333333333333,82,363,0.008264462809917356
13068.0,344.0,2,200,1,2011-11-29 15:00:00,2011-01-24 08:20:00,172.0,10,309,0.006472491909385114
13069.0,9284.45,38,15171,573,2011-12-09 08:39:00,2010-06-14 14:27:00,244.32763157894738,1,542,0.07011070110701106
13070.0,751.7,4,372,12,2011-05-31 13:45:00,2009-12-07 14:44:00,187.925,192,539,0.0074211502782931356
13071.0,129.22,1,30,12,2010-04-06 13:37:00,2010-04-06 13:37:00,129.22,612,0,1.0
13072.0,177.15,1,69,7,2011-03-18 08:12:00,2011-03-18 08:12:00,177.15,267,0,1.0
13073.0,418.08,2,261,25,2010-10-24 14:06:00,2010-09-28 09:27:00,209.04,411,26,0.07692307692307693
13074.0,1378.74,4,826,26,2010-07-16 16:53:00,2009-12-16 11:46:00,344.685,511,212,0.018867924528301886
13075.0,919.61,1,485,22,2011-08-02 10:19:00,2011-08-02 10:19:00,919.61,130,0,1.0
13076.0,135.4,1,44,9,2010-09-08 10:27:00,2010-09-08 10:27:00,135.4,458,0,1.0
13077.0,2740.65,11,2468,208,2011-12-08 19:24:00,2009-12-11 11:17:00,249.15,1,727,0.015130674002751032
13078.0,29018.06,57,12032,153,2011-12-06 15:36:00,2009-12-01 09:06:00,509.0887719298246,3,735,0.07755102040816327
13079.0,419.18,6,158,11,2011-12-05 16:53:00,2010-10-18 14:15:00,69.86333333333333,4,413,0.014527845036319613
13080.0,280.73,4,193,17,2011-06-13 14:59:00,2010-04-09 13:07:00,70.1825,179,430,0.009302325581395349
13081.0,56838.37,28,40077,738,2011-11-28 10:54:00,2009-12-08 13:58:00,2029.9417857142857,12,719,0.03894297635605007
13082.0,7335.75,21,8466,99,2011-08-05 16:16:00,2009-12-22 15:37:00,349.32142857142856,126,591,0.03553299492385787
13083.0,395.43,3,307,19,2011-12-05 15:01:00,2010-10-10 13:38:00,131.81,4,421,0.007125890736342043
13084.0,122.39999999999999,1,144,2,2010-08-05 08:49:00,2010-08-05 08:49:00,122.39999999999999,492,0,1.0
13085.0,2433.28,8,944,50,2011-07-05 12:11:00,2009-12-01 07:45:00,304.16,158,581,0.013769363166953529
13086.0,439.33000000000004,1,155,47,2010-11-22 10:28:00,2010-11-22 10:28:00,439.33000000000004,383,0,1.0
13087.0,313.64,1,86,15,2009-12-13 15:16:00,2009-12-13 15:16:00,313.64,726,0,1.0
13088.0,236.11,1,76,19,2010-10-18 15:35:00,2010-10-18 15:35:00,236.11,417,0,1.0
13089.0,113416.91,203,58932,857,2011-12-07 09:02:00,2009-12-02 15:44:00,558.7039901477833,3,734,0.276566757493188
13090.0,13076.74,23,3246,162,2011-12-01 12:39:00,2010-08-02 13:58:00,568.5539130434782,9,485,0.04742268041237113
13091.0,1108.8,2,1338,40,2011-11-11 15:54:00,2009-12-10 12:44:00,554.4,28,701,0.0028530670470756064
13092.0,2140.28,12,664,52,2011-09-30 11:18:00,2010-02-10 08:44:00,178.35666666666668,71,597,0.020100502512562814
13093.0,54144.25,55,25971,199,2011-03-09 12:14:00,2009-12-04 10:32:00,984.4409090909091,276,460,0.11956521739130435
13094.0,2209.44,13,1896,5,2011-11-18 14:07:00,2010-11-15 14:15:00,169.9569230769231,21,367,0.035422343324250684
13095.0,74.39999999999999,1,144,6,2011-09-30 12:03:00,2011-09-30 12:03:00,74.39999999999999,71,0,1.0
13096.0,419.70000000000005,1,6,1,2010-11-10 14:08:00,2010-11-10 14:08:00,419.70000000000005,394,0,1.0
13097.0,13015.36,27,5344,389,2011-11-07 10:43:00,2009-12-01 13:31:00,482.0503703703704,33,705,0.03829787234042553
13098.0,28882.44,28,15968,156,2011-12-08 14:14:00,2011-01-26 13:46:00,1031.5157142857142,1,316,0.08860759493670886
13099.0,207.35999999999999,1,288,1,2011-09-01 17:40:00,2011-09-01 17:40:00,207.35999999999999,99,0,1.0
13101.0,695.4,4,478,48,2011-04-19 14:37:00,2010-01-27 15:49:00,173.85,234,446,0.008968609865470852
13102.0,11380.1,37,6366,212,2011-12-08 12:52:00,2010-05-06 13:12:00,307.57027027027027,1,580,0.06379310344827586
13103.0,709.64,3,426,27,2011-10-31 09:38:00,2010-05-11 14:41:00,236.54666666666665,40,537,0.00558659217877095
13104.0,1709.1,9,834,15,2011-12-06 13:10:00,2010-02-24 15:06:00,189.89999999999998,3,649,0.01386748844375963
13105.0,72.0,1,100,1,2010-09-29 13:41:00,2010-09-29 13:41:00,72.0,436,0,1.0
13106.0,603.46,2,231,15,2011-07-29 15:12:00,2010-10-22 13:10:00,301.73,133,280,0.007142857142857143
13107.0,5253.07,9,4316,142,2011-10-26 14:52:00,2010-02-04 10:50:00,583.6744444444444,44,629,0.014308426073131956
13108.0,748.46,2,745,27,2010-12-02 10:35:00,2010-09-30 17:09:00,374.23,373,62,0.03225806451612903
13109.0,1134.03,3,757,57,2011-10-11 10:16:00,2010-06-06 12:59:00,378.01,60,491,0.006109979633401222
13110.0,2957.4700000000003,12,763,167,2011-11-08 14:30:00,2009-12-01 14:14:00,246.45583333333335,31,707,0.016973125884016973
13111.0,321.88000000000005,1,180,12,2009-12-21 09:00:00,2009-12-21 09:00:00,321.88000000000005,719,0,1.0
13112.0,20.6,1,11,2,2010-06-16 17:03:00,2010-06-16 17:03:00,20.6,541,0,1.0
13113.0,18230.07,37,4435,166,2011-12-09 12:49:00,2010-03-28 16:13:00,492.7045945945946,1,620,0.05967741935483871
13114.0,234.38,1,74,16,2009-12-09 09:56:00,2009-12-09 09:56:00,234.38,731,0,1.0
13115.0,5494.7,10,3934,178,2011-11-28 12:38:00,2010-04-19 13:29:00,549.47,12,587,0.017035775127768313
13116.0,501.14,1,291,30,2011-07-24 14:33:00,2011-07-24 14:33:00,501.14,138,0,1.0
13117.0,2255.66,18,1852,122,2011-11-18 12:02:00,2010-03-26 13:50:00,125.31444444444443,22,601,0.029950083194675542
13118.0,2415.41,9,834,111,2011-11-20 12:46:00,2010-09-26 15:46:00,268.37888888888887,20,419,0.021479713603818614
13119.0,134.9,1,110,11,2010-02-09 08:38:00,2010-02-09 08:38:00,134.9,669,0,1.0
13120.0,30.599999999999998,1,12,1,2011-04-15 10:19:00,2011-04-15 10:19:00,30.599999999999998,239,0,1.0
13121.0,283.73,1,252,50,2011-03-15 16:47:00,2011-03-15 16:47:00,283.73,269,0,1.0
13122.0,922.39,2,585,54,2011-09-06 15:53:00,2011-04-13 14:12:00,461.195,94,146,0.0136986301369863
13123.0,506.75,2,268,36,2010-08-24 10:18:00,2010-06-28 12:43:00,253.375,473,56,0.03571428571428571
13124.0,4641.66,4,2738,216,2011-09-11 12:45:00,2010-11-19 15:50:00,1160.415,90,295,0.013559322033898305
13125.0,148.62,1,53,20,2010-07-04 11:58:00,2010-07-04 11:58:00,148.62,524,0,1.0
13126.0,3774.81,13,3289,183,2011-12-05 10:00:00,2010-03-02 12:24:00,290.37,5,642,0.020249221183800622
13127.0,259.17,1,127,15,2011-09-23 10:26:00,2011-09-23 10:26:00,259.17,78,0,1.0
13128.0,263.5,1,31,1,2010-03-18 15:08:00,2010-03-18 15:08:00,263.5,631,0,1.0
13129.0,233.25,2,296,10,2010-09-13 13:47:00,2010-06-28 11:54:00,116.625,452,77,0.025974025974025976
13130.0,64.0,1,32,2,2011-09-06 15:30:00,2011-09-06 15:30:00,64.0,94,0,1.0
13131.0,3313.77,7,1523,107,2011-11-16 13:21:00,2010-02-09 09:47:00,473.3957142857143,23,645,0.010852713178294573
13132.0,77.3,1,20,3,2011-03-23 12:44:00,2011-03-23 12:44:00,77.3,262,0,1.0
13133.0,200.45000000000002,3,55,12,2011-03-11 10:31:00,2010-09-06 15:30:00,66.81666666666668,274,185,0.016216216216216217
13134.0,2475.23,6,1364,110,2011-09-15 10:35:00,2010-10-19 13:21:00,412.53833333333336,86,330,0.01818181818181818
13135.0,3371.45,2,4423,18,2011-05-27 10:52:00,2010-08-05 17:28:00,1685.725,197,294,0.006802721088435374
13136.0,6274.56,13,3109,204,2011-10-14 13:41:00,2009-12-08 18:30:00,482.65846153846155,56,674,0.019287833827893175
13137.0,7586.94,16,4238,628,2011-11-29 12:09:00,2010-07-25 15:40:00,474.18375,11,491,0.032586558044806514
13138.0,1274.01,7,593,41,2011-11-17 16:51:00,2010-11-08 11:45:00,182.00142857142856,22,374,0.01871657754010695
13139.0,8202.98,8,4614,214,2011-11-23 13:54:00,2010-09-28 09:12:00,1025.3725,16,421,0.019002375296912115
13140.0,1054.92,5,572,89,2011-08-23 15:33:00,2010-08-05 19:05:00,210.984,108,382,0.013089005235602094
13141.0,7656.08,17,5159,285,2011-09-16 09:54:00,2009-12-09 13:34:00,450.35764705882355,85,645,0.02635658914728682
13142.0,307.09,1,258,23,2011-11-20 16:07:00,2011-11-20 16:07:00,307.09,19,0,1.0
13143.0,405.1,1,198,23,2010-05-04 12:22:00,2010-05-04 12:22:00,405.1,585,0,1.0
13144.0,135.35,2,29,6,2011-01-11 11:15:00,2010-10-04 14:14:00,67.675,333,98,0.02040816326530612
13145.0,1128.52,7,265,5,2011-10-31 12:45:00,2010-04-19 11:11:00,161.21714285714285,40,560,0.0125
13146.0,228.91,1,154,16,2011-11-13 15:29:00,2011-11-13 15:29:00,228.91,26,0,1.0
13147.0,712.8000000000001,4,144,1,2011-11-29 13:59:00,2011-09-01 12:28:00,178.20000000000002,10,89,0.0449438202247191
13148.0,8488.32,26,4481,450,2011-11-10 15:23:00,2009-12-07 15:26:00,326.4738461538461,29,702,0.037037037037037035
13149.0,1676.06,4,1280,76,2011-11-25 13:09:00,2011-02-23 13:57:00,419.015,14,274,0.014598540145985401
13150.0,449.96999999999997,3,171,7,2010-08-12 12:59:00,2010-03-19 09:03:00,149.98999999999998,484,146,0.02054794520547945
13151.0,2454.71,3,788,130,2011-02-17 12:29:00,2010-03-22 10:26:00,818.2366666666667,296,332,0.009036144578313253
13152.0,2146.38,7,977,114,2010-10-18 13:44:00,2010-01-14 10:01:00,306.6257142857143,417,277,0.02527075812274368
13153.0,486.22,1,418,15,2011-12-04 12:14:00,2011-12-04 12:14:00,486.22,6,0,1.0
13154.0,1624.84,3,976,78,2010-11-05 16:00:00,2009-12-04 08:46:00,541.6133333333333,399,336,0.008928571428571428
13155.0,1370.48,6,741,79,2011-11-06 15:41:00,2010-08-05 09:30:00,228.41333333333333,33,458,0.013100436681222707
13156.0,1586.54,3,914,94,2010-11-19 13:09:00,2010-02-01 13:45:00,528.8466666666667,385,290,0.010344827586206896
13157.0,5687.36,9,4762,173,2011-10-21 13:50:00,2010-03-08 11:59:00,631.9288888888889,49,592,0.015202702702702704
13158.0,1508.18,5,992,70,2011-09-06 11:58:00,2010-11-16 17:12:00,301.636,95,293,0.017064846416382253
13159.0,1429.35,4,1058,114,2011-12-01 11:20:00,2011-08-16 11:44:00,357.3375,9,106,0.03773584905660377
13160.0,91.8,1,56,4,2011-11-17 13:07:00,2011-11-17 13:07:00,91.8,22,0,1.0
13161.0,472.13,2,105,30,2011-01-30 14:03:00,2010-07-27 12:44:00,236.065,313,187,0.0106951871657754
13162.0,9275.49,16,5755,186,2011-08-09 15:59:00,2009-12-04 13:59:00,579.718125,122,613,0.026101141924959218
13163.0,17.65,1,3,2,2010-04-08 16:21:00,2010-04-08 16:21:00,17.65,610,0,1.0
13164.0,372.2,2,120,7,2010-05-19 13:52:00,2010-02-10 11:52:00,186.1,569,98,0.02040816326530612
13165.0,1451.16,3,1736,47,2011-10-24 15:05:00,2010-10-22 17:04:00,483.72,46,366,0.00819672131147541
13166.0,875.93,2,522,55,2011-03-01 15:16:00,2010-10-21 14:29:00,437.965,283,131,0.015267175572519083
13167.0,1113.15,5,995,63,2011-11-21 12:24:00,2010-11-14 12:58:00,222.63000000000002,19,371,0.013477088948787063
13168.0,1840.73,5,898,127,2011-11-03 12:56:00,2010-06-15 15:00:00,368.146,36,505,0.009900990099009901
13169.0,840.08,3,296,16,2011-10-07 12:11:00,2010-05-26 15:58:00,280.0266666666667,64,498,0.006024096385542169
13170.0,108.81,1,141,29,2011-11-13 12:19:00,2011-11-13 12:19:00,108.81,27,0,1.0
13171.0,468.41,3,229,37,2011-11-18 10:27:00,2011-02-13 14:16:00,156.13666666666668,22,277,0.010830324909747292
13172.0,69.6,1,48,1,2010-11-04 15:10:00,2010-11-04 15:10:00,69.6,400,0,1.0
13173.0,2389.82,11,1479,159,2011-12-05 15:51:00,2009-12-10 12:52:00,217.25636363636366,4,725,0.015172413793103448
13174.0,7972.46,11,3790,600,2011-11-23 14:35:00,2009-12-04 15:40:00,724.7690909090909,16,718,0.01532033426183844
13175.0,831.45,2,423,40,2010-05-06 13:13:00,2009-12-04 12:11:00,415.725,582,153,0.013071895424836602
13176.0,481.49,1,448,66,2011-10-24 15:43:00,2011-10-24 15:43:00,481.49,46,0,1.0
13177.0,512.2,2,180,23,2011-10-06 09:56:00,2010-10-05 10:35:00,256.1,65,365,0.005479452054794521
13178.0,14059.19,21,8778,194,2011-11-13 16:14:00,2009-12-16 14:00:00,669.4852380952382,26,697,0.03012912482065997
13179.0,572.3100000000001,1,368,34,2010-03-31 11:40:00,2010-03-31 11:40:00,572.3100000000001,619,0,1.0
13180.0,86.10000000000001,1,42,4,2010-04-11 13:37:00,2010-04-11 13:37:00,86.10000000000001,607,0,1.0
13181.0,359.69,1,171,19,2010-11-23 15:05:00,2010-11-23 15:05:00,359.69,381,0,1.0
13182.0,121.18,1,201,11,2011-10-25 13:46:00,2011-10-25 13:46:00,121.18,45,0,1.0
13183.0,7036.18,15,4027,64,2011-12-02 10:30:00,2010-03-14 12:32:00,469.07866666666666,8,627,0.023923444976076555
13184.0,1667.95,10,1661,137,2011-11-25 12:02:00,2011-02-22 17:25:00,166.79500000000002,15,275,0.03636363636363636
13185.0,71.4,1,12,1,2011-03-17 11:56:00,2011-03-17 11:56:00,71.4,268,0,1.0
13186.0,1575.89,3,820,69,2011-10-31 11:40:00,2011-08-03 09:09:00,525.2966666666667,40,89,0.033707865168539325
13187.0,328.36,4,283,50,2011-01-06 18:57:00,2010-03-25 17:18:00,82.09,337,287,0.013937282229965157
13188.0,114.60000000000001,1,25,2,2011-11-28 15:28:00,2011-11-28 15:28:00,114.60000000000001,11,0,1.0
13189.0,260.68,2,842,29,2011-11-21 10:39:00,2011-08-16 13:12:00,130.34,19,96,0.020833333333333332
13190.0,570.66,3,308,16,2010-06-13 15:47:00,2009-12-07 12:13:00,190.22,544,188,0.015957446808510637
13191.0,159.21,1,111,57,2010-02-19 17:02:00,2010-02-19 17:02:00,159.21,658,0,1.0
13192.0,2558.58,6,1629,135,2011-09-05 14:13:00,2010-01-22 08:37:00,426.43,95,591,0.01015228426395939
13193.0,112.08,1,46,22,2011-10-09 14:30:00,2011-10-09 14:30:00,112.08,61,0,1.0
13194.0,472.78,2,326,10,2011-07-27 09:01:00,2010-10-14 11:54:00,236.39,136,285,0.007017543859649123
13195.0,136.73,1,70,43,2010-10-21 13:07:00,2010-10-21 13:07:00,136.73,414,0,1.0
13196.0,3068.84,7,2006,141,2011-11-28 13:54:00,2010-04-01 12:54:00,438.4057142857143,11,606,0.01155115511551155
13197.0,373.01000000000005,1,204,19,2010-04-09 09:14:00,2010-04-09 09:14:00,373.01000000000005,610,0,1.0
13198.0,4974.2300000000005,8,3449,265,2011-11-29 15:17:00,2010-10-01 13:27:00,621.7787500000001,10,424,0.018867924528301886
13199.0,15949.210000000001,66,11566,60,2011-12-06 12:30:00,2009-12-05 10:11:00,241.65469696969697,4,731,0.09028727770177838
13200.0,870.09,4,516,42,2011-11-20 15:35:00,2011-08-05 14:50:00,217.5225,19,107,0.037383177570093455
13201.0,1233.06,4,1036,65,2010-07-25 14:30:00,2010-03-07 11:01:00,308.265,502,140,0.02857142857142857
13202.0,1580.3,7,572,55,2010-11-10 16:24:00,2009-12-09 10:48:00,225.75714285714284,394,336,0.020833333333333332
13203.0,2648.25,10,2413,158,2011-11-30 10:45:00,2009-12-17 14:15:00,264.825,10,712,0.014044943820224719
13204.0,966.6600000000001,1,428,57,2009-12-08 14:56:00,2009-12-08 14:56:00,966.6600000000001,731,0,1.0
13205.0,2803.2,1,256,1,2010-09-22 16:26:00,2010-09-22 16:26:00,2803.2,443,0,1.0
13206.0,8308.19,13,7086,393,2010-11-04 16:50:00,2009-12-07 13:48:00,639.0915384615384,400,332,0.0391566265060241
13207.0,535.86,4,178,10,2011-11-24 14:52:00,2010-04-06 16:37:00,133.965,15,596,0.006711409395973154
13208.0,1951.82,8,1307,197,2011-10-11 16:25:00,2009-12-03 13:25:00,243.9775,59,677,0.011816838995568686
13209.0,8509.51,13,5781,284,2011-11-09 13:54:00,2010-01-24 14:30:00,654.5776923076924,30,653,0.019908116385911178
13210.0,353.48,1,316,22,2011-09-07 08:18:00,2011-09-07 08:18:00,353.48,94,0,1.0
13211.0,2618.77,10,1845,98,2011-11-29 14:43:00,2009-12-06 15:24:00,261.877,10,722,0.013850415512465374
13212.0,786.83,3,309,128,2011-11-20 12:40:00,2011-10-09 14:48:00,262.2766666666667,20,41,0.07317073170731707
13213.0,3851.52,11,2962,181,2011-10-14 11:42:00,2010-05-20 14:50:00,350.1381818181818,57,511,0.021526418786692758
13214.0,3264.23,7,2966,207,2010-10-18 10:00:00,2010-03-03 14:10:00,466.31857142857143,418,228,0.03070175438596491
13215.0,81.6,1,96,1,2010-11-02 18:26:00,2010-11-02 18:26:00,81.6,402,0,1.0
13216.0,333.74,1,297,5,2011-03-17 12:18:00,2011-03-17 12:18:00,333.74,268,0,1.0
13217.0,666.48,4,512,3,2011-08-09 15:32:00,2010-02-22 12:49:00,166.62,122,533,0.0075046904315197
13218.0,62.63999999999999,1,88,5,2011-08-04 16:59:00,2011-08-04 16:59:00,62.63999999999999,127,0,1.0
13219.0,76.23,1,11,11,2010-03-31 14:18:00,2010-03-31 14:18:00,76.23,618,0,1.0
13220.0,1336.0900000000001,5,396,46,2011-09-22 13:38:00,2010-05-13 10:35:00,267.218,78,497,0.01006036217303823
13221.0,844.86,2,243,61,2011-04-13 16:58:00,2010-12-15 13:24:00,422.43,240,119,0.01680672268907563
13222.0,88.5,1,30,1,2010-05-11 13:54:00,2010-05-11 13:54:00,88.5,577,0,1.0
13223.0,969.1200000000001,6,568,8,2011-05-23 13:03:00,2010-02-12 13:27:00,161.52,200,464,0.01293103448275862
13224.0,2152.95,2,1515,100,2011-10-10 14:55:00,2011-07-11 14:10:00,1076.475,60,91,0.02197802197802198
13225.0,16260.07,16,7401,60,2011-12-06 13:29:00,2009-12-17 09:09:00,1016.254375,3,719,0.022253129346314324
13226.0,312.46,2,179,28,2011-03-11 14:35:00,2010-11-11 13:46:00,156.23,273,120,0.016666666666666666
13227.0,257.7,1,99,9,2011-05-22 11:47:00,2011-05-22 11:47:00,257.7,202,0,1.0
13228.0,358.0,1,200,2,2011-09-19 14:28:00,2011-09-19 14:28:00,358.0,81,0,1.0
13229.0,160.95,1,63,10,2011-04-28 12:07:00,2011-04-28 12:07:00,160.95,226,0,1.0
13230.0,6109.51,30,3495,652,2011-12-05 16:03:00,2010-03-18 20:02:00,203.65033333333335,4,626,0.04792332268370607
13232.0,1327.75,7,771,146,2011-11-27 10:39:00,2011-04-10 13:48:00,189.67857142857142,13,230,0.030434782608695653
13233.0,1176.46,4,1604,74,2011-09-26 13:25:00,2010-01-14 14:10:00,294.115,74,619,0.006462035541195477
13234.0,346.5,2,159,56,2010-02-05 11:41:00,2009-12-07 12:32:00,173.25,673,59,0.03389830508474576
13235.0,1031.07,1,441,53,2011-05-11 17:13:00,2011-05-11 17:13:00,1031.07,212,0,1.0
13236.0,744.85,2,416,34,2011-11-15 12:50:00,2011-08-25 08:58:00,372.425,25,82,0.024390243902439025
13237.0,643.0,1,128,24,2010-11-17 10:07:00,2010-11-17 10:07:00,643.0,388,0,1.0
13238.0,1006.63,6,442,24,2011-11-22 15:37:00,2010-04-28 15:02:00,167.77166666666668,17,573,0.010471204188481676
13239.0,1594.69,5,1151,86,2011-03-23 10:25:00,2010-07-25 13:34:00,318.938,262,240,0.020833333333333332
13240.0,1455.39,8,707,159,2011-09-04 14:08:00,2010-02-25 13:17:00,181.92375,96,556,0.014388489208633094
13241.0,112.53,1,46,40,2010-10-24 11:17:00,2010-10-24 11:17:00,112.53,412,0,1.0
13242.0,699.4,7,350,19,2011-08-19 12:53:00,2010-02-09 13:12:00,99.91428571428571,112,555,0.012612612612612612
13243.0,1220.38,5,554,165,2011-05-20 13:14:00,2010-03-18 13:10:00,244.07600000000002,203,428,0.011682242990654205
13244.0,121.74000000000001,1,38,27,2011-09-08 11:46:00,2011-09-08 11:46:00,121.74000000000001,93,0,1.0
13245.0,989.22,2,371,43,2011-10-20 11:40:00,2010-10-03 14:03:00,494.61,51,381,0.005249343832020997
13246.0,3351.75,11,2796,229,2011-11-21 16:50:00,2010-07-02 13:36:00,304.70454545454544,18,507,0.021696252465483234
13247.0,501.12,4,328,18,2011-11-22 10:59:00,2011-09-18 11:31:00,125.28,18,64,0.0625
13248.0,465.68,2,305,25,2011-08-07 12:40:00,2011-06-03 13:05:00,232.84,125,64,0.03125
13249.0,1608.93,9,1246,21,2011-09-08 13:26:00,2010-01-24 12:11:00,178.77,92,592,0.015202702702702704
13250.0,253.09,2,107,17,2010-09-05 11:33:00,2010-07-25 14:01:00,126.545,461,41,0.04878048780487805
13251.0,252.68,1,215,25,2010-11-02 13:20:00,2010-11-02 13:20:00,252.68,402,0,1.0
13252.0,399.3,2,134,19,2010-11-10 16:00:00,2010-03-24 10:30:00,199.65,394,231,0.008658008658008658
13253.0,2951.11,4,3015,73,2011-07-06 10:09:00,2010-01-05 12:13:00,737.7775,157,546,0.007326007326007326
13254.0,51.410000000000004,1,43,4,2010-11-28 15:42:00,2010-11-28 15:42:00,51.410000000000004,376,0,1.0
13255.0,678.76,3,407,26,2011-11-30 13:14:00,2010-07-15 13:20:00,226.25333333333333,9,502,0.00597609561752988
13257.0,149.75,1,33,7,2010-09-29 14:58:00,2010-09-29 14:58:00,149.75,436,0,1.0
13258.0,1009.43,5,446,29,2011-11-28 09:31:00,2010-11-04 12:45:00,201.886,12,388,0.01288659793814433
13259.0,1398.79,9,502,233,2011-10-09 10:48:00,2010-01-10 10:26:00,155.42111111111112,62,637,0.0141287284144427
13260.0,557.62,1,142,8,2011-10-09 13:21:00,2011-10-09 13:21:00,557.62,61,0,1.0
13261.0,944.1,2,210,8,2011-03-16 12:22:00,2011-02-27 10:41:00,472.05,269,17,0.11764705882352941
13262.0,573.45,3,247,48,2011-03-21 15:06:00,2010-04-18 12:14:00,191.15,263,337,0.008902077151335312
13263.0,8650.98,38,5365,505,2011-12-08 13:59:00,2010-10-22 17:07:00,227.6573684210526,1,411,0.09245742092457421
13264.0,722.5600000000001,1,375,38,2010-09-23 12:42:00,2010-09-23 12:42:00,722.5600000000001,443,0,1.0
13265.0,2092.66,5,1740,66,2011-10-17 15:02:00,2011-03-11 09:54:00,418.532,53,220,0.022727272727272728
13266.0,6135.04,19,6837,154,2011-11-28 14:39:00,2009-12-17 10:52:00,322.89684210526315,11,711,0.026722925457102673
13267.0,9429.81,36,3959,152,2011-12-07 11:12:00,2009-12-07 16:56:00,261.93916666666667,3,729,0.04938271604938271
13268.0,3152.71,10,3548,256,2011-11-22 11:34:00,2011-03-17 13:20:00,315.271,18,249,0.040160642570281124
13269.0,8537.32,28,6366,238,2011-12-08 14:53:00,2009-12-02 11:47:00,304.9042857142857,1,736,0.03804347826086957
13270.0,590.0,1,200,1,2010-12-08 14:53:00,2010-12-08 14:53:00,590.0,366,0,1.0
13271.0,211.49,1,240,79,2011-11-02 14:31:00,2011-11-02 14:31:00,211.49,37,0,1.0
13272.0,276.56,2,96,15,2011-11-08 14:00:00,2011-09-11 12:06:00,138.28,31,58,0.034482758620689655
13273.0,138.98,1,153,16,2011-08-18 14:02:00,2011-08-18 14:02:00,138.98,113,0,1.0
13274.0,360.85,1,199,19,2010-10-26 13:48:00,2010-10-26 13:48:00,360.85,409,0,1.0
13275.0,238.86,2,138,48,2010-11-21 12:09:00,2010-03-17 14:05:00,119.43,384,248,0.008064516129032258
13276.0,1891.91,5,840,209,2011-10-07 12:44:00,2010-03-07 14:05:00,378.382,64,578,0.00865051903114187
13277.0,523.3,7,382,10,2011-11-24 09:21:00,2010-06-18 08:45:00,74.75714285714285,16,524,0.013358778625954198
13278.0,1425.35,4,1333,79,2011-10-30 11:49:00,2010-04-08 11:59:00,356.3375,41,569,0.007029876977152899
13279.0,137.75,1,73,9,2011-09-22 17:24:00,2011-09-22 17:24:00,137.75,78,0,1.0
13280.0,2293.33,7,1489,159,2011-08-09 13:14:00,2010-03-05 09:07:00,327.61857142857144,122,522,0.013409961685823755
13281.0,350.85,1,201,22,2010-09-26 16:03:00,2010-09-26 16:03:00,350.85,439,0,1.0
13282.0,1313.19,4,410,42,2011-11-21 15:33:00,2010-10-29 14:11:00,328.2975,18,388,0.010309278350515464
13283.0,373.36,4,204,19,2011-10-11 09:50:00,2010-03-09 14:36:00,93.34,60,580,0.006896551724137931
13284.0,201.19,1,91,13,2011-01-13 09:23:00,2011-01-13 09:23:00,201.19,331,0,1.0
13285.0,3364.59,6,2457,182,2011-11-16 13:19:00,2010-03-25 14:26:00,560.765,23,600,0.01
13286.0,734.91,1,274,46,2010-04-18 15:35:00,2010-04-18 15:35:00,734.91,600,0,1.0
13287.0,781.59,3,429,46,2010-04-15 15:26:00,2010-01-04 10:43:00,260.53000000000003,603,101,0.0297029702970297
13288.0,927.61,5,379,7,2010-09-22 16:32:00,2010-02-11 14:59:00,185.522,443,223,0.02242152466367713
13289.0,307.95,1,119,16,2009-12-16 11:53:00,2009-12-16 11:53:00,307.95,724,0,1.0
13291.0,3270.79,11,1600,155,2011-07-07 10:36:00,2010-02-11 18:36:00,297.3445454545454,156,510,0.021568627450980392
13292.0,994.51,5,530,55,2011-11-01 10:04:00,2010-07-01 14:36:00,198.902,39,487,0.01026694045174538
13293.0,1192.94,6,555,51,2010-11-12 13:28:00,2010-02-09 12:05:00,198.82333333333335,392,276,0.021739130434782608
13294.0,1689.53,3,996,93,2011-06-03 08:54:00,2010-03-03 12:54:00,563.1766666666666,190,456,0.006578947368421052
13295.0,1101.97,4,733,56,2010-12-15 11:21:00,2010-05-12 09:13:00,275.4925,360,217,0.018433179723502304
13296.0,792.51,6,653,50,2011-07-25 13:46:00,2010-05-11 14:29:00,132.085,137,439,0.01366742596810934
13297.0,4368.62,7,2694,108,2011-12-02 09:32:00,2010-06-15 12:35:00,624.0885714285714,8,534,0.013108614232209739
13298.0,360.0,1,96,2,2011-12-08 13:11:00,2011-12-08 13:11:00,360.0,1,0,1.0
13299.0,1218.7,3,416,56,2011-03-16 12:55:00,2010-06-29 11:30:00,406.23333333333335,268,260,0.011538461538461539
13300.0,1285.51,3,455,44,2011-06-23 13:09:00,2010-05-14 15:56:00,428.50333333333333,169,404,0.007425742574257425
13301.0,600.19,4,343,74,2011-08-28 11:25:00,2011-02-20 13:13:00,150.0475,104,188,0.02127659574468085
13302.0,159.2,2,12,3,2011-07-07 17:56:00,2010-07-01 12:32:00,79.6,155,371,0.005390835579514825
13303.0,61.72,1,26,4,2010-11-04 14:55:00,2010-11-04 14:55:00,61.72,400,0,1.0
13304.0,1217.99,4,716,59,2010-12-23 14:35:00,2010-02-08 12:42:00,304.4975,351,318,0.012578616352201259
13305.0,3616.41,16,2228,153,2011-12-05 15:15:00,2010-03-10 14:49:00,226.025625,4,635,0.025196850393700787
13306.0,53.65,1,74,4,2010-10-05 14:55:00,2010-10-05 14:55:00,53.65,430,0,1.0
13307.0,273.34,3,140,15,2011-08-11 17:14:00,2010-04-26 13:28:00,91.11333333333333,120,472,0.006355932203389831
13308.0,1670.3700000000001,4,1073,65,2011-11-17 09:31:00,2010-04-22 09:22:00,417.59250000000003,23,574,0.006968641114982578
13309.0,1706.3700000000001,6,1914,95,2011-12-02 16:34:00,2010-11-12 12:10:00,284.39500000000004,7,385,0.015584415584415584
13310.0,1541.2,5,816,80,2011-11-11 17:23:00,2010-11-02 17:03:00,308.24,28,374,0.013368983957219251
13311.0,598.57,2,305,25,2011-12-05 12:55:00,2011-07-12 14:26:00,299.285,4,145,0.013793103448275862
13312.0,124.75,1,41,5,2010-09-14 14:36:00,2010-09-14 14:36:00,124.75,451,0,1.0
13313.0,3445.32,12,2308,105,2011-11-17 16:48:00,2009-12-02 16:18:00,287.11,22,715,0.016783216783216783
13314.0,775.94,3,560,55,2011-12-08 12:29:00,2011-09-27 10:20:00,258.6466666666667,2,72,0.041666666666666664
13315.0,310.26,1,232,22,2010-01-19 15:34:00,2010-01-19 15:34:00,310.26,689,0,1.0
13316.0,12940.82,10,19931,115,2011-11-02 13:40:00,2010-03-10 10:01:00,1294.0819999999999,37,602,0.016611295681063124
13317.0,6486.09,19,3148,221,2011-10-04 13:35:00,2009-12-13 11:11:00,341.37315789473683,66,660,0.02878787878787879
13318.0,640.76,3,304,14,2011-12-08 18:51:00,2011-11-02 13:26:00,213.58666666666667,1,36,0.08333333333333333
13319.0,21323.22,58,8974,345,2011-12-04 13:34:00,2009-12-06 14:46:00,367.6417241379311,5,727,0.07977991746905089
13320.0,2211.6,6,1509,98,2011-09-22 18:07:00,2010-08-18 10:29:00,368.59999999999997,78,400,0.015
13321.0,567.36,2,372,10,2011-09-28 15:24:00,2011-09-14 15:18:00,283.68,72,14,0.14285714285714285
13322.0,199.48000000000002,1,117,25,2011-11-22 14:21:00,2011-11-22 14:21:00,199.48000000000002,17,0,1.0
13323.0,787.85,5,175,6,2011-12-06 17:12:00,2011-09-16 13:23:00,157.57,3,81,0.06172839506172839
13324.0,10513.47,18,8448,36,2011-11-03 16:28:00,2010-05-25 10:23:00,584.0816666666666,36,527,0.03415559772296015
13325.0,675.3,1,240,12,2011-09-19 10:36:00,2011-09-19 10:36:00,675.3,82,0,1.0
13326.0,281.76,1,140,13,2010-10-03 16:00:00,2010-10-03 16:00:00,281.76,432,0,1.0
13327.0,9134.48,20,4203,175,2011-11-01 10:21:00,2009-12-18 15:35:00,456.724,39,682,0.02932551319648094
13328.0,1308.48,1,680,17,2011-01-27 15:22:00,2011-01-27 15:22:00,1308.48,316,0,1.0
13329.0,4808.77,8,3311,68,2011-11-08 10:29:00,2009-12-04 15:41:00,601.09625,32,703,0.011379800853485065
13330.0,2796.1,6,1951,80,2011-09-08 12:27:00,2010-02-23 10:12:00,466.01666666666665,93,562,0.010676156583629894
13331.0,262.4,1,54,12,2010-11-03 08:04:00,2010-11-03 08:04:00,262.4,402,0,1.0
13332.0,350.9,1,179,21,2011-11-25 13:30:00,2011-11-25 13:30:00,350.9,14,0,1.0
13333.0,1015.74,3,685,54,2010-10-24 13:24:00,2010-02-19 09:26:00,338.58,411,247,0.012145748987854251
13334.0,6201.8,5,3198,307,2011-09-18 15:21:00,2010-02-25 12:21:00,1240.3600000000001,82,570,0.008771929824561403
13336.0,795.12,1,559,51,2011-09-23 14:05:00,2011-09-23 14:05:00,795.12,77,0,1.0
13337.0,1575.26,1,980,87,2010-06-11 13:27:00,2010-06-11 13:27:00,1575.26,546,0,1.0
13338.0,2345.62,4,1149,112,2011-07-05 09:06:00,2010-01-05 12:25:00,586.405,158,545,0.007339449541284404
13339.0,860.12,1,326,54,2011-05-23 08:31:00,2011-05-23 08:31:00,860.12,201,0,1.0
13340.0,22100.56,12,9636,190,2011-10-25 13:15:00,2010-02-22 14:54:00,1841.7133333333334,45,609,0.019704433497536946
13341.0,775.85,1,301,42,2011-03-24 09:50:00,2011-03-24 09:50:00,775.85,261,0,1.0
13343.0,303.43,1,134,18,2011-06-15 12:24:00,2011-06-15 12:24:00,303.43,178,0,1.0
13344.0,2511.69,3,952,115,2011-10-03 09:45:00,2011-03-07 10:28:00,837.23,68,209,0.014354066985645933
13345.0,339.5,1,140,19,2011-02-25 09:01:00,2011-02-25 09:01:00,339.5,288,0,1.0
13346.0,299.4,6,180,4,2010-09-03 11:41:00,2010-04-22 12:34:00,49.9,463,133,0.045112781954887216
13347.0,291.36,1,204,7,2011-09-30 13:28:00,2011-09-30 13:28:00,291.36,70,0,1.0
13348.0,233.76,1,136,14,2011-10-06 17:28:00,2011-10-06 17:28:00,233.76,64,0,1.0
13349.0,197.32,1,224,15,2011-11-29 08:07:00,2011-11-29 08:07:00,197.32,11,0,1.0
13350.0,879.12,2,285,35,2011-11-23 16:33:00,2011-09-21 13:33:00,439.56,16,63,0.031746031746031744
13351.0,323.94,1,116,15,2011-10-04 12:55:00,2011-10-04 12:55:00,323.94,66,0,1.0
13352.0,347.97999999999996,1,320,23,2011-10-10 13:55:00,2011-10-10 13:55:00,347.97999999999996,60,0,1.0
13354.0,743.53,1,604,51,2011-09-29 13:17:00,2011-09-29 13:17:00,743.53,71,0,1.0
13355.0,674.7,1,314,32,2011-08-09 14:48:00,2011-08-09 14:48:00,674.7,122,0,1.0
13356.0,768.24,1,325,42,2011-09-20 14:33:00,2011-09-20 14:33:00,768.24,80,0,1.0
13357.0,3795.0099999999998,5,2087,283,2011-03-27 13:56:00,2010-03-22 14:30:00,759.002,257,369,0.013550135501355014
13358.0,389.03,1,284,28,2011-03-16 11:52:00,2011-03-16 11:52:00,389.03,269,0,1.0
13359.0,943.3100000000001,2,379,51,2011-10-07 09:30:00,2010-11-01 15:05:00,471.65500000000003,64,339,0.0058997050147492625
13360.0,1503.65,4,941,57,2010-10-04 12:37:00,2010-01-08 11:16:00,375.9125,432,269,0.01486988847583643
13361.0,1450.5,2,324,29,2010-08-24 14:56:00,2010-04-01 07:49:00,725.25,472,145,0.013793103448275862
13362.0,5394.07,7,2481,186,2011-11-30 14:41:00,2010-10-10 15:27:00,770.5814285714285,9,415,0.016867469879518072
13363.0,1623.86,3,1144,77,2011-11-22 12:40:00,2010-10-26 11:07:00,541.2866666666666,18,392,0.007653061224489796
13364.0,134.95999999999998,1,71,10,2011-09-29 18:13:00,2011-09-29 18:13:00,134.95999999999998,71,0,1.0
13365.0,2225.37,2,1247,122,2011-11-06 12:36:00,2011-05-06 12:00:00,1112.685,34,184,0.010869565217391304
13366.0,56.160000000000004,1,144,1,2011-10-20 13:37:00,2011-10-20 13:37:00,56.160000000000004,50,0,1.0
13367.0,460.20000000000005,1,252,19,2010-10-04 10:00:00,2010-10-04 10:00:00,460.20000000000005,432,0,1.0
13368.0,1021.5,4,604,44,2011-03-28 09:59:00,2010-10-12 10:43:00,255.375,257,166,0.024096385542168676
13369.0,258.28000000000003,1,148,13,2010-12-09 11:30:00,2010-12-09 11:30:00,258.28000000000003,366,0,1.0
13370.0,754.87,1,343,39,2010-12-03 10:26:00,2010-12-03 10:26:00,754.87,372,0,1.0
13371.0,2297.66,2,1019,75,2010-07-22 17:33:00,2010-03-17 15:29:00,1148.83,505,127,0.015748031496062992
13372.0,328.64,1,158,22,2011-09-11 12:46:00,2011-09-11 12:46:00,328.64,90,0,1.0
13373.0,7587.1900000000005,6,4263,292,2011-10-10 10:51:00,2009-12-06 12:34:00,1264.5316666666668,61,672,0.008928571428571428
13374.0,372.8,2,134,16,2010-10-21 10:04:00,2010-09-16 10:29:00,186.4,415,34,0.058823529411764705
13375.0,1792.23,2,1124,62,2011-09-12 10:19:00,2010-09-21 08:12:00,896.115,89,356,0.0056179775280898875
13376.0,869.76,3,490,44,2011-09-01 16:16:00,2011-04-19 13:03:00,289.92,99,135,0.022222222222222223
13377.0,1452.88,2,746,70,2010-11-08 12:20:00,2010-03-04 10:06:00,726.44,397,249,0.008032128514056224
13379.0,572.56,3,601,85,2011-11-13 13:45:00,2011-07-26 12:26:00,190.85333333333332,26,110,0.02727272727272727
13380.0,62.4,1,48,3,2010-10-03 10:18:00,2010-10-03 10:18:00,62.4,433,0,1.0
13381.0,8224.37,12,5125,154,2011-11-08 11:58:00,2009-12-01 15:19:00,685.3641666666667,32,706,0.0169971671388102
13382.0,1387.58,5,863,74,2011-03-04 10:03:00,2009-12-08 09:56:00,277.51599999999996,281,451,0.011086474501108648
13383.0,305.28000000000003,1,288,1,2010-06-14 11:45:00,2010-06-14 11:45:00,305.28000000000003,544,0,1.0
13384.0,6680.83,11,4142,192,2011-11-09 11:04:00,2010-07-27 12:22:00,607.3481818181818,31,469,0.023454157782515993
13385.0,534.57,1,281,35,2011-01-14 09:52:00,2011-01-14 09:52:00,534.57,330,0,1.0
13386.0,835.46,2,514,24,2010-10-21 12:52:00,2010-09-28 13:09:00,417.73,414,22,0.09090909090909091
13387.0,181.84,1,117,70,2010-10-18 14:07:00,2010-10-18 14:07:00,181.84,417,0,1.0
13388.0,1185.65,3,701,68,2011-07-31 12:52:00,2010-04-15 10:18:00,395.2166666666667,131,472,0.006355932203389831
13389.0,797.96,3,429,50,2011-11-28 14:01:00,2011-04-21 12:12:00,265.9866666666667,11,221,0.013574660633484163
13390.0,544.08,1,224,13,2011-09-26 08:38:00,2011-09-26 08:38:00,544.08,75,0,1.0
13391.0,59.8,1,4,1,2011-05-20 10:50:00,2011-05-20 10:50:00,59.8,204,0,1.0
13392.0,91.14,1,82,8,2010-01-31 13:34:00,2010-01-31 13:34:00,91.14,677,0,1.0
13393.0,1131.45,4,662,53,2010-05-05 09:34:00,2009-12-07 18:12:00,282.8625,584,148,0.02702702702702703
13394.0,6621.7,19,5354,254,2011-12-08 11:36:00,2009-12-01 11:58:00,348.5105263157895,2,736,0.025815217391304348
13395.0,1180.23,3,1660,77,2011-06-07 15:04:00,2010-10-14 13:00:00,393.41,185,236,0.012711864406779662
13396.0,1360.99,2,600,42,2011-11-10 16:59:00,2011-01-24 13:37:00,680.495,29,290,0.006896551724137931
13397.0,3191.87,10,1336,68,2011-09-28 10:56:00,2010-01-20 09:50:00,319.187,73,616,0.016233766233766232
13398.0,670.34,2,341,37,2011-05-31 13:17:00,2010-09-17 09:34:00,335.17,192,256,0.0078125
13399.0,275.4,3,120,10,2010-09-01 13:59:00,2010-07-08 17:47:00,91.8,464,54,0.05555555555555555
13400.0,310.83,1,284,23,2010-05-06 09:00:00,2010-05-06 09:00:00,310.83,583,0,1.0
13402.0,1226.8500000000001,4,917,55,2011-08-04 15:51:00,2010-05-24 10:56:00,306.71250000000003,127,437,0.009153318077803204
13403.0,229.5,3,114,9,2011-11-22 08:28:00,2009-12-16 13:23:00,76.5,18,705,0.00425531914893617
13404.0,252.49,2,111,11,2011-12-08 15:37:00,2011-05-11 11:57:00,126.245,1,211,0.009478672985781991
13405.0,1198.81,5,853,32,2011-05-19 16:31:00,2009-12-15 14:13:00,239.762,204,520,0.009615384615384616
13406.0,568.92,2,292,7,2010-10-08 14:44:00,2010-03-18 07:29:00,284.46,427,204,0.00980392156862745
13407.0,2244.7,3,1690,85,2010-05-10 12:41:00,2010-02-16 11:13:00,748.2333333333332,579,83,0.03614457831325301
13408.0,50174.78,106,28673,320,2011-12-08 09:05:00,2009-12-04 09:31:00,473.3469811320755,2,733,0.1446111869031378
13410.0,2201.96,9,1244,25,2011-11-15 15:33:00,2009-12-08 13:43:00,244.66222222222223,24,707,0.01272984441301273
13411.0,213.55,1,72,17,2011-08-24 13:57:00,2011-08-24 13:57:00,213.55,107,0,1.0
13412.0,487.34999999999997,1,176,33,2010-03-29 16:28:00,2010-03-29 16:28:00,487.34999999999997,620,0,1.0
13413.0,429.44,6,455,38,2010-03-10 12:17:00,2010-01-21 17:43:00,71.57333333333334,640,47,0.1276595744680851
13414.0,2494.14,6,2702,48,2011-07-29 11:45:00,2010-04-15 17:00:00,415.69,134,469,0.01279317697228145
13415.0,784.17,4,496,85,2010-08-24 11:38:00,2009-12-11 14:20:00,196.0425,473,255,0.01568627450980392
13416.0,940.8000000000001,3,208,16,2011-10-27 08:56:00,2009-12-03 13:02:00,313.6,44,692,0.004335260115606936
13417.0,1669.49,6,532,57,2011-12-05 08:49:00,2010-02-08 12:39:00,278.24833333333333,5,664,0.009036144578313253
13418.0,11559.66,31,7354,328,2011-11-28 10:23:00,2009-12-11 12:51:00,372.8922580645161,12,716,0.04329608938547486
13419.0,221.06,1,275,16,2011-10-07 12:49:00,2011-10-07 12:49:00,221.06,64,0,1.0
13420.0,159.85,2,101,8,2011-07-13 08:48:00,2011-06-22 11:35:00,79.925,150,20,0.1
13421.0,4048.25,8,2326,173,2011-10-30 14:21:00,2010-02-14 14:45:00,506.03125,40,622,0.012861736334405145
13422.0,2626.3,1,1326,127,2011-10-06 13:42:00,2011-10-06 13:42:00,2626.3,64,0,1.0
13423.0,217.03,1,141,12,2010-10-07 09:02:00,2010-10-07 09:02:00,217.03,429,0,1.0
13424.0,572.77,1,529,40,2010-09-16 10:49:00,2010-09-16 10:49:00,572.77,450,0,1.0
13425.0,3390.4300000000003,5,2358,124,2011-08-23 17:13:00,2010-05-09 14:35:00,678.086,108,471,0.010615711252653927
13426.0,8167.38,22,4868,162,2011-12-09 08:59:00,2009-12-09 15:16:00,371.24454545454546,1,729,0.03017832647462277
13427.0,1006.53,6,880,35,2011-11-20 13:02:00,2009-12-17 13:44:00,167.755,19,702,0.008547008547008548
13428.0,478.54,3,356,122,2011-11-29 14:20:00,2010-07-13 13:20:00,159.51333333333335,10,504,0.005952380952380952
13429.0,1006.8,4,1390,55,2011-11-29 09:10:00,2011-09-25 15:59:00,251.7,11,64,0.0625
13430.0,679.45,2,751,48,2011-11-21 08:19:00,2011-09-14 14:26:00,339.725,19,67,0.029850746268656716
13431.0,3316.24,8,1570,113,2011-10-03 13:49:00,2010-02-18 11:53:00,414.53,67,592,0.013513513513513514
13432.0,436.55,2,214,97,2010-05-17 13:18:00,2010-04-06 14:42:00,218.275,571,40,0.05
13433.0,658.3199999999999,4,190,22,2010-07-26 16:55:00,2010-01-12 08:59:00,164.57999999999998,501,195,0.020512820512820513
13434.0,1666.8600000000001,5,864,17,2011-09-26 14:30:00,2010-02-22 09:54:00,333.372,74,581,0.008605851979345954
13435.0,4447.33,9,2754,96,2011-12-04 14:45:00,2010-07-27 16:56:00,494.1477777777778,5,494,0.018218623481781375
13436.0,196.89,1,76,12,2011-12-08 10:33:00,2011-12-08 10:33:00,196.89,2,0,1.0
13437.0,3408.06,7,1283,143,2011-11-25 14:00:00,2011-06-02 14:30:00,486.86571428571426,14,175,0.04
13438.0,46.5,1,10,1,2010-06-10 18:46:00,2010-06-10 18:46:00,46.5,547,0,1.0
13439.0,986.61,3,952,132,2011-03-29 14:20:00,2010-07-01 14:36:00,328.87,255,270,0.011111111111111112
13440.0,1295.25,7,573,49,2010-10-12 13:11:00,2010-09-14 10:34:00,185.03571428571428,423,28,0.25
13441.0,720.9,2,520,33,2011-09-09 09:38:00,2010-10-04 10:38:00,360.45,92,339,0.0058997050147492625
13442.0,419.87,3,115,33,2010-02-10 14:03:00,2009-12-01 14:59:00,139.95666666666668,667,70,0.04285714285714286
13443.0,1269.3700000000001,6,802,175,2010-09-17 12:31:00,2010-01-31 13:30:00,211.5616666666667,449,228,0.02631578947368421
13444.0,619.08,2,331,51,2010-11-30 13:02:00,2010-07-21 14:34:00,309.54,374,131,0.015267175572519083
13445.0,241.89999999999998,1,198,7,2010-03-23 15:34:00,2010-03-23 15:34:00,241.89999999999998,626,0,1.0
13446.0,3881.89,11,2403,113,2010-10-05 18:51:00,2010-02-14 11:52:00,352.8990909090909,430,233,0.04721030042918455
13447.0,1129.14,3,584,55,2011-11-16 13:38:00,2011-11-04 10:10:00,376.38000000000005,23,12,0.25
13448.0,8386.22,12,4194,320,2011-11-23 12:33:00,2009-12-06 12:14:00,698.8516666666666,17,717,0.016736401673640166
13449.0,291.88,1,222,19,2011-11-16 08:28:00,2011-11-16 08:28:00,291.88,24,0,1.0
13450.0,4120.04,13,4318,57,2011-11-13 11:54:00,2010-04-15 19:15:00,316.92615384615385,27,576,0.022569444444444444
13451.0,7088.92,11,5226,560,2011-11-13 15:58:00,2010-03-21 16:13:00,644.4472727272728,26,601,0.018302828618968387
13452.0,729.8,3,6,2,2011-03-25 14:19:00,2010-08-24 09:53:00,243.26666666666665,259,213,0.014084507042253521
13453.0,781.6899999999999,3,341,33,2011-06-27 09:34:00,2010-11-02 13:23:00,260.56333333333333,166,236,0.012711864406779662
13454.0,219.87,1,198,23,2010-03-08 14:40:00,2010-03-08 14:40:00,219.87,641,0,1.0
13455.0,2212.9900000000002,6,795,79,2011-11-15 11:21:00,2009-12-09 08:58:00,368.8316666666667,25,706,0.0084985835694051
13456.0,1766.72,6,765,43,2011-11-22 09:18:00,2011-05-16 15:34:00,294.4533333333333,18,189,0.031746031746031744
13457.0,148.22,2,96,9,2010-01-20 08:48:00,2009-12-02 12:46:00,74.11,689,48,0.041666666666666664
13458.0,11959.27,16,6760,290,2011-12-02 15:29:00,2010-11-16 14:01:00,747.454375,7,381,0.04199475065616798
13459.0,1160.4099999999999,2,986,57,2010-03-25 10:24:00,2010-01-26 13:35:00,580.2049999999999,625,57,0.03508771929824561
13460.0,183.44,2,286,16,2011-11-10 17:17:00,2011-10-21 09:50:00,91.72,29,20,0.1
13461.0,4160.0,6,3132,30,2011-11-01 09:01:00,2010-04-21 16:01:00,693.3333333333334,39,558,0.010752688172043012
13462.0,1153.85,5,697,64,2011-04-01 11:20:00,2009-12-14 09:48:00,230.76999999999998,253,473,0.010570824524312896
13464.0,3097.64,6,1440,128,2011-10-12 15:01:00,2010-03-31 15:22:00,516.2733333333333,58,559,0.01073345259391771
13465.0,931.12,2,584,34,2010-09-19 15:13:00,2010-05-02 15:30:00,465.56,446,139,0.014388489208633094
13466.0,1013.35,5,660,49,2011-06-08 16:39:00,2010-03-21 13:50:00,202.67000000000002,184,444,0.01126126126126126
13467.0,1071.91,2,580,89,2011-11-29 10:01:00,2011-11-03 16:56:00,535.955,11,25,0.08
13468.0,12793.28,72,5617,290,2011-12-08 10:39:00,2009-12-03 13:32:00,177.68444444444447,2,734,0.09809264305177112
13469.0,82.4,1,52,6,2010-02-24 15:03:00,2010-02-24 15:03:00,82.4,653,0,1.0
13470.0,165.0,2,100,7,2011-09-01 14:57:00,2011-08-16 17:06:00,82.5,99,15,0.13333333333333333
13471.0,2501.84,4,1583,214,2011-12-08 15:44:00,2011-10-23 13:10:00,625.46,1,46,0.08695652173913043
13472.0,592.24,2,310,24,2010-09-02 09:41:00,2010-06-02 09:48:00,296.12,464,91,0.02197802197802198
13473.0,2657.7599999999998,8,1000,65,2011-10-10 11:20:00,2009-12-15 19:02:00,332.21999999999997,61,663,0.012066365007541479
13474.0,646.59,3,318,116,2011-04-17 13:53:00,2010-08-01 14:40:00,215.53,236,258,0.011627906976744186
13475.0,1431.78,4,1012,64,2011-06-01 13:52:00,2011-02-14 12:36:00,357.945,191,107,0.037383177570093455
13476.0,2061.4700000000003,5,713,86,2011-06-14 12:00:00,2010-03-05 09:39:00,412.29400000000004,179,466,0.01072961373390558
13477.0,2819.17,11,2091,112,2011-11-02 12:04:00,2010-01-25 11:52:00,256.28818181818184,38,646,0.017027863777089782
13478.0,2215.78,5,1189,114,2010-08-27 13:23:00,2010-01-31 15:51:00,443.15600000000006,469,207,0.024154589371980676
13479.0,851.37,4,716,45,2011-05-23 10:45:00,2010-08-19 16:18:00,212.8425,201,276,0.014492753623188406
13480.0,627.82,2,362,40,2010-10-19 11:53:00,2010-01-29 12:35:00,313.91,417,262,0.007633587786259542
13481.0,3830.84,11,2055,162,2011-10-25 09:07:00,2009-12-04 12:37:00,348.2581818181818,46,689,0.015965166908563134
13482.0,336.09,2,187,20,2011-04-21 17:03:00,2010-03-22 10:31:00,168.045,232,395,0.005063291139240506
13483.0,140.34,1,160,10,2011-10-05 11:53:00,2011-10-05 11:53:00,140.34,66,0,1.0
13484.0,790.72,3,224,38,2011-04-12 16:30:00,2010-03-10 11:46:00,263.5733333333333,241,398,0.007537688442211055
13485.0,3015.2200000000003,11,1797,130,2011-04-20 13:58:00,2009-12-03 13:46:00,274.1109090909091,233,503,0.02186878727634195
13486.0,1122.41,3,669,69,2011-09-22 13:13:00,2011-07-07 17:19:00,374.1366666666667,78,76,0.039473684210526314
13487.0,846.87,5,362,31,2011-10-13 12:07:00,2009-12-05 10:25:00,169.374,58,677,0.007385524372230428
13488.0,14205.96,23,7375,370,2011-11-22 14:41:00,2010-01-25 10:13:00,617.6504347826086,17,666,0.03453453453453453
13489.0,449.52,4,560,11,2011-08-26 13:16:00,2011-02-18 10:42:00,112.38,105,189,0.021164021164021163
13490.0,154.25,1,25,8,2010-02-23 14:48:00,2010-02-23 14:48:00,154.25,654,0,1.0
13491.0,4467.66,27,2349,144,2011-10-19 08:32:00,2009-12-07 08:24:00,165.46888888888887,52,681,0.039647577092511016
13492.0,1269.84,3,408,38,2011-07-26 14:25:00,2011-05-09 10:06:00,423.28,136,78,0.038461538461538464
13493.0,498.63,2,377,5,2011-03-09 15:35:00,2011-02-25 16:42:00,249.315,275,11,0.18181818181818182
13494.0,316.26000000000005,1,162,18,2011-02-01 11:58:00,2011-02-01 11:58:00,316.26000000000005,312,0,1.0
13495.0,4863.31,10,2465,59,2011-12-02 11:21:00,2009-12-07 12:12:00,486.331,8,724,0.013812154696132596
13496.0,653.33,2,341,28,2011-11-29 10:58:00,2010-12-15 10:17:00,326.665,11,349,0.0057306590257879654
13497.0,1166.83,6,525,52,2011-03-02 09:04:00,2010-02-08 10:27:00,194.47166666666666,283,386,0.015544041450777202
13498.0,327.38,1,362,17,2009-12-09 15:26:00,2009-12-09 15:26:00,327.38,730,0,1.0
13499.0,1159.11,5,1365,31,2011-11-22 11:21:00,2011-03-15 08:52:00,231.82199999999997,18,252,0.01984126984126984
13500.0,1466.3,4,838,77,2011-11-16 15:35:00,2010-11-03 13:16:00,366.575,23,378,0.010582010582010581
13501.0,2885.11,3,1253,90,2011-02-24 18:59:00,2010-05-18 13:24:00,961.7033333333334,288,282,0.010638297872340425
13502.0,780.5,5,490,28,2011-11-23 10:39:00,2010-06-09 10:52:00,156.1,17,531,0.009416195856873822
13503.0,1778.04,5,1101,157,2011-09-29 13:23:00,2010-02-16 13:49:00,355.608,71,589,0.008488964346349746
13504.0,295.93,1,178,22,2011-10-06 13:20:00,2011-10-06 13:20:00,295.93,64,0,1.0
13505.0,3633.63,4,2467,181,2011-09-28 11:56:00,2011-04-21 12:07:00,908.4075,73,159,0.025157232704402517
13506.0,1338.08,5,942,55,2011-01-27 13:53:00,2010-09-05 12:33:00,267.616,316,144,0.034722222222222224
13507.0,2479.16,4,1597,146,2011-12-06 13:13:00,2011-07-17 11:50:00,619.79,3,142,0.028169014084507043
13508.0,287.05,2,180,27,2011-04-10 11:58:00,2010-03-07 11:58:00,143.525,244,399,0.005012531328320802
13509.0,1099.72,7,1213,26,2011-12-01 10:10:00,2010-07-20 12:10:00,157.10285714285715,9,498,0.014056224899598393
13510.0,4558.29,11,3044,176,2011-12-08 13:46:00,2009-12-21 11:53:00,414.39,1,717,0.015341701534170154
13511.0,282.76,1,60,5,2010-02-01 12:10:00,2010-02-01 12:10:00,282.76,677,0,1.0
13512.0,713.39,4,419,31,2011-03-24 10:03:00,2010-05-05 13:22:00,178.3475,261,322,0.012422360248447204
13513.0,824.59,3,364,32,2011-08-05 11:50:00,2010-02-22 16:36:00,274.86333333333334,127,528,0.005681818181818182
13514.0,815.9000000000001,4,288,15,2011-09-27 09:39:00,2010-01-26 15:11:00,203.97500000000002,74,608,0.006578947368421052
13515.0,1265.82,6,819,64,2011-09-28 11:26:00,2010-03-05 11:58:00,210.97,73,571,0.010507880910683012
13516.0,1685.26,4,1114,55,2011-11-18 13:15:00,2010-10-18 08:52:00,421.315,21,396,0.010101010101010102
13517.0,2128.42,3,1369,125,2011-10-11 11:43:00,2011-06-13 08:44:00,709.4733333333334,60,120,0.025
13518.0,627.16,1,382,36,2011-09-15 10:29:00,2011-09-15 10:29:00,627.16,86,0,1.0
13519.0,343.21,2,133,19,2011-09-22 18:24:00,2010-09-23 11:45:00,171.605,78,364,0.005494505494505495
13520.0,5446.0,11,3150,80,2011-10-12 10:20:00,2009-12-17 11:11:00,495.09090909090907,59,663,0.016591251885369532
13521.0,1070.47,3,715,312,2011-12-08 13:50:00,2011-11-29 15:09:00,356.8233333333333,1,8,0.375
13522.0,125.80000000000001,1,44,5,2011-11-09 15:11:00,2011-11-09 15:11:00,125.80000000000001,30,0,1.0
13523.0,4534.57,6,1989,177,2011-11-06 15:11:00,2010-11-02 14:55:00,755.7616666666667,33,369,0.016260162601626018
13524.0,680.1800000000001,5,324,17,2011-10-30 12:34:00,2011-05-04 12:26:00,136.036,41,179,0.027932960893854747
13525.0,628.78,2,394,5,2011-11-25 12:01:00,2011-04-05 15:36:00,314.39,15,233,0.008583690987124463
13526.0,1182.0,2,1911,29,2009-12-01 13:13:00,2009-12-01 12:56:00,591.0,738,0,2.0
13527.0,4541.29,12,2736,266,2011-11-06 12:04:00,2010-01-21 12:37:00,378.44083333333333,34,653,0.018376722817764167
13529.0,307.76,2,74,15,2011-09-22 09:15:00,2011-05-19 11:50:00,153.88,79,125,0.016
13530.0,402.97999999999996,1,272,18,2010-03-15 14:10:00,2010-03-15 14:10:00,402.97999999999996,634,0,1.0
13531.0,1433.07,6,497,44,2011-05-18 16:56:00,2009-12-03 15:20:00,238.845,205,531,0.011299435028248588
13532.0,210.31,1,129,66,2011-11-06 12:25:00,2011-11-06 12:25:00,210.31,34,0,1.0
13533.0,269.09,3,202,61,2011-06-10 11:54:00,2011-03-17 12:47:00,89.69666666666666,183,84,0.03571428571428571
13534.0,7720.9,35,3869,163,2011-12-07 14:52:00,2010-07-07 15:00:00,220.59714285714284,2,517,0.06769825918762089
13535.0,89.5,1,10,1,2010-11-02 11:49:00,2010-11-02 11:49:00,89.5,403,0,1.0
13536.0,3444.39,7,2126,91,2011-12-08 16:38:00,2011-09-25 13:30:00,492.05571428571426,1,74,0.0945945945945946
13537.0,717.85,2,337,38,2010-10-10 12:45:00,2010-09-14 10:41:00,358.925,426,26,0.07692307692307693
13538.0,3103.13,12,959,105,2011-10-27 16:34:00,2010-02-02 12:47:00,258.5941666666667,43,632,0.0189873417721519
13539.0,1569.3600000000001,7,710,69,2011-09-15 10:18:00,2010-04-28 12:04:00,224.19428571428574,86,504,0.013888888888888888
13540.0,632.39,3,189,26,2010-08-29 14:20:00,2010-02-22 09:22:00,210.79666666666665,467,188,0.015957446808510637
13541.0,785.25,2,279,10,2010-10-08 16:37:00,2010-05-18 16:15:00,392.625,427,143,0.013986013986013986
13542.0,3959.4900000000002,17,804,98,2010-11-28 11:24:00,2009-12-10 19:53:00,232.91117647058826,377,352,0.048295454545454544
13543.0,1439.6100000000001,2,329,37,2010-03-15 13:34:00,2010-01-21 14:30:00,719.8050000000001,634,52,0.038461538461538464
13544.0,790.2,6,331,219,2011-10-31 11:57:00,2010-03-05 11:31:00,131.70000000000002,40,605,0.009917355371900827
13545.0,364.93,2,252,54,2010-11-14 11:27:00,2010-06-13 11:49:00,182.465,391,153,0.013071895424836602
13546.0,1086.24,5,587,95,2011-11-27 14:50:00,2010-10-11 17:23:00,217.248,12,411,0.012165450121654502
13547.0,164.53,1,78,43,2010-10-27 14:14:00,2010-10-27 14:14:00,164.53,408,0,1.0
13548.0,901.44,3,558,169,2011-09-04 14:50:00,2010-08-25 13:44:00,300.48,96,375,0.008
13549.0,1005.8,8,554,44,2011-11-14 09:20:00,2010-11-17 12:17:00,125.725,26,361,0.0221606648199446
13550.0,342.55,1,430,40,2010-11-21 15:24:00,2010-11-21 15:24:00,342.55,383,0,1.0
13551.0,244.2,2,36,5,2011-01-24 14:46:00,2010-02-11 15:01:00,122.1,319,346,0.005780346820809248
13552.0,6948.92,22,2630,162,2011-10-04 15:19:00,2010-02-19 13:28:00,315.86,66,592,0.037162162162162164
13553.0,499.6,1,201,85,2010-02-03 12:21:00,2010-02-03 12:21:00,499.6,675,0,1.0
13554.0,1629.35,7,578,156,2010-11-24 15:05:00,2010-09-19 12:39:00,232.7642857142857,380,66,0.10606060606060606
13555.0,8891.84,13,4762,264,2011-09-27 12:36:00,2010-01-19 13:20:00,683.9876923076923,74,615,0.02113821138211382
13556.0,200.82,2,134,8,2010-10-06 16:44:00,2010-09-30 09:01:00,100.41,429,6,0.3333333333333333
13557.0,3032.26,13,2398,126,2011-11-11 15:24:00,2009-12-08 17:41:00,233.25076923076924,28,702,0.018518518518518517
13558.0,594.52,4,338,123,2011-12-04 11:24:00,2011-10-02 13:01:00,148.63,6,62,0.06451612903225806
13559.0,990.0,2,360,1,2010-07-15 09:52:00,2010-06-14 11:52:00,495.0,513,30,0.06666666666666667
13560.0,171.42000000000002,1,63,32,2011-12-02 13:11:00,2011-12-02 13:11:00,171.42000000000002,7,0,1.0
13561.0,1803.4,11,1125,131,2011-05-08 12:39:00,2010-02-28 13:42:00,163.94545454545457,216,433,0.025404157043879907
13562.0,4838.18,8,1603,88,2011-09-19 10:51:00,2010-01-14 16:33:00,604.7725,82,612,0.013071895424836602
13563.0,777.53,2,209,49,2011-09-16 14:45:00,2011-07-22 17:21:00,388.765,84,55,0.03636363636363636
13564.0,15880.22,36,8833,483,2010-12-20 16:50:00,2009-12-02 11:55:00,441.1172222222222,354,383,0.09399477806788512
13565.0,414.8,3,260,45,2011-11-20 14:33:00,2010-10-24 15:51:00,138.26666666666668,19,391,0.0076726342710997444
13566.0,1684.75,5,1250,262,2011-10-30 11:59:00,2010-03-10 12:22:00,336.95,41,598,0.008361204013377926
13567.0,1079.29,4,643,180,2010-10-07 12:51:00,2010-06-16 12:48:00,269.8225,428,113,0.035398230088495575
13568.0,187.05,1,66,41,2011-06-19 14:42:00,2011-06-19 14:42:00,187.05,173,0,1.0
13569.0,725.04,4,344,139,2011-11-22 13:07:00,2010-10-07 13:05:00,181.26,17,411,0.009732360097323601
13570.0,239.49,1,161,27,2011-04-10 13:36:00,2011-04-10 13:36:00,239.49,243,0,1.0
13571.0,4537.26,26,3191,263,2011-11-27 10:47:00,2009-12-08 13:02:00,174.51000000000002,13,718,0.036211699164345405
13572.0,1384.25,1,534,32,2011-05-18 11:59:00,2011-05-18 11:59:00,1384.25,206,0,1.0
13573.0,903.07,6,646,72,2011-10-20 14:33:00,2010-03-12 16:06:00,150.51166666666668,50,586,0.010238907849829351
13574.0,404.45,1,304,84,2010-10-24 13:28:00,2010-10-24 13:28:00,404.45,411,0,1.0
13575.0,732.0699999999999,5,449,41,2011-11-16 13:14:00,2011-06-16 14:24:00,146.414,23,152,0.03289473684210526
13576.0,11202.59,28,4506,145,2011-11-29 15:34:00,2009-12-08 15:12:00,400.09250000000003,10,721,0.038834951456310676
13577.0,3484.28,11,1660,101,2011-11-14 15:19:00,2009-12-14 16:10:00,316.75272727272727,25,699,0.015736766809728183
13578.0,147.66,1,127,9,2010-10-26 13:44:00,2010-10-26 13:44:00,147.66,409,0,1.0
13579.0,1374.34,5,718,72,2011-11-25 08:41:00,2010-02-18 13:53:00,274.868,15,644,0.007763975155279503
13580.0,107.75,1,45,5,2010-10-29 15:01:00,2010-10-29 15:01:00,107.75,406,0,1.0
13581.0,280.53000000000003,2,119,32,2011-02-03 14:41:00,2010-10-21 16:30:00,140.26500000000001,309,104,0.019230769230769232
13582.0,241.68,2,106,10,2010-11-15 11:34:00,2010-04-01 11:38:00,120.84,390,227,0.00881057268722467
13583.0,1445.03,2,1096,92,2011-07-07 10:40:00,2010-01-29 13:53:00,722.515,156,523,0.0038240917782026767
13584.0,385.7,3,360,74,2011-02-06 12:49:00,2010-02-02 08:40:00,128.56666666666666,307,369,0.008130081300813009
13585.0,684.54,3,1386,29,2010-06-27 12:33:00,2009-12-01 14:56:00,228.17999999999998,531,207,0.014492753623188406
13586.0,127.28,1,38,20,2010-06-16 13:47:00,2010-06-16 13:47:00,127.28,541,0,1.0
13587.0,1673.5,4,664,27,2011-10-07 12:31:00,2010-02-14 13:17:00,418.375,64,599,0.00667779632721202
13588.0,2478.95,9,2606,131,2011-11-24 10:42:00,2011-03-29 15:53:00,275.43888888888887,16,239,0.03765690376569038
13589.0,1120.74,6,293,48,2011-11-25 12:10:00,2009-12-06 10:26:00,186.79,15,719,0.008344923504867872
13590.0,6336.04,18,5271,255,2011-11-28 12:54:00,2009-12-01 13:37:00,352.0022222222222,11,726,0.024793388429752067
13591.0,2093.94,7,850,89,2011-10-06 12:26:00,2009-12-14 15:44:00,299.13428571428574,65,660,0.010606060606060607
13592.0,247.95999999999998,4,84,15,2011-11-04 09:49:00,2011-03-20 14:01:00,61.989999999999995,36,228,0.017543859649122806
13593.0,5493.29,14,2170,212,2011-08-23 13:35:00,2010-03-02 16:36:00,392.3778571428571,108,538,0.026022304832713755
13594.0,533.32,2,396,31,2011-10-18 10:19:00,2010-08-11 10:23:00,266.66,53,432,0.004629629629629629
13595.0,784.48,3,341,114,2010-07-11 12:36:00,2010-03-03 14:42:00,261.49333333333334,517,129,0.023255813953488372
13596.0,664.11,2,384,133,2011-12-04 12:01:00,2011-11-27 11:57:00,332.055,6,7,0.2857142857142857
13597.0,396.71,2,231,17,2010-11-04 14:54:00,2010-11-02 09:30:00,198.355,400,2,1.0
13598.0,761.96,5,393,78,2011-10-23 14:28:00,2010-02-26 11:22:00,152.392,47,604,0.008278145695364239
13599.0,9811.04,33,6248,235,2011-12-08 16:10:00,2009-12-01 12:30:00,297.30424242424243,1,737,0.04477611940298507
13600.0,518.42,2,599,35,2011-01-31 15:27:00,2010-03-15 17:16:00,259.21,312,321,0.006230529595015576
13601.0,1159.99,4,957,160,2011-10-25 17:31:00,2010-06-11 15:03:00,289.9975,45,501,0.007984031936127744
13602.0,1025.17,4,538,49,2011-10-06 11:47:00,2010-05-28 11:49:00,256.2925,65,495,0.00808080808080808
13603.0,164.34,1,164,27,2011-11-13 15:57:00,2011-11-13 15:57:00,164.34,26,0,1.0
13604.0,717.62,1,242,21,2010-02-19 12:02:00,2010-02-19 12:02:00,717.62,659,0,1.0
13605.0,522.67,2,425,50,2010-11-17 17:16:00,2010-05-17 15:46:00,261.335,387,184,0.010869565217391304
13606.0,276.75,3,276,40,2011-11-10 17:46:00,2011-02-01 11:42:00,92.25,29,282,0.010638297872340425
13607.0,1075.81,2,466,110,2011-10-30 16:17:00,2010-11-02 11:48:00,537.905,40,362,0.0055248618784530384
13608.0,232.05,1,110,31,2010-06-17 12:28:00,2010-06-17 12:28:00,232.05,541,0,1.0
13609.0,167.35,1,19,7,2010-04-25 13:26:00,2010-04-25 13:26:00,167.35,593,0,1.0
13610.0,2102.46,14,868,308,2011-11-27 15:38:00,2010-01-05 14:12:00,150.1757142857143,12,691,0.020260492040520984
13611.0,3297.9300000000003,10,1988,170,2011-09-11 14:51:00,2009-12-03 07:57:00,329.793,89,647,0.015455950540958269
13612.0,818.29,1,444,50,2010-03-17 12:14:00,2010-03-17 12:14:00,818.29,633,0,1.0
13613.0,1039.8500000000001,5,445,50,2010-09-13 12:01:00,2010-02-17 12:40:00,207.97000000000003,453,207,0.024154589371980676
13614.0,2332.74,6,821,227,2011-11-15 14:47:00,2010-06-06 13:42:00,388.78999999999996,24,527,0.011385199240986717
13615.0,6272.53,8,2910,259,2011-01-25 08:21:00,2010-01-28 15:43:00,784.06625,319,361,0.0221606648199446
13616.0,283.85,2,172,31,2010-05-20 12:59:00,2010-01-17 14:56:00,141.925,568,122,0.01639344262295082
13617.0,1278.75,8,593,48,2011-10-30 13:50:00,2010-08-01 15:23:00,159.84375,40,454,0.01762114537444934
13618.0,177.34,1,246,13,2011-06-19 11:09:00,2011-06-19 11:09:00,177.34,174,0,1.0
13619.0,223.44,2,78,38,2010-06-13 11:39:00,2010-02-03 14:16:00,111.72,545,129,0.015503875968992248
13620.0,112.34,1,74,5,2010-06-29 15:02:00,2010-06-29 15:02:00,112.34,528,0,1.0
13621.0,213.85,1,343,19,2011-08-15 08:26:00,2011-08-15 08:26:00,213.85,117,0,1.0
13622.0,658.95,1,379,32,2010-01-12 13:22:00,2010-01-12 13:22:00,658.95,696,0,1.0
13623.0,2533.06,10,1010,211,2011-11-09 12:00:00,2009-12-02 13:57:00,253.30599999999998,31,706,0.014164305949008499
13624.0,462.08,1,820,22,2010-11-16 13:43:00,2010-11-16 13:43:00,462.08,388,0,1.0
13625.0,301.26,1,144,21,2010-04-22 10:50:00,2010-04-22 10:50:00,301.26,597,0,1.0
13626.0,707.04,2,398,44,2011-04-01 10:05:00,2010-11-25 16:12:00,353.52,253,126,0.015873015873015872
13627.0,2245.9,7,1632,118,2011-10-11 14:20:00,2010-03-09 14:03:00,320.84285714285716,59,581,0.012048192771084338
13628.0,310.14,1,106,16,2010-02-01 14:44:00,2010-02-01 14:44:00,310.14,676,0,1.0
13629.0,13370.86,19,7722,28,2011-11-16 13:21:00,2010-02-11 17:34:00,703.7294736842106,23,642,0.029595015576323987
13630.0,2031.78,7,1391,51,2011-12-04 15:16:00,2011-02-27 12:49:00,290.2542857142857,5,280,0.025
13631.0,3070.42,11,467,6,2011-09-01 09:57:00,2011-03-17 17:13:00,279.1290909090909,100,167,0.0658682634730539
13632.0,3645.81,8,1633,166,2011-11-15 10:51:00,2010-04-07 10:59:00,455.72625,25,586,0.013651877133105802
13634.0,4988.08,15,2085,267,2011-11-06 13:40:00,2010-01-10 14:26:00,332.53866666666664,33,664,0.022590361445783132
13635.0,2999.16,4,1884,135,2011-10-03 10:55:00,2009-12-01 09:46:00,749.79,68,671,0.005961251862891207
13636.0,949.12,5,592,57,2011-11-03 10:30:00,2011-02-27 14:29:00,189.824,37,248,0.020161290322580645
13637.0,803.05,3,404,78,2011-10-18 13:32:00,2011-04-27 13:06:00,267.68333333333334,52,174,0.017241379310344827
13638.0,122.64,1,93,8,2011-11-24 10:38:00,2011-11-24 10:38:00,122.64,16,0,1.0
13639.0,1346.27,2,997,49,2011-09-26 13:36:00,2010-09-29 10:05:00,673.135,74,362,0.0055248618784530384
13640.0,405.0,1,108,4,2010-04-07 15:33:00,2010-04-07 15:33:00,405.0,611,0,1.0
13641.0,942.37,4,1097,40,2010-03-09 07:37:00,2009-12-05 13:17:00,235.5925,641,93,0.043010752688172046
13642.0,472.2,4,231,93,2011-05-08 12:34:00,2010-10-03 12:23:00,118.05,216,217,0.018433179723502304
13643.0,2156.77,10,902,71,2011-11-08 15:37:00,2009-12-08 12:48:00,215.677,31,700,0.014285714285714285
13644.0,2624.26,4,2067,144,2011-11-23 14:07:00,2011-08-26 11:53:00,656.065,16,89,0.0449438202247191
13645.0,252.1,1,158,5,2011-08-11 16:11:00,2011-08-11 16:11:00,252.1,120,0,1.0
13646.0,326.25,2,79,58,2010-11-05 12:13:00,2010-11-05 12:00:00,163.125,400,0,2.0
13647.0,3041.68,8,1795,98,2011-11-30 12:00:00,2010-04-15 12:55:00,380.21,10,593,0.013490725126475547
13648.0,1759.07,8,959,94,2010-11-04 14:46:00,2009-12-01 18:13:00,219.88375,400,337,0.02373887240356083
13649.0,1453.68,6,782,97,2011-03-28 11:51:00,2010-06-30 16:35:00,242.28,257,270,0.022222222222222223
13650.0,3288.0,10,1746,127,2011-11-23 12:22:00,2010-01-26 08:44:00,328.8,17,666,0.015015015015015015
13651.0,211.85,2,61,13,2011-10-31 12:11:00,2010-11-23 09:44:00,105.925,40,342,0.005847953216374269
13652.0,2262.05,5,1458,116,2011-10-25 08:51:00,2010-02-25 17:37:00,452.41,46,606,0.00825082508250825
13653.0,152.2,1,72,9,2010-08-09 08:19:00,2010-08-09 08:19:00,152.2,488,0,1.0
13654.0,6308.0,11,4762,262,2011-10-27 16:24:00,2009-12-02 11:43:00,573.4545454545455,43,694,0.01585014409221902
13655.0,2280.51,6,1225,103,2011-08-17 14:25:00,2010-04-27 09:59:00,380.08500000000004,114,477,0.012578616352201259
13656.0,1078.85,4,862,81,2011-06-28 10:31:00,2010-04-23 12:50:00,269.7125,165,430,0.009302325581395349
13657.0,382.14,2,209,16,2011-11-29 12:32:00,2011-05-22 12:35:00,191.07,11,190,0.010526315789473684
13658.0,6025.5,9,2171,164,2011-11-30 10:13:00,2010-02-05 13:17:00,669.5,10,662,0.013595166163141994
13659.0,4884.68,12,2527,224,2011-05-18 12:37:00,2010-02-17 09:05:00,407.0566666666667,206,455,0.026373626373626374
13660.0,306.64,1,136,39,2010-11-04 16:10:00,2010-11-04 16:10:00,306.64,400,0,1.0
13661.0,325.24,1,118,17,2010-04-15 14:58:00,2010-04-15 14:58:00,325.24,603,0,1.0
13662.0,2233.61,11,1169,126,2011-09-15 12:04:00,2010-02-19 13:21:00,203.05545454545455,86,572,0.019230769230769232
13663.0,2047.51,5,893,87,2011-06-13 15:44:00,2010-03-03 10:11:00,409.502,179,467,0.010706638115631691
13665.0,1711.6599999999999,3,1652,97,2010-11-18 13:06:00,2010-07-23 13:29:00,570.5533333333333,386,117,0.02564102564102564
13666.0,127.05,5,53,18,2011-10-10 15:39:00,2009-12-04 10:48:00,25.41,60,675,0.007407407407407408
13667.0,299.05,1,149,82,2011-07-13 15:42:00,2011-07-13 15:42:00,299.05,149,0,1.0
13668.0,12948.48,35,6096,411,2011-12-07 12:11:00,2009-12-11 14:28:00,369.9565714285714,3,725,0.04827586206896552
13669.0,413.55,3,393,13,2011-10-20 09:32:00,2010-10-28 15:05:00,137.85,51,356,0.008426966292134831
13670.0,349.7,1,282,25,2011-09-25 15:25:00,2011-09-25 15:25:00,349.7,75,0,1.0
13671.0,172.6,1,95,61,2010-11-10 10:50:00,2010-11-10 10:50:00,172.6,395,0,1.0
13672.0,419.92,3,138,13,2011-02-11 13:53:00,2009-12-09 11:40:00,139.97333333333333,301,429,0.006993006993006993
13673.0,387.44,2,114,47,2011-11-21 12:11:00,2011-11-07 15:40:00,193.72,19,13,0.15384615384615385
13674.0,240.68,1,102,14,2010-10-03 10:41:00,2010-10-03 10:41:00,240.68,433,0,1.0
13675.0,486.82000000000005,2,330,25,2011-07-11 12:57:00,2011-02-28 12:14:00,243.41000000000003,151,133,0.015037593984962405
13676.0,243.9,2,104,13,2010-06-18 17:30:00,2010-03-30 16:53:00,121.95,539,80,0.025
13677.0,551.24,2,217,98,2010-10-31 11:32:00,2010-07-07 17:25:00,275.62,405,115,0.017391304347826087
13678.0,232.6,1,924,16,2011-07-11 10:14:00,2011-07-11 10:14:00,232.6,152,0,1.0
13679.0,281.26,3,102,44,2010-08-03 12:13:00,2009-12-04 16:52:00,93.75333333333333,494,241,0.012448132780082987
13680.0,11419.67,12,5244,354,2011-12-08 13:47:00,2009-12-04 14:14:00,951.6391666666667,1,733,0.01637107776261937
13681.0,827.83,4,360,37,2011-11-22 11:13:00,2011-07-07 15:21:00,206.9575,18,137,0.029197080291970802
13682.0,59.5,1,10,3,2011-06-05 14:06:00,2011-06-05 14:06:00,59.5,187,0,1.0
13683.0,258.6,1,180,10,2010-09-08 10:00:00,2010-09-08 10:00:00,258.6,458,0,1.0
13684.0,594.88,4,234,81,2011-02-27 10:13:00,2010-03-28 14:48:00,148.72,286,335,0.011940298507462687
13685.0,3119.44,7,5056,29,2011-12-07 11:41:00,2011-10-10 12:59:00,445.63428571428574,3,57,0.12280701754385964
13686.0,409.04,3,378,27,2011-06-10 09:10:00,2010-11-03 13:44:00,136.34666666666666,183,218,0.013761467889908258
13687.0,11880.84,1,87167,45,2010-09-27 16:30:00,2010-09-27 16:30:00,11880.84,438,0,1.0
13688.0,375.5,1,130,5,2010-03-14 14:11:00,2010-03-14 14:11:00,375.5,635,0,1.0
13689.0,1259.5,2,722,6,2011-10-07 13:21:00,2010-09-21 10:27:00,629.75,63,381,0.005249343832020997
13690.0,172.25,1,67,9,2011-10-11 15:03:00,2011-10-11 15:03:00,172.25,59,0,1.0
13691.0,210.78,1,144,53,2010-11-08 17:34:00,2010-11-08 17:34:00,210.78,396,0,1.0
13692.0,3114.4,5,2101,83,2011-11-15 11:17:00,2010-10-15 13:28:00,622.88,25,395,0.012658227848101266
13693.0,2011.82,9,880,78,2010-11-30 18:21:00,2009-12-07 11:29:00,223.53555555555556,374,358,0.025139664804469275
13694.0,195640.69,143,188201,896,2011-12-06 09:32:00,2009-12-04 15:26:00,1368.1167132867133,4,731,0.19562243502051985
13695.0,2770.73,16,1791,47,2011-11-08 14:26:00,2010-05-11 11:07:00,173.170625,31,546,0.029304029304029304
13696.0,2020.4,3,552,24,2010-10-14 09:44:00,2010-02-11 14:17:00,673.4666666666667,422,244,0.012295081967213115
13697.0,151.29999999999998,1,177,12,2011-11-01 09:14:00,2011-11-01 09:14:00,151.29999999999998,39,0,1.0
13698.0,451.73,2,227,31,2010-04-22 11:52:00,2010-01-27 09:02:00,225.865,597,85,0.023529411764705882
13699.0,764.15,2,219,33,2011-07-07 16:51:00,2010-06-07 13:03:00,382.075,155,395,0.005063291139240506
13700.0,2596.9700000000003,13,2786,163,2011-11-13 13:00:00,2010-02-07 10:53:00,199.7669230769231,26,644,0.020186335403726708
13701.0,161.0,1,80,9,2010-09-19 12:39:00,2010-09-19 12:39:00,161.0,447,0,1.0
13702.0,135.18,1,74,5,2010-09-20 11:40:00,2010-09-20 11:40:00,135.18,446,0,1.0
13703.0,425.56,2,128,36,2011-01-25 13:10:00,2010-10-20 13:11:00,212.78,318,96,0.020833333333333332
13704.0,2308.06,9,1531,111,2011-12-04 15:13:00,2011-09-12 14:40:00,256.4511111111111,5,83,0.10843373493975904
13705.0,1717.19,7,906,55,2011-12-02 12:32:00,2010-03-25 17:19:00,245.31285714285715,8,616,0.011363636363636364
13706.0,631.17,2,301,38,2011-02-10 09:21:00,2010-03-23 09:18:00,315.585,303,324,0.006172839506172839
13707.0,3365.86,5,2210,142,2011-03-17 18:03:00,2010-06-21 11:57:00,673.172,267,269,0.01858736059479554
13708.0,283.33,1,300,48,2011-03-13 13:46:00,2011-03-13 13:46:00,283.33,271,0,1.0
13709.0,7571.35,18,4122,296,2011-12-06 10:28:00,2010-01-11 10:40:00,420.6305555555556,4,693,0.025974025974025976
13710.0,509.52,3,336,13,2011-11-08 08:16:00,2010-04-06 12:54:00,169.84,32,580,0.005172413793103448
13711.0,1792.26,9,819,80,2011-05-05 10:31:00,2009-12-15 19:04:00,199.14,219,505,0.01782178217821782
13712.0,766.42,2,1128,32,2011-04-07 12:33:00,2010-04-08 11:16:00,383.21,247,364,0.005494505494505495
13713.0,740.76,3,284,70,2010-10-27 16:18:00,2010-05-05 16:48:00,246.92,408,174,0.017241379310344827
13714.0,161.35,1,50,30,2010-08-31 13:57:00,2010-08-31 13:57:00,161.35,465,0,1.0
13715.0,8153.04,17,4800,277,2011-03-03 19:21:00,2010-03-11 15:33:00,479.5905882352941,281,357,0.047619047619047616
13716.0,138.28,1,138,21,2011-03-15 13:49:00,2011-03-15 13:49:00,138.28,269,0,1.0
13717.0,1763.3,8,2144,110,2011-11-07 14:13:00,2010-08-11 09:40:00,220.4125,32,453,0.017660044150110375
13718.0,306.55,2,173,9,2011-04-07 13:24:00,2011-02-17 11:58:00,153.275,246,49,0.04081632653061224
13719.0,2782.1,11,1586,193,2011-11-24 15:26:00,2010-05-17 14:36:00,252.9181818181818,15,556,0.019784172661870502
13720.0,799.9,4,501,42,2011-08-15 12:46:00,2011-03-30 09:17:00,199.975,117,138,0.028985507246376812
13721.0,741.54,2,512,41,2011-11-03 14:05:00,2010-11-09 17:59:00,370.77,36,358,0.00558659217877095
13722.0,5635.41,10,3059,137,2011-07-31 12:44:00,2010-03-03 14:13:00,563.5409999999999,132,514,0.019455252918287938
13723.0,1194.08,6,593,51,2011-05-06 17:04:00,2010-04-07 14:32:00,199.01333333333332,217,394,0.015228426395939087
13724.0,213.01,1,130,39,2010-03-12 15:28:00,2010-03-12 15:28:00,213.01,637,0,1.0
13725.0,1980.56,8,806,95,2011-10-21 10:03:00,2011-02-04 12:18:00,247.57,50,258,0.031007751937984496
13726.0,1079.6599999999999,2,1054,39,2011-11-01 10:49:00,2011-08-31 11:06:00,539.8299999999999,39,61,0.03278688524590164
13727.0,1074.15,8,368,74,2011-11-11 09:46:00,2009-12-09 13:25:00,134.26875,29,701,0.011412268188302425
13728.0,2855.17,16,1269,75,2011-11-03 10:49:00,2009-12-09 17:13:00,178.448125,37,693,0.023088023088023088
13729.0,724.73,3,419,36,2010-09-30 10:44:00,2010-01-24 14:57:00,241.57666666666668,436,248,0.012096774193548387
13730.0,752.6,2,488,38,2011-07-27 08:35:00,2011-07-01 12:47:00,376.3,136,25,0.08
13731.0,610.59,2,278,36,2011-05-04 14:33:00,2011-04-07 10:10:00,305.295,219,27,0.07407407407407407
13732.0,491.86,1,498,33,2011-11-11 15:49:00,2011-11-11 15:49:00,491.86,28,0,1.0
13733.0,487.03000000000003,2,335,28,2010-10-25 12:18:00,2009-12-04 15:28:00,243.51500000000001,411,324,0.006172839506172839
13734.0,6695.6900000000005,4,302,24,2010-07-19 12:04:00,2010-04-16 08:42:00,1673.9225000000001,509,94,0.0425531914893617
13735.0,9762.77,13,4135,362,2011-11-15 11:14:00,2009-12-13 13:31:00,750.9823076923077,25,701,0.018544935805991442
13736.0,2752.47,7,1549,325,2011-12-04 15:19:00,2009-12-06 12:07:00,393.21,5,728,0.009615384615384616
13737.0,339.59999999999997,1,125,29,2011-05-23 16:32:00,2011-05-23 16:32:00,339.59999999999997,200,0,1.0
13738.0,434.78000000000003,1,237,88,2010-11-08 15:23:00,2010-11-08 15:23:00,434.78000000000003,396,0,1.0
13739.0,292.2,2,76,6,2011-11-21 13:35:00,2010-06-30 10:25:00,146.1,18,509,0.003929273084479371
13740.0,1582.77,5,987,83,2011-04-13 10:32:00,2009-12-02 12:22:00,316.554,241,496,0.010080645161290322
13741.0,668.4300000000001,3,218,34,2011-09-29 09:19:00,2011-05-06 13:43:00,222.81000000000003,72,145,0.020689655172413793
13742.0,3107.87,12,1115,200,2011-11-23 11:07:00,2011-01-23 14:59:00,258.9891666666667,17,303,0.039603960396039604
13743.0,1341.6,7,1776,8,2011-12-07 10:09:00,2011-03-25 14:46:00,191.65714285714284,3,256,0.02734375
13744.0,1080.52,2,1153,54,2011-09-05 15:19:00,2011-02-20 14:08:00,540.26,95,197,0.01015228426395939
13745.0,777.36,2,1146,46,2011-06-30 16:43:00,2010-06-11 17:19:00,388.68,162,383,0.005221932114882507
13746.0,176.69,1,83,9,2010-10-22 11:55:00,2010-10-22 11:55:00,176.69,414,0,1.0
13747.0,169.79999999999998,2,60,4,2010-12-01 10:37:00,2010-10-11 09:15:00,84.89999999999999,374,51,0.0392156862745098
13748.0,2064.35,9,1028,40,2011-09-05 09:45:00,2009-12-01 16:44:00,229.3722222222222,96,642,0.014018691588785047
13750.0,3602.1800000000003,11,1370,51,2011-10-17 12:16:00,2010-04-01 14:49:00,327.4709090909091,54,563,0.019538188277087035
13751.0,296.25,1,152,9,2011-02-24 15:56:00,2011-02-24 15:56:00,296.25,288,0,1.0
13752.0,1579.8300000000002,7,1005,75,2011-08-07 14:16:00,2010-06-30 10:23:00,225.69000000000003,124,403,0.017369727047146403
13753.0,2094.57,4,1450,64,2011-02-25 12:48:00,2009-12-03 10:20:00,523.6425,288,449,0.008908685968819599
13754.0,447.05,3,315,16,2011-07-11 11:51:00,2010-09-28 15:29:00,149.01666666666668,152,285,0.010526315789473684
13755.0,2108.06,9,1242,232,2011-12-06 12:26:00,2011-10-07 15:45:00,234.2288888888889,4,59,0.15254237288135594
13756.0,8655.95,23,5138,142,2011-12-07 16:44:00,2009-12-15 15:18:00,376.3456521739131,2,722,0.03185595567867036
13757.0,195.55,1,54,8,2010-02-03 12:37:00,2010-02-03 12:37:00,195.55,675,0,1.0
13758.0,8595.29,14,4666,212,2011-11-28 11:11:00,2009-12-01 10:06:00,613.9492857142858,12,727,0.01925722145804677
13759.0,659.4100000000001,2,287,24,2011-11-06 14:47:00,2011-09-29 15:40:00,329.70500000000004,33,37,0.05405405405405406
13760.0,1363.6399999999999,5,623,95,2011-10-16 16:13:00,2010-04-25 13:10:00,272.72799999999995,54,539,0.00927643784786642
13761.0,1952.17,6,1079,118,2011-10-20 14:01:00,2010-02-21 11:08:00,325.3616666666667,50,606,0.009900990099009901
13762.0,2472.48,5,2608,23,2011-05-05 09:15:00,2010-01-10 12:13:00,494.496,219,479,0.010438413361169102
13763.0,5217.4400000000005,3,3224,50,2011-10-07 15:13:00,2010-09-30 17:39:00,1739.1466666666668,63,371,0.008086253369272238
13764.0,2908.67,6,2080,294,2011-09-30 12:03:00,2010-03-07 12:56:00,484.77833333333336,71,571,0.010507880910683012
13765.0,352.82,1,296,16,2010-02-24 13:46:00,2010-02-24 13:46:00,352.82,653,0,1.0
13766.0,190.35,1,137,16,2010-08-01 14:25:00,2010-08-01 14:25:00,190.35,495,0,1.0
13767.0,33903.57,73,14595,117,2011-12-07 15:00:00,2009-12-01 10:52:00,464.43246575342465,2,736,0.09918478260869565
13768.0,875.97,2,373,30,2009-12-13 10:41:00,2009-12-09 10:25:00,437.985,727,4,0.5
13769.0,5478.12,20,2452,121,2011-12-07 15:08:00,2009-12-16 11:59:00,273.906,2,721,0.027739251040221916
13770.0,785.37,4,468,48,2010-10-13 15:10:00,2009-12-09 14:44:00,196.3425,422,308,0.012987012987012988
13771.0,5728.82,9,3140,182,2011-10-06 14:18:00,2010-02-25 12:37:00,636.5355555555556,64,588,0.015306122448979591
13772.0,3100.02,8,1446,394,2011-11-06 11:43:00,2010-02-23 13:55:00,387.5025,34,620,0.012903225806451613
13773.0,301.54,2,174,19,2010-11-08 11:49:00,2010-02-18 10:27:00,150.77,397,263,0.0076045627376425855
13774.0,345.0,1,192,22,2011-09-19 12:06:00,2011-09-19 12:06:00,345.0,82,0,1.0
13775.0,1049.66,1,455,63,2010-04-28 12:15:00,2010-04-28 12:15:00,1049.66,591,0,1.0
13777.0,49638.26,61,23190,44,2011-12-09 12:25:00,2009-12-02 09:47:00,813.7419672131148,1,737,0.08276797829036635
13778.0,1124.49,4,511,33,2011-08-28 15:25:00,2010-05-23 13:34:00,281.1225,103,462,0.008658008658008658
13779.0,161.13,1,53,27,2010-07-12 11:24:00,2010-07-12 11:24:00,161.13,516,0,1.0
13780.0,732.07,3,479,90,2011-12-02 13:49:00,2010-10-28 19:51:00,244.02333333333334,7,399,0.007518796992481203
13781.0,778.83,3,300,56,2011-04-03 12:08:00,2009-12-18 15:46:00,259.61,251,470,0.006382978723404255
13782.0,1786.08,13,643,187,2011-11-27 11:54:00,2009-12-06 12:52:00,137.39076923076922,13,720,0.018055555555555554
13783.0,1542.09,4,3437,4,2010-08-09 09:23:00,2010-02-04 13:47:00,385.5225,488,185,0.021621621621621623
13784.0,2910.23,14,2827,13,2011-11-30 09:33:00,2010-09-15 12:27:00,207.87357142857144,10,440,0.031818181818181815
13785.0,542.49,4,151,26,2010-10-07 09:25:00,2010-09-05 16:01:00,135.6225,429,31,0.12903225806451613
13786.0,3127.99,6,1515,80,2010-12-07 13:53:00,2009-12-03 15:32:00,521.3316666666666,367,368,0.016304347826086956
13787.0,1222.5,6,998,71,2011-09-25 12:06:00,2010-01-14 10:13:00,203.75,76,619,0.009693053311793215
13788.0,3.75,1,1,1,2010-07-22 15:50:00,2010-07-22 15:50:00,3.75,505,0,1.0
13789.0,239.45999999999998,1,258,18,2010-11-16 15:31:00,2010-11-16 15:31:00,239.45999999999998,388,0,1.0
13790.0,348.8,1,748,45,2011-12-05 15:48:00,2011-12-05 15:48:00,348.8,4,0,1.0
13791.0,1516.0,2,1200,7,2011-08-04 11:44:00,2011-06-24 16:38:00,758.0,128,40,0.05
13792.0,383.95,3,156,23,2011-10-04 14:31:00,2010-10-13 11:05:00,127.98333333333333,66,356,0.008426966292134831
13793.0,96.0,1,52,7,2010-03-03 08:25:00,2010-03-03 08:25:00,96.0,647,0,1.0
13794.0,126.03,1,63,9,2010-06-11 12:30:00,2010-06-11 12:30:00,126.03,547,0,1.0
13795.0,836.3,4,1250,23,2010-11-16 17:25:00,2010-03-12 12:44:00,209.075,388,249,0.01606425702811245
13796.0,289.7,1,218,22,2010-07-28 14:45:00,2010-07-28 14:45:00,289.7,499,0,1.0
13797.0,1179.45,3,573,71,2010-09-29 10:34:00,2010-03-02 12:17:00,393.15000000000003,437,210,0.014285714285714285
13798.0,75428.87,110,48187,168,2011-12-08 15:51:00,2009-12-08 16:21:00,685.717,1,729,0.15089163237311384
13799.0,2803.57,9,1539,64,2011-08-15 12:07:00,2010-03-05 16:39:00,311.5077777777778,117,527,0.017077798861480076
13800.0,1679.56,3,891,73,2011-02-03 12:27:00,2009-12-03 10:03:00,559.8533333333334,310,427,0.00702576112412178
13801.0,324.8,1,168,23,2011-10-04 10:15:00,2011-10-04 10:15:00,324.8,67,0,1.0
13802.0,26259.11,19,14129,212,2011-07-24 10:54:00,2010-02-16 10:11:00,1382.0584210526315,139,523,0.036328871892925434
13803.0,1338.91,3,831,73,2011-03-29 12:57:00,2010-03-31 10:00:00,446.30333333333334,255,363,0.008264462809917356
13804.0,3161.12,9,1797,149,2011-11-09 12:32:00,2010-09-29 10:26:00,351.23555555555555,31,406,0.022167487684729065
13805.0,924.6,2,1900,10,2011-10-18 14:50:00,2011-08-02 15:29:00,462.3,52,76,0.02631578947368421
13806.0,256.38,1,56,10,2011-10-07 11:43:00,2011-10-07 11:43:00,256.38,64,0,1.0
13807.0,422.2,3,116,24,2010-12-07 15:48:00,2009-12-04 12:41:00,140.73333333333332,367,368,0.008152173913043478
13808.0,1747.66,5,782,70,2011-12-04 12:18:00,2011-09-04 12:07:00,349.53200000000004,6,91,0.054945054945054944
13809.0,679.7,3,281,23,2011-02-07 13:15:00,2010-09-05 11:42:00,226.5666666666667,305,155,0.01935483870967742
13810.0,827.51,2,307,30,2011-11-11 08:33:00,2011-10-14 12:57:00,413.755,29,27,0.07407407407407407
13811.0,519.75,2,63,5,2011-06-09 09:54:00,2011-04-14 18:40:00,259.875,184,55,0.03636363636363636
13812.0,485.0,3,330,32,2011-10-28 14:27:00,2011-08-26 12:54:00,161.66666666666666,42,63,0.047619047619047616
13813.0,2387.4700000000003,8,1271,83,2011-10-31 10:38:00,2009-12-06 10:16:00,298.43375000000003,40,694,0.011527377521613832
13814.0,2257.32,3,1214,56,2011-09-08 13:48:00,2010-06-30 14:12:00,752.44,92,434,0.0069124423963133645
13815.0,6737.74,8,5340,202,2011-11-17 14:19:00,2010-02-12 10:26:00,842.2175,22,643,0.012441679626749611
13816.0,499.67,2,265,24,2011-11-16 08:38:00,2011-10-06 14:37:00,249.835,24,40,0.05
13817.0,328.98,2,208,19,2011-11-10 17:49:00,2010-12-23 11:46:00,164.49,29,322,0.006211180124223602
13818.0,61.28,1,60,5,2010-10-06 12:35:00,2010-10-06 12:35:00,61.28,430,0,1.0
13819.0,2642.35,6,2309,47,2011-02-11 10:38:00,2009-12-01 16:18:00,440.39166666666665,302,436,0.013761467889908258
13820.0,652.75,3,285,68,2010-10-17 13:46:00,2010-01-28 12:26:00,217.58333333333334,418,262,0.011450381679389313
13821.0,1379.08,6,477,158,2011-07-18 09:49:00,2010-01-04 13:36:00,229.84666666666666,145,559,0.01073345259391771
13822.0,632.0,2,611,90,2011-12-04 12:13:00,2011-10-30 15:55:00,316.0,6,34,0.058823529411764705
13823.0,3403.4500000000003,7,1564,108,2011-11-21 10:22:00,2009-12-15 14:34:00,486.2071428571429,19,705,0.009929078014184398
13824.0,3314.76,12,1442,59,2011-11-07 12:41:00,2010-03-12 15:17:00,276.23,33,604,0.019867549668874173
13825.0,255.59,2,182,38,2010-03-28 11:02:00,2009-12-09 14:30:00,127.795,622,108,0.018518518518518517
13826.0,189.5,1,82,10,2011-06-16 13:48:00,2011-06-16 13:48:00,189.5,176,0,1.0
13827.0,409.8,3,138,83,2011-10-13 12:38:00,2011-07-19 15:38:00,136.6,58,85,0.03529411764705882
13828.0,209.49,1,311,15,2011-11-17 16:02:00,2011-11-17 16:02:00,209.49,22,0,1.0
13829.0,102.0,1,12,1,2010-10-14 18:19:00,2010-10-14 18:19:00,102.0,421,0,1.0
13830.0,156.85000000000002,1,47,11,2010-05-07 12:24:00,2010-05-07 12:24:00,156.85000000000002,582,0,1.0
13831.0,6585.54,18,2393,121,2011-11-23 15:41:00,2009-12-10 14:50:00,365.86333333333334,16,713,0.025245441795231416
13832.0,609.89,2,420,54,2011-11-20 15:36:00,2010-10-13 14:41:00,304.945,19,403,0.004962779156327543
13833.0,700.41,2,243,43,2011-07-03 13:27:00,2010-10-31 14:11:00,350.205,159,244,0.00819672131147541
13834.0,324.19,2,221,15,2010-05-12 10:27:00,2010-02-08 12:52:00,162.095,577,92,0.021739130434782608
13835.0,1095.27,7,520,60,2011-11-14 15:37:00,2010-03-04 08:26:00,156.46714285714285,25,620,0.01129032258064516
13836.0,620.37,2,273,29,2010-11-05 13:31:00,2010-10-21 13:27:00,310.185,399,15,0.13333333333333333
13837.0,266.59000000000003,2,182,17,2011-05-12 12:10:00,2011-01-26 12:15:00,133.29500000000002,212,105,0.01904761904761905
13838.0,1690.07,10,694,328,2011-12-04 11:00:00,2010-05-09 11:40:00,169.007,6,573,0.017452006980802792
13839.0,139.95000000000002,1,25,7,2010-08-10 13:52:00,2010-08-10 13:52:00,139.95000000000002,486,0,1.0
13840.0,651.4,1,358,40,2010-10-19 13:34:00,2010-10-19 13:34:00,651.4,416,0,1.0
13841.0,85.0,1,100,1,2011-04-01 12:10:00,2011-04-01 12:10:00,85.0,253,0,1.0
13842.0,5319.34,18,2716,214,2011-10-12 10:51:00,2010-02-16 15:54:00,295.5188888888889,59,602,0.029900332225913623
13843.0,319.75,1,145,18,2010-11-23 17:48:00,2010-11-23 17:48:00,319.75,381,0,1.0
13844.0,361.62,1,196,20,2011-11-28 13:21:00,2011-11-28 13:21:00,361.62,11,0,1.0
13845.0,312.98,1,182,9,2011-10-06 08:25:00,2011-10-06 08:25:00,312.98,65,0,1.0
13846.0,1307.79,4,705,81,2011-11-15 12:07:00,2010-11-05 09:47:00,326.9475,25,375,0.010666666666666666
13847.0,310.72,1,96,19,2009-12-20 10:41:00,2009-12-20 10:41:00,310.72,720,0,1.0
13848.0,3015.0,8,9200,3,2011-09-08 12:58:00,2009-12-09 16:17:00,376.875,92,637,0.012558869701726845
13849.0,3469.3,5,1883,189,2011-10-19 10:59:00,2010-03-25 12:03:00,693.86,52,572,0.008741258741258742
13850.0,1595.48,1,944,93,2011-08-02 14:04:00,2011-08-02 14:04:00,1595.48,129,0,1.0
13851.0,4606.46,8,2525,111,2011-09-05 12:36:00,2010-01-29 11:54:00,575.8075,96,584,0.0136986301369863
13852.0,187.35000000000002,1,85,11,2010-04-08 09:06:00,2010-04-08 09:06:00,187.35000000000002,611,0,1.0
13853.0,1090.14,1,312,23,2011-10-13 14:18:00,2011-10-13 14:18:00,1090.14,57,0,1.0
13854.0,11944.56,39,3642,61,2011-12-01 09:06:00,2010-01-08 11:28:00,306.2707692307692,9,691,0.056439942112879886
13855.0,1310.3400000000001,4,575,64,2010-07-27 09:53:00,2009-12-08 16:56:00,327.58500000000004,501,230,0.017391304347826087
13856.0,1142.03,11,1105,33,2011-06-24 10:03:00,2010-03-30 15:40:00,103.82090909090908,169,450,0.024444444444444446
13857.0,1000.91,6,781,98,2010-11-11 12:54:00,2010-05-17 14:21:00,166.81833333333333,393,177,0.03389830508474576
13858.0,216.17,1,75,11,2011-10-13 16:17:00,2011-10-13 16:17:00,216.17,57,0,1.0
13859.0,515.86,2,167,34,2011-01-17 16:14:00,2010-06-28 15:36:00,257.93,326,203,0.009852216748768473
13860.0,1245.9,5,591,58,2011-12-08 12:57:00,2011-09-14 09:27:00,249.18,1,85,0.058823529411764705
13861.0,273.26,2,225,21,2010-10-06 14:20:00,2010-06-27 11:37:00,136.63,429,101,0.019801980198019802
13862.0,2556.09,9,1927,113,2011-11-21 16:24:00,2010-11-15 13:43:00,284.01,18,371,0.02425876010781671
13863.0,1239.55,4,553,59,2011-04-06 10:20:00,2010-04-25 13:09:00,309.8875,248,345,0.011594202898550725
13864.0,662.4000000000001,1,192,1,2010-11-18 12:50:00,2010-11-18 12:50:00,662.4000000000001,387,0,1.0
13865.0,501.56,4,204,26,2011-10-12 13:31:00,2011-02-23 12:04:00,125.39,58,231,0.017316017316017316
13866.0,145.67000000000002,1,57,7,2011-09-26 14:54:00,2011-09-26 14:54:00,145.67000000000002,74,0,1.0
13867.0,1005.09,3,501,51,2011-11-08 15:48:00,2011-05-05 17:28:00,335.03000000000003,31,186,0.016129032258064516
13868.0,3192.54,2,1964,32,2011-12-02 16:32:00,2011-11-01 12:45:00,1596.27,7,31,0.06451612903225806
13869.0,7996.87,10,4302,502,2011-08-08 13:53:00,2010-01-17 14:53:00,799.687,123,567,0.01763668430335097
13870.0,5712.08,15,3449,159,2011-12-07 13:23:00,2010-02-08 12:08:00,380.80533333333335,2,667,0.022488755622188907
13871.0,7885.85,17,3502,183,2011-11-17 10:49:00,2009-12-20 13:09:00,463.8735294117647,23,696,0.02442528735632184
13872.0,919.57,3,339,51,2010-06-30 15:35:00,2009-12-14 09:56:00,306.52333333333337,527,198,0.015151515151515152
13873.0,1038.92,8,472,55,2011-08-12 10:08:00,2010-03-03 12:31:00,129.865,120,526,0.015209125475285171
13874.0,2049.15,7,864,46,2010-12-16 18:20:00,2010-02-04 18:39:00,292.7357142857143,358,314,0.022292993630573247
13875.0,4814.37,14,3072,159,2011-10-17 09:36:00,2009-12-17 10:30:00,343.88357142857143,54,668,0.020958083832335328
13876.0,122.7,1,36,7,2011-10-07 10:22:00,2011-10-07 10:22:00,122.7,64,0,1.0
13877.0,449.68,3,478,23,2011-09-14 15:49:00,2010-01-19 10:53:00,149.89333333333335,86,603,0.004975124378109453
13878.0,2416.9,4,927,93,2011-10-16 12:19:00,2010-04-14 13:50:00,604.225,55,549,0.007285974499089253
13879.0,395.5,1,204,25,2010-03-04 10:49:00,2010-03-04 10:49:00,395.5,646,0,1.0
13880.0,4293.86,17,2535,148,2011-11-18 13:44:00,2010-05-26 14:29:00,252.57999999999998,21,540,0.03148148148148148
13881.0,45179.1,43,29760,182,2011-12-06 12:50:00,2010-03-04 14:41:00,1050.6767441860466,4,641,0.06708268330733229
13882.0,1191.13,5,953,54,2011-12-07 11:16:00,2011-10-06 15:28:00,238.22600000000003,3,61,0.08196721311475409
13883.0,6535.37,14,3582,199,2011-11-29 10:45:00,2010-02-28 12:53:00,466.8121428571429,11,638,0.0219435736677116
13884.0,1825.03,10,752,108,2011-12-02 16:30:00,2010-08-26 19:57:00,182.503,7,462,0.021645021645021644
13885.0,506.8,2,182,28,2011-06-03 15:07:00,2011-05-23 08:52:00,253.4,189,11,0.18181818181818182
13886.0,243.56,1,126,16,2011-09-29 13:17:00,2011-09-29 13:17:00,243.56,71,0,1.0
13887.0,349.55,1,147,19,2011-05-19 17:22:00,2011-05-19 17:22:00,349.55,204,0,1.0
13888.0,2001.59,7,795,124,2011-08-12 10:13:00,2010-05-13 11:57:00,285.94142857142856,120,455,0.015384615384615385
13889.0,1991.23,6,979,57,2011-09-08 09:13:00,2010-01-22 14:32:00,331.87166666666667,93,593,0.01011804384485666
13890.0,2927.38,14,1392,100,2011-12-08 15:36:00,2009-12-06 15:15:00,209.09857142857143,1,732,0.01912568306010929
13891.0,859.21,3,476,97,2010-11-26 15:57:00,2010-05-06 16:02:00,286.40333333333336,378,203,0.014778325123152709
13892.0,1267.6499999999999,6,3125,33,2011-11-13 11:50:00,2010-05-13 10:32:00,211.27499999999998,27,549,0.01092896174863388
13893.0,821.1,1,190,21,2011-02-15 11:30:00,2011-02-15 11:30:00,821.1,298,0,1.0
13894.0,564.62,3,354,25,2011-11-16 09:44:00,2011-02-02 12:54:00,188.20666666666668,24,286,0.01048951048951049
13895.0,4008.52,6,2060,154,2011-11-11 16:57:00,2009-12-03 13:09:00,668.0866666666667,28,708,0.00847457627118644
13896.0,388.55,1,149,21,2010-03-24 08:55:00,2010-03-24 08:55:00,388.55,626,0,1.0
13897.0,1160.72,3,820,58,2011-10-20 14:30:00,2010-01-31 13:48:00,386.9066666666667,50,627,0.004784688995215311
13898.0,686.4,2,544,43,2011-01-18 10:28:00,2010-10-24 15:42:00,343.2,326,85,0.023529411764705882
13899.0,388.52,2,156,19,2011-11-23 13:40:00,2011-03-10 09:30:00,194.26,16,258,0.007751937984496124
13900.0,1610.59,6,938,80,2011-06-09 19:26:00,2010-03-25 13:46:00,268.4316666666667,183,441,0.013605442176870748
13901.0,5676.34,15,3344,280,2011-09-28 14:48:00,2010-01-05 09:29:00,378.42266666666666,72,631,0.02377179080824089
13902.0,34023.26,5,220596,57,2010-03-17 13:09:00,2009-12-15 10:02:00,6804.652,632,92,0.05434782608695652
13903.0,165.45000000000002,1,103,10,2010-11-04 17:44:00,2010-11-04 17:44:00,165.45000000000002,400,0,1.0
13904.0,332.64,2,332,24,2011-11-02 13:41:00,2011-02-18 11:18:00,166.32,37,257,0.007782101167315175
13905.0,312.65,1,135,12,2009-12-07 11:41:00,2009-12-07 11:41:00,312.65,733,0,1.0
13906.0,42.0,1,100,1,2010-10-26 15:00:00,2010-10-26 15:00:00,42.0,409,0,1.0
13907.0,136.8,1,68,4,2010-01-17 12:22:00,2010-01-17 12:22:00,136.8,692,0,1.0
13908.0,2319.55,4,1477,103,2011-09-21 11:49:00,2011-03-08 12:04:00,579.8875,80,196,0.02040816326530612
13909.0,282.85,2,301,35,2010-10-12 17:22:00,2010-07-06 16:52:00,141.425,423,98,0.02040816326530612
13911.0,4234.99,20,4487,178,2011-10-13 15:43:00,2010-03-01 16:31:00,211.74949999999998,57,590,0.03389830508474576
13912.0,124.95,1,29,7,2010-10-12 08:43:00,2010-10-12 08:43:00,124.95,424,0,1.0
13913.0,42.22,1,10,3,2010-07-21 10:11:00,2010-07-21 10:11:00,42.22,507,0,1.0
13914.0,626.45,2,380,28,2011-11-28 10:35:00,2011-11-03 16:28:00,313.225,12,24,0.08333333333333333
13915.0,70.80000000000001,1,24,2,2010-11-10 15:17:00,2010-11-10 15:17:00,70.80000000000001,394,0,1.0
13916.0,1275.81,4,673,72,2010-09-02 10:04:00,2010-02-02 10:06:00,318.9525,464,211,0.018957345971563982
13917.0,272.04,2,228,16,2011-10-21 09:56:00,2011-06-01 12:46:00,136.02,50,141,0.014184397163120567
13918.0,1212.8400000000001,2,1140,30,2011-10-21 12:25:00,2011-03-31 18:05:00,606.4200000000001,50,203,0.009852216748768473
13919.0,1252.68,4,1127,64,2011-10-11 14:24:00,2010-06-17 09:30:00,313.17,59,481,0.008316008316008316
13920.0,1774.68,4,1772,81,2010-10-04 12:37:00,2010-05-26 15:48:00,443.67,432,130,0.03076923076923077
13921.0,730.7,4,210,36,2010-11-02 16:32:00,2009-12-18 12:19:00,182.675,402,319,0.012539184952978056
13922.0,865.2,3,467,30,2010-12-23 10:38:00,2010-08-29 14:36:00,288.40000000000003,352,115,0.02608695652173913
13923.0,351.13,1,185,20,2011-10-17 12:33:00,2011-10-17 12:33:00,351.13,54,0,1.0
13924.0,1838.8500000000001,6,1575,90,2011-12-08 09:39:00,2011-09-28 15:07:00,306.475,2,70,0.08571428571428572
13925.0,678.25,4,331,28,2011-09-08 12:47:00,2011-07-28 12:09:00,169.5625,93,42,0.09523809523809523
13926.0,223.85000000000002,1,104,11,2011-11-16 13:16:00,2011-11-16 13:16:00,223.85000000000002,23,0,1.0
13927.0,708.26,2,463,37,2011-09-26 12:00:00,2010-09-28 16:12:00,354.13,75,362,0.0055248618784530384
13928.0,464.57,4,129,23,2011-11-29 10:33:00,2011-07-29 15:59:00,116.1425,11,122,0.03278688524590164
13929.0,3494.1,11,1566,38,2011-06-23 15:26:00,2010-01-14 07:25:00,317.6454545454545,169,525,0.02095238095238095
13930.0,337.34,2,274,15,2011-10-13 09:45:00,2011-07-26 11:00:00,168.67,58,78,0.02564102564102564
13931.0,5257.38,11,3488,205,2011-09-05 10:12:00,2009-12-03 10:26:00,477.94363636363636,96,640,0.0171875
13932.0,307.4,1,72,16,2011-02-18 12:02:00,2011-02-18 12:02:00,307.4,295,0,1.0
13933.0,608.7900000000001,2,205,23,2011-08-22 14:03:00,2011-07-14 13:35:00,304.39500000000004,109,39,0.05128205128205128
13934.0,922.1,1,390,31,2011-03-21 08:39:00,2011-03-21 08:39:00,922.1,264,0,1.0
13935.0,6116.92,3,2252,67,2010-04-22 11:21:00,2010-02-25 16:01:00,2038.9733333333334,597,55,0.05454545454545454
13936.0,939.66,3,661,56,2011-06-13 08:47:00,2010-10-21 14:21:00,313.21999999999997,180,234,0.01282051282051282
13937.0,880.13,2,587,54,2011-06-23 16:35:00,2010-11-02 12:37:00,440.065,169,233,0.008583690987124463
13938.0,71.66,1,70,7,2011-11-04 14:37:00,2011-11-04 14:37:00,71.66,35,0,1.0
13939.0,1560.96,7,1608,91,2011-11-16 13:33:00,2010-04-06 12:43:00,222.99428571428572,23,589,0.011884550084889643
13940.0,839.14,4,516,39,2011-11-22 15:15:00,2011-07-18 16:05:00,209.785,17,126,0.031746031746031744
13941.0,10027.18,15,4782,42,2011-11-18 09:43:00,2009-12-16 16:10:00,668.4786666666666,22,701,0.021398002853067047
13942.0,320.0,1,1000,1,2010-06-23 12:35:00,2010-06-23 12:35:00,320.0,535,0,1.0
13943.0,246.54,1,94,15,2010-05-11 11:30:00,2010-05-11 11:30:00,246.54,578,0,1.0
13944.0,200.43,1,153,35,2010-02-24 15:02:00,2010-02-24 15:02:00,200.43,653,0,1.0
13945.0,854.15,2,413,49,2010-11-10 10:00:00,2010-08-17 09:59:00,427.075,395,85,0.023529411764705882
13946.0,1876.23,6,2847,49,2011-09-21 13:33:00,2009-12-04 11:07:00,312.705,79,656,0.009146341463414634
13947.0,90.6,1,44,5,2011-10-05 14:42:00,2011-10-05 14:42:00,90.6,65,0,1.0
13948.0,548.76,4,248,23,2010-12-14 10:18:00,2009-12-04 12:14:00,137.19,361,374,0.0106951871657754
13949.0,2427.32,6,2474,124,2011-12-07 09:35:00,2011-09-06 11:55:00,404.55333333333334,3,91,0.06593406593406594
13950.0,745.06,4,323,33,2011-11-28 14:44:00,2011-04-07 11:29:00,186.265,11,235,0.01702127659574468
13951.0,674.45,3,459,38,2011-06-16 16:43:00,2011-02-18 15:21:00,224.8166666666667,176,118,0.025423728813559324
13952.0,12823.52,14,5946,237,2011-05-06 09:00:00,2009-12-16 09:41:00,915.9657142857143,218,505,0.027722772277227723
13953.0,6640.68,12,5224,8,2011-12-02 16:04:00,2009-12-11 12:58:00,553.39,7,721,0.016643550624133148
13954.0,439.92,2,150,24,2011-12-08 12:50:00,2011-09-30 10:52:00,219.96,2,69,0.028985507246376812
13955.0,544.0699999999999,3,272,82,2011-07-08 17:19:00,2010-11-29 17:35:00,181.35666666666665,154,220,0.013636363636363636
13956.0,1019.27,5,486,123,2011-12-04 13:20:00,2011-03-13 12:51:00,203.85399999999998,5,266,0.018796992481203006
13957.0,458.25,3,157,21,2010-10-18 10:02:00,2010-02-19 10:32:00,152.75,418,240,0.0125
13958.0,4709.2300000000005,8,2264,172,2010-11-25 10:11:00,2009-12-05 13:12:00,588.6537500000001,380,354,0.022598870056497175
13959.0,1064.77,6,694,120,2011-09-21 15:06:00,2010-07-16 15:11:00,177.46166666666667,79,431,0.013921113689095127
13960.0,230.22,2,142,11,2011-11-18 15:27:00,2011-09-29 12:39:00,115.11,21,50,0.04
13961.0,538.4,1,226,19,2010-11-12 14:40:00,2010-11-12 14:40:00,538.4,392,0,1.0
13962.0,362.8,3,160,23,2011-11-18 08:47:00,2010-09-30 10:35:00,120.93333333333334,22,413,0.007263922518159807
13963.0,2860.57,17,2007,129,2011-02-04 14:43:00,2010-04-21 16:20:00,168.26882352941178,308,288,0.059027777777777776
13964.0,438.9,2,228,22,2010-11-17 13:53:00,2010-10-05 12:38:00,219.45,387,43,0.046511627906976744
13965.0,996.61,3,425,23,2010-08-20 10:40:00,2010-01-05 15:21:00,332.2033333333333,477,226,0.01327433628318584
13966.0,384.26,1,760,21,2010-09-30 13:08:00,2010-09-30 13:08:00,384.26,435,0,1.0
13967.0,166.3,2,66,4,2011-07-17 12:02:00,2010-11-08 13:24:00,83.15,146,250,0.008
13968.0,123.66,1,174,8,2010-10-12 13:22:00,2010-10-12 13:22:00,123.66,423,0,1.0
13969.0,12973.460000000001,35,6640,472,2011-12-02 15:11:00,2010-03-25 13:15:00,370.67028571428574,7,617,0.05672609400324149
13970.0,846.55,2,469,10,2010-11-18 13:21:00,2010-09-28 11:53:00,423.275,386,51,0.0392156862745098
13971.0,4667.57,14,3084,184,2011-11-21 12:06:00,2010-01-26 09:51:00,333.3978571428571,19,664,0.02108433734939759
13972.0,190.25,2,187,15,2011-09-30 11:54:00,2011-05-22 11:34:00,95.125,71,131,0.015267175572519083
13973.0,264.7,1,109,11,2011-02-25 15:21:00,2011-02-25 15:21:00,264.7,287,0,1.0
13974.0,677.72,2,356,43,2011-10-21 14:41:00,2010-05-06 17:55:00,338.86,49,532,0.0037593984962406013
13975.0,5256.4,12,3884,434,2011-11-08 13:19:00,2010-02-02 13:13:00,438.0333333333333,31,644,0.018633540372670808
13976.0,1192.36,4,452,49,2011-05-17 09:13:00,2010-02-09 13:08:00,298.09,207,461,0.008676789587852495
13977.0,519.8100000000001,1,303,13,2010-10-24 14:08:00,2010-10-24 14:08:00,519.8100000000001,411,0,1.0
13978.0,196.79000000000002,2,315,14,2011-11-25 11:36:00,2011-10-25 15:04:00,98.39500000000001,15,30,0.06666666666666667
13979.0,3373.63,7,2241,355,2011-09-27 13:32:00,2009-12-03 10:02:00,481.94714285714286,73,663,0.010558069381598794
13980.0,768.82,5,463,57,2011-10-10 13:34:00,2010-02-21 14:18:00,153.764,60,595,0.008403361344537815
13981.0,331.14,1,234,22,2010-10-20 10:03:00,2010-10-20 10:03:00,331.14,416,0,1.0
13982.0,3954.29,9,2478,123,2011-10-31 16:24:00,2010-01-20 14:04:00,439.36555555555555,39,649,0.01386748844375963
13983.0,6753.89,21,3925,238,2011-11-10 11:06:00,2009-12-09 13:53:00,321.61380952380955,30,700,0.03
13984.0,1893.8,12,1301,53,2011-11-13 12:38:00,2009-12-07 11:51:00,157.81666666666666,27,706,0.0169971671388102
13985.0,10020.86,22,4936,149,2011-12-05 17:06:00,2010-02-09 13:56:00,455.49363636363637,4,664,0.03313253012048193
13986.0,320.46,1,430,12,2011-11-22 15:00:00,2011-11-22 15:00:00,320.46,17,0,1.0
13987.0,682.54,2,492,46,2010-11-25 10:20:00,2010-11-04 09:54:00,341.27,380,21,0.09523809523809523
13988.0,4757.8,8,3385,218,2011-11-20 10:15:00,2010-03-24 11:05:00,594.725,20,605,0.013223140495867768
13989.0,2026.06,5,2207,61,2011-10-05 09:47:00,2010-05-25 12:13:00,405.212,66,497,0.01006036217303823
13990.0,311.3,1,190,16,2011-05-10 15:19:00,2011-05-10 15:19:00,311.3,213,0,1.0
13991.0,851.88,6,994,57,2011-11-27 16:18:00,2011-07-19 12:58:00,141.98,12,131,0.04580152671755725
13992.0,219.5,3,154,10,2011-11-09 15:23:00,2010-09-02 17:04:00,73.16666666666667,30,432,0.006944444444444444
13993.0,6775.71,19,2135,110,2011-10-28 09:06:00,2009-12-03 11:57:00,356.6163157894737,43,693,0.027417027417027416
13994.0,2274.14,6,932,122,2011-12-06 11:05:00,2011-07-14 18:28:00,379.0233333333333,4,144,0.041666666666666664
13995.0,3902.01,14,2359,146,2011-11-24 14:22:00,2009-12-18 12:43:00,278.71500000000003,15,706,0.019830028328611898
13996.0,845.76,2,612,28,2010-11-18 16:27:00,2010-11-05 15:07:00,422.88,386,13,0.15384615384615385
13997.0,376.46,3,143,36,2010-07-08 18:06:00,2010-06-07 17:33:00,125.48666666666666,519,31,0.0967741935483871
13998.0,566.7,3,204,30,2010-09-19 10:20:00,2010-05-12 13:18:00,188.9,447,129,0.023255813953488372
13999.0,9502.26,29,5043,174,2011-11-29 13:40:00,2009-12-05 12:42:00,327.6641379310345,10,724,0.04005524861878453
14000.0,2046.3400000000001,5,1838,28,2011-05-12 16:50:00,2009-12-02 09:50:00,409.26800000000003,211,526,0.009505703422053232
14001.0,4228.85,9,1779,60,2011-10-25 10:31:00,2010-08-03 12:49:00,469.87222222222226,46,447,0.020134228187919462
14002.0,529.73,2,877,47,2011-07-28 15:55:00,2011-07-06 14:59:00,264.865,134,22,0.09090909090909091
14003.0,209.41,1,149,16,2009-12-07 08:53:00,2009-12-07 08:53:00,209.41,733,0,1.0
14004.0,6258.45,11,3425,127,2011-10-27 14:40:00,2010-09-30 09:39:00,568.9499999999999,43,392,0.02806122448979592
14005.0,2874.72,5,2478,53,2011-11-30 12:41:00,2011-05-08 10:33:00,574.944,10,206,0.024271844660194174
14006.0,2196.67,7,2181,55,2011-08-16 09:39:00,2010-02-25 09:45:00,313.81,116,536,0.013059701492537313
14007.0,79.48,1,16,5,2010-07-15 09:06:00,2010-07-15 09:06:00,79.48,513,0,1.0
14008.0,509.04,1,326,32,2010-10-03 13:09:00,2010-10-03 13:09:00,509.04,432,0,1.0
14009.0,1099.91,3,951,71,2011-05-25 15:47:00,2010-09-03 12:08:00,366.6366666666667,198,264,0.011363636363636364
14010.0,445.15,2,177,20,2010-05-23 13:00:00,2010-05-23 12:46:00,222.575,565,0,2.0
14011.0,457.82,2,644,32,2010-08-16 15:31:00,2010-04-11 13:40:00,228.91,480,127,0.015748031496062992
14012.0,328.8,1,160,11,2011-03-07 12:26:00,2011-03-07 12:26:00,328.8,278,0,1.0
14013.0,1084.57,5,775,56,2011-08-21 15:01:00,2010-03-26 10:02:00,216.914,110,513,0.009746588693957114
14014.0,1948.21,3,2004,76,2011-09-23 13:18:00,2010-05-12 09:04:00,649.4033333333333,77,499,0.006012024048096192
14015.0,917.34,1,378,20,2011-10-18 10:02:00,2011-10-18 10:02:00,917.34,53,0,1.0
14016.0,11303.41,11,5720,353,2011-07-01 11:29:00,2010-01-08 14:12:00,1027.5827272727272,162,538,0.020446096654275093
14017.0,229.75,1,73,14,2010-05-17 14:52:00,2010-05-17 14:52:00,229.75,571,0,1.0
14018.0,367.15000000000003,1,224,13,2010-03-04 14:23:00,2010-03-04 14:23:00,367.15000000000003,645,0,1.0
14019.0,1421.61,3,1037,37,2011-10-24 10:13:00,2011-07-24 15:39:00,473.86999999999995,47,91,0.03296703296703297
14020.0,1249.01,4,648,63,2011-11-23 09:22:00,2010-06-28 15:29:00,312.2525,17,512,0.0078125
14021.0,1716.58,7,878,84,2011-07-07 15:46:00,2010-04-26 11:22:00,245.22571428571428,155,437,0.016018306636155607
14022.0,792.15,2,681,45,2011-04-28 14:39:00,2010-08-10 09:38:00,396.075,225,261,0.007662835249042145
14023.0,584.07,2,345,30,2011-12-02 13:58:00,2011-04-03 15:50:00,292.035,7,242,0.008264462809917356
14024.0,645.74,3,238,33,2011-08-10 11:30:00,2010-11-14 10:51:00,215.24666666666667,122,269,0.011152416356877323
14025.0,4057.9,8,1914,60,2010-09-01 10:11:00,2010-05-05 09:56:00,507.2375,465,119,0.06722689075630252
14026.0,713.11,2,427,43,2010-08-26 10:31:00,2010-03-24 14:10:00,356.555,471,154,0.012987012987012988
14027.0,104.82,1,62,6,2011-10-10 09:01:00,2011-10-10 09:01:00,104.82,61,0,1.0
14028.0,10396.5,3,7170,3,2010-06-07 13:33:00,2010-06-07 12:02:00,3465.5,550,0,3.0
14029.0,467.66,2,198,15,2011-10-07 14:46:00,2011-07-18 16:57:00,233.83,63,80,0.025
14030.0,7521.8,20,4215,591,2011-11-21 16:48:00,2009-12-10 17:27:00,376.09000000000003,18,710,0.028169014084507043
14031.0,39019.51,44,13783,280,2011-12-02 17:13:00,2009-12-03 15:35:00,886.8070454545455,7,729,0.06035665294924554
14032.0,4546.41,16,3740,79,2011-12-07 15:23:00,2009-12-14 12:02:00,284.150625,2,723,0.022130013831258646
14033.0,109.44,1,576,1,2010-06-02 15:10:00,2010-06-02 15:10:00,109.44,555,0,1.0
14034.0,648.89,3,420,82,2011-11-17 14:02:00,2011-07-05 13:06:00,216.29666666666665,22,135,0.022222222222222223
14035.0,2794.75,9,1405,70,2011-11-11 10:03:00,2010-04-06 12:39:00,310.52777777777777,29,583,0.015437392795883362
14036.0,626.65,1,268,38,2011-02-28 09:26:00,2011-02-28 09:26:00,626.65,285,0,1.0
14037.0,836.95,6,590,96,2011-06-16 13:57:00,2009-12-07 11:39:00,139.49166666666667,176,556,0.01079136690647482
14038.0,3069.88,5,1708,99,2011-09-22 13:37:00,2010-02-04 08:56:00,613.976,78,595,0.008403361344537815
14039.0,267.28000000000003,2,192,10,2011-11-06 13:48:00,2010-05-13 10:15:00,133.64000000000001,33,542,0.0036900369003690036
14040.0,12523.81,35,4972,335,2011-10-30 12:42:00,2009-12-01 12:14:00,357.82314285714284,41,698,0.050143266475644696
14041.0,141.41,1,94,21,2011-03-18 13:25:00,2011-03-18 13:25:00,141.41,266,0,1.0
14042.0,431.98,1,180,21,2009-12-14 15:07:00,2009-12-14 15:07:00,431.98,725,0,1.0
14043.0,302.6,2,152,37,2010-08-05 18:18:00,2009-12-10 15:56:00,151.3,491,238,0.008403361344537815
14044.0,3073.95,10,2099,532,2011-11-13 12:05:00,2010-01-24 15:14:00,307.395,27,657,0.015220700152207
14045.0,10986.63,16,4459,16,2011-08-22 15:27:00,2010-01-08 10:08:00,686.664375,109,591,0.02707275803722504
14046.0,151.59,1,443,13,2011-02-28 14:48:00,2011-02-28 14:48:00,151.59,284,0,1.0
14047.0,3968.11,14,1541,91,2011-12-01 11:43:00,2010-02-01 10:05:00,283.43642857142856,9,668,0.020958083832335328
14048.0,748.69,3,467,126,2011-02-07 14:53:00,2010-11-22 14:08:00,249.56333333333336,305,77,0.03896103896103896
14049.0,13023.4,13,8480,573,2011-11-23 12:20:00,2010-04-01 14:52:00,1001.8,17,600,0.021666666666666667
14050.0,746.36,2,689,49,2011-11-08 10:00:00,2011-08-25 13:46:00,373.18,32,74,0.02702702702702703
14051.0,21770.98,37,5709,82,2011-12-09 10:20:00,2009-12-03 11:53:00,588.4048648648649,1,735,0.050340136054421766
14052.0,466.66,2,174,115,2011-11-20 12:30:00,2010-11-14 11:37:00,233.33,20,371,0.005390835579514825
14053.0,572.3,4,490,3,2011-08-07 14:27:00,2010-08-10 11:02:00,143.075,124,362,0.011049723756906077
14054.0,92.46,1,62,6,2011-10-05 15:49:00,2011-10-05 15:49:00,92.46,65,0,1.0
14055.0,1520.96,3,720,33,2011-08-25 15:04:00,2009-12-16 15:11:00,506.9866666666667,106,616,0.00487012987012987
14056.0,8152.71,23,4252,320,2011-12-08 13:36:00,2011-02-28 15:19:00,354.46565217391304,1,282,0.08156028368794327
14057.0,8346.66,22,6438,244,2011-11-16 10:32:00,2009-12-03 13:17:00,379.39363636363635,24,712,0.03089887640449438
14058.0,469.19,2,211,23,2010-09-03 09:31:00,2010-06-27 11:29:00,234.595,463,67,0.029850746268656716
14059.0,183.6,1,128,8,2011-03-18 10:06:00,2011-03-18 10:06:00,183.6,267,0,1.0
14060.0,8898.24,30,7419,100,2011-12-05 12:29:00,2010-03-11 09:47:00,296.608,5,634,0.0473186119873817
14061.0,917.4300000000001,3,133,17,2010-07-20 17:22:00,2009-12-01 18:03:00,305.81,507,230,0.013043478260869565
14062.0,25585.65,24,12794,141,2011-11-30 10:04:00,2009-12-10 14:28:00,1066.0687500000001,10,719,0.03337969401947149
14063.0,9471.5,7,3848,29,2010-01-22 11:28:00,2009-12-08 13:46:00,1353.0714285714287,687,44,0.1590909090909091
14064.0,3260.24,15,3911,131,2011-11-10 13:14:00,2010-01-21 13:22:00,217.3493333333333,29,657,0.0228310502283105
14065.0,891.02,3,582,42,2010-11-15 16:13:00,2010-10-04 12:03:00,297.00666666666666,389,42,0.07142857142857142
14066.0,152.55,1,45,7,2011-03-18 12:21:00,2011-03-18 12:21:00,152.55,267,0,1.0
14067.0,374.7,2,361,51,2011-10-07 10:21:00,2011-09-04 12:00:00,187.35,64,32,0.0625
14068.0,1516.72,4,510,93,2011-01-23 16:02:00,2010-01-31 10:10:00,379.18,320,357,0.011204481792717087
14069.0,225.81,2,58,37,2010-07-13 12:12:00,2010-05-27 12:30:00,112.905,515,46,0.043478260869565216
14070.0,321.6,1,85,40,2010-01-24 12:27:00,2010-01-24 12:27:00,321.6,685,0,1.0
14071.0,1422.75,8,956,270,2011-12-06 12:27:00,2011-03-20 11:33:00,177.84375,4,261,0.03065134099616858
14072.0,390.85,1,65,19,2010-02-11 12:31:00,2010-02-11 12:31:00,390.85,667,0,1.0
14073.0,151.04,1,130,13,2011-11-07 15:49:00,2011-11-07 15:49:00,151.04,32,0,1.0
14074.0,219.39999999999998,1,228,6,2010-03-26 13:55:00,2010-03-26 13:55:00,219.39999999999998,623,0,1.0
14075.0,1724.87,5,1493,58,2011-12-05 08:38:00,2010-08-26 13:42:00,344.974,5,465,0.010752688172043012
14076.0,118.67,1,79,43,2011-08-02 15:19:00,2011-08-02 15:19:00,118.67,129,0,1.0
14077.0,615.0799999999999,6,376,43,2011-10-30 12:35:00,2010-11-09 16:01:00,102.51333333333332,41,354,0.01694915254237288
14078.0,1551.82,9,585,106,2011-08-30 12:16:00,2010-03-28 15:05:00,172.42444444444445,102,519,0.017341040462427744
14079.0,618.73,2,302,13,2011-08-07 12:10:00,2010-01-26 17:19:00,309.365,125,557,0.003590664272890485
14080.0,1115.68,5,268,74,2011-11-07 11:09:00,2009-12-02 15:01:00,223.13600000000002,33,704,0.007102272727272727
14081.0,4867.57,10,3381,465,2011-02-10 16:17:00,2009-12-10 18:27:00,486.75699999999995,302,426,0.023474178403755867
14082.0,413.36,2,246,48,2010-12-10 11:02:00,2010-11-12 11:47:00,206.68,365,27,0.07407407407407407
14083.0,1082.19,11,760,169,2011-12-05 13:14:00,2009-12-18 11:34:00,98.3809090909091,4,717,0.015341701534170154
14084.0,150.5,1,306,7,2010-07-15 14:36:00,2010-07-15 14:36:00,150.5,512,0,1.0
14085.0,9705.67,32,6433,478,2011-12-07 13:46:00,2009-12-08 13:41:00,303.3021875,2,729,0.0438957475994513
14086.0,39.95,1,1,1,2010-09-03 10:52:00,2010-09-03 10:52:00,39.95,463,0,1.0
14087.0,829.47,3,718,175,2011-12-07 12:41:00,2009-12-04 15:27:00,276.49,3,732,0.004098360655737705
14088.0,64036.8,16,15276,436,2011-11-29 16:16:00,2010-10-14 19:46:00,4002.3,10,410,0.03902439024390244
14089.0,158.75,1,133,13,2011-10-14 10:38:00,2011-10-14 10:38:00,158.75,57,0,1.0
14090.0,76.32000000000001,1,72,1,2011-01-19 10:51:00,2011-01-19 10:51:00,76.32000000000001,325,0,1.0
14091.0,9530.08,2,3316,13,2010-02-23 15:17:00,2010-01-10 13:41:00,4765.04,654,44,0.045454545454545456
14092.0,7229.45,24,3606,169,2011-12-02 12:13:00,2009-12-16 16:24:00,301.2270833333333,8,715,0.033566433566433566
14093.0,433.86,1,391,95,2011-11-27 16:27:00,2011-11-27 16:27:00,433.86,12,0,1.0
14094.0,311.77,1,158,41,2010-09-26 11:58:00,2010-09-26 11:58:00,311.77,440,0,1.0
14095.0,2.95,1,1,1,2009-12-17 12:49:00,2009-12-17 12:49:00,2.95,723,0,1.0
14096.0,53258.43,17,16336,1118,2011-12-05 17:17:00,2011-08-30 10:49:00,3132.8488235294117,4,97,0.17525773195876287
14097.0,422.85999999999996,2,352,39,2010-08-15 14:20:00,2010-03-04 10:46:00,211.42999999999998,481,164,0.012195121951219513
14098.0,147.35,1,104,21,2011-11-03 10:13:00,2011-11-03 10:13:00,147.35,37,0,1.0
14099.0,5750.91,20,3666,273,2011-11-23 13:53:00,2009-12-10 11:55:00,287.5455,16,713,0.028050490883590462
14100.0,191.95000000000002,1,63,24,2011-07-25 11:01:00,2011-07-25 11:01:00,191.95000000000002,138,0,1.0
14101.0,9961.93,13,10542,19,2011-09-27 12:28:00,2010-03-28 13:36:00,766.3023076923077,74,547,0.02376599634369287
14102.0,1105.8799999999999,5,769,35,2011-12-04 15:38:00,2011-10-26 12:46:00,221.176,5,39,0.1282051282051282
14104.0,740.53,5,495,116,2011-07-08 12:50:00,2010-05-28 16:11:00,148.106,155,405,0.012345679012345678
14105.0,5988.83,5,3534,200,2011-04-14 17:58:00,2009-12-18 16:57:00,1197.766,239,482,0.01037344398340249
14106.0,214.79999999999998,1,24,1,2009-12-02 14:09:00,2009-12-02 14:09:00,214.79999999999998,737,0,1.0
14107.0,4877.3,11,3489,102,2011-10-19 12:12:00,2009-12-09 14:20:00,443.39090909090913,52,678,0.016224188790560472
14108.0,1044.96,4,660,49,2011-11-09 10:41:00,2009-12-01 18:07:00,261.24,31,707,0.005657708628005658
14109.0,144.2,1,88,9,2011-09-28 10:18:00,2011-09-28 10:18:00,144.2,73,0,1.0
14110.0,12987.95,33,5825,177,2011-12-06 12:26:00,2009-12-01 09:50:00,393.57424242424247,4,735,0.044897959183673466
14111.0,692.85,4,458,10,2011-11-25 13:44:00,2011-04-12 11:36:00,173.2125,14,227,0.01762114537444934
14112.0,5834.59,13,3539,199,2011-11-17 12:30:00,2010-02-23 14:16:00,448.8146153846154,23,631,0.020602218700475437
14113.0,7092.610000000001,16,3439,76,2011-12-06 12:18:00,2009-12-08 07:42:00,443.28812500000004,4,728,0.02197802197802198
14114.0,1364.09,7,650,72,2011-03-11 09:42:00,2010-04-12 11:07:00,194.86999999999998,274,332,0.02108433734939759
14115.0,622.6700000000001,2,509,22,2010-07-26 12:36:00,2010-02-11 11:44:00,311.33500000000004,502,165,0.012121212121212121
14116.0,1382.74,5,707,61,2011-11-20 10:29:00,2011-08-10 12:44:00,276.548,20,101,0.04950495049504951
14117.0,90.0,1,72,3,2011-07-19 09:49:00,2011-07-19 09:49:00,90.0,144,0,1.0
14118.0,458.45,1,97,15,2010-10-07 11:59:00,2010-10-07 11:59:00,458.45,429,0,1.0
14119.0,183.37,2,177,11,2010-11-29 10:33:00,2009-12-21 14:52:00,91.685,376,342,0.005847953216374269
14121.0,2780.15,4,2082,148,2011-12-06 12:19:00,2011-10-11 10:39:00,695.0375,4,56,0.07142857142857142
14122.0,362.42,3,114,12,2010-10-29 15:11:00,2009-12-02 14:22:00,120.80666666666667,406,331,0.00906344410876133
14123.0,436.18,1,234,24,2009-12-06 15:35:00,2009-12-06 15:35:00,436.18,733,0,1.0
14124.0,419.58000000000004,1,1618,4,2011-09-16 13:32:00,2011-09-16 13:32:00,419.58000000000004,84,0,1.0
14125.0,2720.63,3,1628,159,2011-11-29 12:47:00,2011-09-22 15:40:00,906.8766666666667,11,67,0.04477611940298507
14126.0,1172.46,4,887,37,2011-12-02 11:45:00,2010-09-21 14:51:00,293.115,8,436,0.009174311926605505
14127.0,1900.0800000000002,6,828,96,2011-08-09 10:49:00,2010-10-10 11:53:00,316.68,123,302,0.019867549668874173
14128.0,924.21,3,814,50,2011-10-10 12:00:00,2010-06-06 14:05:00,308.07,61,490,0.006122448979591836
14129.0,2591.34,9,1414,40,2011-12-08 11:02:00,2010-05-09 14:54:00,287.9266666666667,2,577,0.01559792027729636
14130.0,1858.77,4,1215,189,2011-01-24 16:05:00,2009-12-11 16:33:00,464.6925,319,408,0.00980392156862745
14131.0,168.22,1,105,45,2010-03-01 11:59:00,2010-03-01 11:59:00,168.22,649,0,1.0
14132.0,3586.0299999999997,11,3368,100,2011-12-07 13:35:00,2011-06-09 12:04:00,326.00272727272727,2,181,0.06077348066298342
14133.0,911.14,4,398,33,2011-08-02 11:34:00,2009-12-06 12:10:00,227.785,130,603,0.006633499170812604
14134.0,11123.35,15,5814,130,2010-11-22 12:26:00,2009-12-10 09:25:00,741.5566666666667,383,347,0.043227665706051875
14135.0,8839.67,24,8534,138,2011-12-08 11:38:00,2009-12-02 08:58:00,368.31958333333336,2,736,0.03260869565217391
14136.0,1570.81,5,1148,86,2010-11-04 11:53:00,2009-12-08 09:19:00,314.162,401,331,0.015105740181268883
14137.0,332.7,1,462,11,2010-01-13 12:30:00,2010-01-13 12:30:00,332.7,696,0,1.0
14138.0,965.8800000000001,2,600,40,2011-12-08 12:44:00,2011-10-07 09:38:00,482.94000000000005,2,62,0.03225806451612903
14139.0,1086.8,4,1049,48,2011-10-24 13:34:00,2010-06-15 09:17:00,271.7,46,496,0.008064516129032258
14140.0,935.05,2,811,60,2011-12-06 09:05:00,2011-11-08 11:20:00,467.525,4,27,0.07407407407407407
14141.0,915.13,4,355,27,2011-12-07 09:53:00,2011-08-26 14:40:00,228.7825,3,102,0.0392156862745098
14142.0,671.34,2,518,42,2010-12-01 16:33:00,2010-03-03 15:13:00,335.67,373,273,0.007326007326007326
14143.0,115.8,1,30,7,2011-07-29 09:48:00,2011-07-29 09:48:00,115.8,134,0,1.0
14144.0,30.599999999999998,1,12,1,2010-08-10 15:17:00,2010-08-10 15:17:00,30.599999999999998,486,0,1.0
14145.0,7600.05,7,1655,11,2011-10-24 12:10:00,2010-04-08 09:47:00,1085.7214285714285,47,564,0.012411347517730497
14146.0,9450.3,12,5780,337,2011-12-01 10:18:00,2010-01-13 16:04:00,787.525,9,686,0.01749271137026239
14147.0,2590.2,9,995,24,2011-09-22 18:10:00,2010-03-09 13:43:00,287.79999999999995,78,562,0.01601423487544484
14148.0,466.29,2,223,15,2011-04-20 12:02:00,2010-10-21 14:08:00,233.145,234,180,0.011111111111111112
14149.0,446.62,1,218,28,2011-05-03 09:44:00,2011-05-03 09:44:00,446.62,221,0,1.0
14150.0,658.64,2,496,23,2011-11-04 10:05:00,2010-12-15 10:04:00,329.32,36,324,0.006172839506172839
14151.0,679.45,2,405,44,2010-02-04 15:35:00,2009-12-23 10:54:00,339.725,673,43,0.046511627906976744
14152.0,1997.3400000000001,7,1844,104,2011-09-25 12:54:00,2010-02-18 13:57:00,285.3342857142857,75,583,0.012006861063464836
14153.0,233.4,1,312,17,2010-08-13 14:35:00,2010-08-13 14:35:00,233.4,483,0,1.0
14154.0,6460.7,8,3222,236,2011-04-14 16:26:00,2010-01-13 12:47:00,807.5875,239,456,0.017543859649122806
14155.0,118.75,1,25,6,2011-03-18 14:13:00,2011-03-18 14:13:00,118.75,266,0,1.0
14156.0,303609.17,150,164287,1444,2011-11-30 10:54:00,2009-12-01 12:30:00,2024.0611333333331,10,728,0.20604395604395603
14157.0,978.69,5,521,75,2011-11-20 11:32:00,2010-03-03 16:49:00,195.738,20,626,0.007987220447284345
14158.0,507.66,1,781,41,2011-10-30 15:08:00,2011-10-30 15:08:00,507.66,40,0,1.0
14159.0,7849.58,20,6514,705,2011-11-20 12:36:00,2009-12-03 12:31:00,392.479,20,717,0.02789400278940028
14160.0,8421.47,7,4661,80,2010-04-08 14:30:00,2010-01-10 12:06:00,1203.0671428571427,610,88,0.07954545454545454
14161.0,2996.93,7,1480,202,2011-05-08 11:41:00,2009-12-13 11:46:00,428.1328571428571,216,510,0.013725490196078431
14162.0,289.36,2,142,25,2011-06-19 11:36:00,2011-02-20 12:32:00,144.68,174,118,0.01694915254237288
14163.0,2594.62,5,950,42,2011-09-13 15:18:00,2010-09-03 17:15:00,518.924,87,374,0.013368983957219251
14164.0,1631.77,2,1033,28,2011-09-30 12:24:00,2011-09-20 12:18:00,815.885,71,10,0.2
14165.0,120.44,1,53,23,2011-03-09 12:39:00,2011-03-09 12:39:00,120.44,276,0,1.0
14166.0,251.15,2,82,39,2010-07-22 19:42:00,2010-03-23 15:10:00,125.575,505,121,0.01652892561983471
14167.0,1274.29,8,340,48,2011-10-31 14:29:00,2010-01-27 16:07:00,159.28625,39,641,0.0124804992199688
14168.0,370.45,2,147,11,2010-10-15 10:49:00,2010-05-24 12:28:00,185.225,421,143,0.013986013986013986
14169.0,613.11,2,201,49,2010-10-05 08:45:00,2010-09-21 13:39:00,306.555,431,13,0.15384615384615385
14170.0,570.18,3,270,123,2010-11-29 13:10:00,2010-11-09 14:06:00,190.05999999999997,375,19,0.15789473684210525
14171.0,498.79,2,211,61,2011-09-02 16:43:00,2009-12-09 13:50:00,249.395,98,632,0.0031645569620253164
14172.0,369.02,3,78,38,2010-04-13 13:26:00,2010-03-07 10:58:00,123.00666666666666,605,37,0.08108108108108109
14173.0,586.0,6,194,30,2011-11-29 11:54:00,2009-12-09 12:46:00,97.66666666666667,11,719,0.008344923504867872
14174.0,134.46,1,94,26,2011-11-06 13:17:00,2011-11-06 13:17:00,134.46,33,0,1.0
14175.0,7678.88,8,3009,237,2011-10-11 11:55:00,2010-03-22 10:43:00,959.86,60,568,0.014084507042253521
14176.0,756.46,5,265,33,2011-02-15 13:12:00,2010-11-23 13:21:00,151.292,297,83,0.060240963855421686
14177.0,2209.69,13,1043,141,2011-09-14 15:11:00,2010-02-26 11:59:00,169.97615384615386,86,565,0.023008849557522124
14178.0,1580.26,7,1492,190,2011-12-01 12:01:00,2011-06-10 12:51:00,225.75142857142856,9,173,0.04046242774566474
14179.0,701.57,2,319,135,2011-10-30 12:07:00,2011-10-18 14:00:00,350.785,41,11,0.18181818181818182
14180.0,6117.5,33,847,125,2011-11-29 10:56:00,2010-06-09 14:56:00,185.37878787878788,11,537,0.061452513966480445
14181.0,308.35,2,120,48,2010-10-25 08:27:00,2010-05-26 12:32:00,154.175,411,151,0.013245033112582781
14182.0,678.77,4,174,42,2010-09-22 11:45:00,2010-04-22 15:36:00,169.6925,444,152,0.02631578947368421
14183.0,278.34000000000003,2,60,27,2010-10-24 14:45:00,2010-08-15 15:36:00,139.17000000000002,411,69,0.028985507246376812
14184.0,452.89,1,127,24,2011-10-04 12:43:00,2011-10-04 12:43:00,452.89,67,0,1.0
14185.0,197.65,1,6,3,2011-01-12 13:52:00,2011-01-12 13:52:00,197.65,331,0,1.0
14186.0,1550.63,5,1550,75,2010-10-08 13:30:00,2010-03-05 11:17:00,310.12600000000003,427,217,0.02304147465437788
14187.0,123.5,1,50,8,2010-08-23 12:06:00,2010-08-23 12:06:00,123.5,474,0,1.0
14188.0,2054.36,6,1162,34,2011-11-09 12:45:00,2011-02-02 13:46:00,342.3933333333334,31,279,0.021505376344086023
14189.0,5503.15,16,4392,199,2011-12-07 15:55:00,2010-11-16 09:28:00,343.946875,2,386,0.04145077720207254
14190.0,79.9,1,2,1,2010-02-11 14:27:00,2010-02-11 14:27:00,79.9,666,0,1.0
14191.0,4817.66,15,3724,147,2011-12-08 09:23:00,2009-12-11 10:48:00,321.1773333333333,2,726,0.02066115702479339
14192.0,293.74,1,218,14,2010-11-16 17:44:00,2010-11-16 17:44:00,293.74,388,0,1.0
14193.0,1210.19,3,653,49,2011-10-03 09:34:00,2010-11-08 12:31:00,403.3966666666667,68,328,0.009146341463414634
14194.0,18670.59,36,10037,432,2011-12-05 10:38:00,2010-01-06 12:16:00,518.6275,5,697,0.05164992826398852
14195.0,2615.6,6,2144,10,2011-05-22 10:29:00,2010-03-15 17:12:00,435.93333333333334,202,432,0.013888888888888888
14196.0,335.52,1,142,6,2011-08-25 10:25:00,2011-08-25 10:25:00,335.52,107,0,1.0
14197.0,390.05,1,143,20,2010-10-25 10:01:00,2010-10-25 10:01:00,390.05,411,0,1.0
14198.0,1569.73,9,623,58,2011-11-21 16:35:00,2010-01-05 10:07:00,174.41444444444446,18,685,0.013138686131386862
14199.0,1091.7,4,254,15,2011-05-05 13:44:00,2010-06-27 12:13:00,272.925,218,312,0.01282051282051282
14200.0,379.2,1,140,21,2010-04-01 13:01:00,2010-04-01 13:01:00,379.2,617,0,1.0
14201.0,1193.54,10,806,47,2011-10-10 13:27:00,2010-04-30 13:00:00,119.354,60,528,0.01893939393939394
14202.0,847.76,3,166,27,2010-11-23 17:13:00,2010-03-25 10:36:00,282.58666666666664,381,243,0.012345679012345678
14203.0,339.34,1,80,16,2010-11-07 13:35:00,2010-11-07 13:35:00,339.34,397,0,1.0
14204.0,1024.83,4,469,186,2011-12-07 13:38:00,2009-12-02 13:26:00,256.2075,2,735,0.005442176870748299
14205.0,2414.2,9,1342,79,2011-11-23 10:55:00,2010-03-07 12:20:00,268.2444444444444,17,625,0.0144
14206.0,1185.01,3,930,62,2011-04-14 16:38:00,2010-11-02 11:37:00,395.00333333333333,239,163,0.018404907975460124
14207.0,157.8,1,36,2,2010-01-21 09:33:00,2010-01-21 09:33:00,157.8,688,0,1.0
14208.0,567.05,2,529,34,2011-09-06 12:48:00,2010-06-06 13:11:00,283.525,95,456,0.0043859649122807015
14209.0,4993.27,15,1739,133,2011-11-29 10:18:00,2010-01-22 10:28:00,332.8846666666667,11,675,0.022222222222222223
14210.0,5556.570000000001,16,2511,143,2011-08-26 12:36:00,2010-01-06 10:17:00,347.28562500000004,106,597,0.02680067001675042
14211.0,4402.29,18,2575,155,2011-10-17 13:23:00,2009-12-09 12:48:00,244.57166666666666,53,677,0.026587887740029542
14212.0,2190.14,2,2046,18,2011-09-11 12:45:00,2010-09-20 11:48:00,1095.07,90,356,0.0056179775280898875
14213.0,1192.2,1,244,5,2010-10-31 10:37:00,2010-10-31 10:37:00,1192.2,405,0,1.0
14214.0,1004.38,5,751,64,2011-11-09 10:31:00,2011-03-07 12:26:00,200.876,31,246,0.02032520325203252
14215.0,3250.33,9,2181,167,2011-11-28 12:19:00,2009-12-08 09:35:00,361.1477777777778,12,720,0.0125
14216.0,2150.04,5,712,65,2011-12-06 14:56:00,2010-10-21 15:07:00,430.008,3,410,0.012195121951219513
14217.0,3298.59,23,1230,122,2011-12-08 11:53:00,2010-06-30 12:54:00,143.41695652173914,2,525,0.04380952380952381
14218.0,169.48000000000002,1,160,12,2011-10-28 10:00:00,2011-10-28 10:00:00,169.48000000000002,43,0,1.0
14219.0,633.83,3,363,39,2011-12-05 16:23:00,2010-08-03 14:42:00,211.27666666666667,4,489,0.006134969325153374
14220.0,1515.0,4,468,26,2011-04-06 13:23:00,2010-05-19 13:26:00,378.75,247,321,0.012461059190031152
14221.0,6517.49,17,3808,166,2011-10-28 13:42:00,2010-04-06 14:10:00,383.38176470588235,42,569,0.029876977152899824
14222.0,683.17,1,607,41,2011-06-15 16:42:00,2011-06-15 16:42:00,683.17,177,0,1.0
14223.0,991.13,3,585,50,2011-09-08 13:38:00,2011-03-20 16:02:00,330.37666666666667,92,171,0.017543859649122806
14224.0,1841.71,9,826,189,2011-08-21 13:24:00,2010-06-13 13:46:00,204.63444444444445,110,433,0.020785219399538105
14225.0,2031.07,4,1167,70,2010-10-01 10:32:00,2010-01-12 15:02:00,507.7675,435,261,0.01532567049808429
14226.0,2985.13,6,1714,89,2011-11-11 11:34:00,2010-09-24 14:32:00,497.5216666666667,29,412,0.014563106796116505
14227.0,6366.16,15,4045,245,2011-11-13 15:48:00,2010-02-08 09:38:00,424.41066666666666,26,643,0.02332814930015552
14228.0,745.5,3,260,38,2010-09-28 09:45:00,2010-06-11 12:29:00,248.5,438,108,0.027777777777777776
14229.0,2594.04,7,934,41,2011-10-19 10:04:00,2010-08-25 11:47:00,370.57714285714286,52,419,0.016706443914081145
14230.0,979.8000000000001,3,246,27,2010-09-30 09:07:00,2010-06-09 13:56:00,326.6,436,112,0.026785714285714284
14231.0,1235.6200000000001,4,610,66,2011-06-09 11:05:00,2010-09-15 09:52:00,308.90500000000003,184,267,0.0149812734082397
14232.0,2048.07,5,1941,81,2011-10-28 11:09:00,2011-03-20 12:44:00,409.61400000000003,43,221,0.02262443438914027
14233.0,2904.27,7,1261,42,2011-10-21 15:54:00,2010-03-05 16:35:00,414.8957142857143,49,594,0.011784511784511785
14234.0,754.12,4,951,122,2011-11-17 17:53:00,2011-10-13 13:58:00,188.53,22,35,0.11428571428571428
14235.0,4717.99,9,3014,107,2011-09-25 14:37:00,2010-03-30 13:36:00,524.2211111111111,75,544,0.016544117647058824
14236.0,1555.34,5,774,39,2011-09-20 09:13:00,2010-07-22 14:27:00,311.068,81,424,0.01179245283018868
14237.0,471.14,2,238,26,2010-12-01 13:20:00,2010-04-28 10:04:00,235.57,373,217,0.009216589861751152
14238.0,434.23,3,189,13,2011-01-17 14:40:00,2009-12-05 10:58:00,144.74333333333334,326,408,0.007352941176470588
14239.0,4263.17,21,1729,97,2011-10-27 14:40:00,2009-12-05 12:36:00,203.00809523809525,43,691,0.030390738060781478
14240.0,1247.49,3,655,46,2011-11-09 13:45:00,2010-10-12 12:48:00,415.83,30,393,0.007633587786259542
14241.0,333.70000000000005,2,242,12,2011-06-09 11:46:00,2010-01-12 15:11:00,166.85000000000002,184,512,0.00390625
14242.0,280.55,2,123,13,2011-04-19 11:46:00,2011-01-18 08:53:00,140.275,235,91,0.02197802197802198
14243.0,7217.75,17,3631,235,2011-12-01 11:12:00,2010-08-20 13:41:00,424.5735294117647,9,467,0.03640256959314775
14244.0,366.41999999999996,1,814,16,2010-02-17 11:40:00,2010-02-17 11:40:00,366.41999999999996,661,0,1.0
14245.0,1693.45,2,976,107,2011-05-04 08:40:00,2011-03-21 10:41:00,846.725,220,43,0.046511627906976744
14246.0,1474.06,3,804,57,2011-08-21 11:50:00,2011-04-08 08:25:00,491.3533333333333,111,135,0.022222222222222223
14247.0,753.56,5,378,82,2011-03-06 15:21:00,2010-06-06 15:07:00,150.712,278,273,0.018315018315018316
14248.0,1032.95,3,692,41,2011-01-25 14:45:00,2010-07-12 14:27:00,344.31666666666666,318,197,0.015228426395939087
14249.0,5400.46,12,2382,177,2010-10-25 12:34:00,2010-01-29 14:21:00,450.03833333333336,411,268,0.04477611940298507
14250.0,1904.05,3,1200,94,2011-12-02 14:30:00,2011-09-11 13:44:00,634.6833333333333,7,82,0.036585365853658534
14251.0,2879.7000000000003,5,1674,37,2011-12-08 08:32:00,2011-10-13 12:46:00,575.94,2,55,0.09090909090909091
14252.0,350.99,1,111,10,2010-11-23 13:36:00,2010-11-23 13:36:00,350.99,381,0,1.0
14253.0,363.40000000000003,2,88,11,2010-08-03 14:55:00,2010-03-26 15:08:00,181.70000000000002,493,129,0.015503875968992248
14254.0,601.03,1,263,23,2010-10-03 11:52:00,2010-10-03 11:52:00,601.03,433,0,1.0
14256.0,2460.79,5,1147,100,2011-03-24 13:17:00,2010-01-14 10:35:00,492.158,260,434,0.01152073732718894
14257.0,5954.45,9,3332,167,2011-10-06 16:54:00,2010-03-01 15:36:00,661.6055555555555,64,584,0.015410958904109588
14258.0,32051.34,25,17488,97,2011-11-30 15:27:00,2009-12-04 08:36:00,1282.0536,9,726,0.03443526170798898
14259.0,120.0,1,68,5,2011-07-21 10:44:00,2011-07-21 10:44:00,120.0,142,0,1.0
14260.0,824.28,3,544,50,2010-08-25 14:55:00,2010-06-09 11:23:00,274.76,471,77,0.03896103896103896
14261.0,1163.45,2,406,52,2011-10-20 10:04:00,2011-09-22 10:47:00,581.725,51,27,0.07407407407407407
14262.0,2618.23,8,1645,87,2011-12-01 14:17:00,2011-04-13 12:23:00,327.27875,8,232,0.034482758620689655
14263.0,322.93,1,171,16,2010-10-12 14:09:00,2010-10-12 14:09:00,322.93,423,0,1.0
14264.0,1517.3600000000001,6,553,59,2011-07-08 10:20:00,2010-04-07 13:21:00,252.89333333333335,155,456,0.013157894736842105
14265.0,1373.35,4,715,74,2011-08-22 13:32:00,2010-04-06 14:39:00,343.3375,109,502,0.00796812749003984
14266.0,40.56,1,24,1,2010-10-07 13:32:00,2010-10-07 13:32:00,40.56,428,0,1.0
14267.0,1516.24,3,530,25,2011-06-30 10:09:00,2011-03-24 11:38:00,505.41333333333336,163,97,0.030927835051546393
14268.0,354.85,1,147,19,2010-08-26 10:45:00,2010-08-26 10:45:00,354.85,471,0,1.0
14269.0,295.73,1,123,16,2010-09-26 12:53:00,2010-09-26 12:53:00,295.73,439,0,1.0
14270.0,492.65000000000003,1,197,29,2011-01-12 09:33:00,2011-01-12 09:33:00,492.65000000000003,332,0,1.0
14271.0,214.18,2,148,38,2011-04-28 12:47:00,2010-10-26 17:01:00,107.09,226,183,0.01092896174863388
14272.0,920.81,4,1097,62,2011-09-27 10:08:00,2010-05-06 14:01:00,230.2025,74,508,0.007874015748031496
14273.0,559.97,4,264,22,2011-10-19 13:20:00,2011-04-11 13:24:00,139.9925,51,190,0.021052631578947368
14274.0,256.6,1,178,15,2010-01-22 12:51:00,2010-01-22 12:51:00,256.6,686,0,1.0
14275.0,1189.3799999999999,6,538,14,2010-11-09 09:06:00,2010-04-11 12:32:00,198.23,396,211,0.02843601895734597
14276.0,2102.68,7,1406,75,2011-09-02 09:45:00,2010-02-17 13:10:00,300.3828571428571,99,561,0.012477718360071301
14277.0,16789.16,8,89802,332,2011-11-24 15:01:00,2009-12-13 15:43:00,2098.645,15,710,0.011267605633802818
14278.0,205.83,1,131,13,2010-10-26 12:07:00,2010-10-26 12:07:00,205.83,410,0,1.0
14279.0,191.86,2,46,3,2010-07-07 08:42:00,2010-01-27 16:34:00,95.93,521,160,0.0125
14280.0,134.04,1,52,8,2011-05-27 10:37:00,2011-05-27 10:37:00,134.04,197,0,1.0
14281.0,245.15,1,45,7,2010-10-27 14:45:00,2010-10-27 14:45:00,245.15,408,0,1.0
14282.0,7250.76,25,5166,100,2011-12-06 17:04:00,2010-02-15 11:22:00,290.0304,3,659,0.03793626707132018
14283.0,628.4399999999999,4,550,36,2010-09-02 14:46:00,2010-05-19 12:22:00,157.10999999999999,463,106,0.03773584905660377
14284.0,1299.65,3,510,59,2011-11-09 08:11:00,2010-02-24 12:06:00,433.2166666666667,31,622,0.00482315112540193
14285.0,3284.42,8,954,48,2011-11-18 14:50:00,2009-12-08 14:13:00,410.5525,21,710,0.011267605633802818
14286.0,8479.76,7,8795,270,2011-11-16 10:34:00,2009-12-04 08:40:00,1211.3942857142858,24,712,0.009831460674157303
14287.0,176.63,3,261,9,2011-12-01 13:25:00,2011-05-25 11:41:00,58.876666666666665,8,190,0.015789473684210527
14288.0,426.6,1,188,16,2011-05-10 13:22:00,2011-05-10 13:22:00,426.6,213,0,1.0
14289.0,911.26,6,292,33,2011-12-01 11:44:00,2011-02-23 12:33:00,151.87666666666667,9,280,0.02142857142857143
14290.0,4516.56,8,1600,120,2011-11-28 14:02:00,2009-12-08 11:44:00,564.57,11,720,0.011111111111111112
14291.0,7904.1,23,6146,241,2011-12-08 10:26:00,2009-12-09 10:46:00,343.6565217391304,2,728,0.03159340659340659
14292.0,9226.25,16,3429,120,2011-12-02 11:50:00,2010-03-19 11:10:00,576.640625,8,623,0.025682182985553772
14293.0,2903.01,9,1558,88,2011-12-06 15:17:00,2009-12-10 10:57:00,322.5566666666667,3,726,0.012396694214876033
14294.0,375.34,1,190,23,2010-10-28 16:25:00,2010-10-28 16:25:00,375.34,407,0,1.0
14295.0,2352.91,4,1028,65,2011-10-30 15:50:00,2009-12-09 13:06:00,588.2275,40,690,0.005797101449275362
14296.0,456.40000000000003,2,314,27,2010-10-14 14:14:00,2010-05-14 14:34:00,228.20000000000002,421,152,0.013157894736842105
14297.0,1305.33,4,865,48,2011-11-22 09:06:00,2011-03-10 08:31:00,326.3325,18,257,0.01556420233463035
14298.0,91194.49,82,100272,1370,2011-12-01 13:12:00,2009-12-11 13:49:00,1112.1279268292683,8,719,0.11404728789986092
14299.0,14070.25,27,8136,164,2011-12-01 16:05:00,2009-12-02 10:58:00,521.1203703703703,8,729,0.037037037037037035
14300.0,43.2,1,32,3,2011-11-21 08:57:00,2011-11-21 08:57:00,43.2,19,0,1.0
14301.0,1992.18,4,1686,37,2011-08-14 15:33:00,2010-02-11 13:07:00,498.045,117,549,0.007285974499089253
14302.0,742.9000000000001,3,298,25,2010-10-05 08:10:00,2009-12-02 08:16:00,247.63333333333335,431,306,0.00980392156862745
14303.0,277.94,2,218,21,2010-10-28 15:37:00,2010-10-01 10:31:00,138.97,407,27,0.07407407407407407
14304.0,1725.01,3,775,69,2011-05-01 11:50:00,2010-05-18 10:50:00,575.0033333333333,223,348,0.008620689655172414
14305.0,1858.96,3,1089,96,2011-09-29 15:29:00,2011-07-27 14:14:00,619.6533333333333,71,64,0.046875
14306.0,3151.4,6,2065,43,2011-10-19 13:23:00,2010-01-31 13:42:00,525.2333333333333,51,625,0.0096
14307.0,4287.92,10,2816,205,2011-09-12 09:38:00,2009-12-07 13:06:00,428.79200000000003,89,643,0.015552099533437015
14309.0,3780.81,11,2583,125,2011-12-01 13:33:00,2010-06-07 10:24:00,343.71,8,542,0.02029520295202952
14310.0,492.1,1,230,22,2010-10-03 12:34:00,2010-10-03 12:34:00,492.1,433,0,1.0
14311.0,516.45,2,235,31,2011-04-11 10:14:00,2010-05-21 10:28:00,258.225,243,324,0.006172839506172839
14312.0,3090.29,11,1904,148,2011-10-24 09:46:00,2010-07-23 15:05:00,280.93545454545455,47,457,0.024070021881838075
14314.0,229.8,2,332,10,2011-08-25 10:39:00,2010-10-05 08:00:00,114.9,107,324,0.006172839506172839
14315.0,3197.82,8,1344,83,2011-10-26 12:06:00,2010-03-15 12:49:00,399.7275,45,589,0.013582342954159592
14316.0,1370.34,5,4494,21,2010-10-13 16:31:00,2010-03-19 15:18:00,274.068,422,208,0.02403846153846154
14317.0,508.58000000000004,1,255,24,2011-10-06 10:44:00,2011-10-06 10:44:00,508.58000000000004,65,0,1.0
14318.0,158.02,1,152,9,2010-09-05 15:32:00,2010-09-05 15:32:00,158.02,460,0,1.0
14319.0,494.85,1,329,26,2010-10-11 13:38:00,2010-10-11 13:38:00,494.85,424,0,1.0
14320.0,1346.75,5,713,68,2011-05-17 09:24:00,2010-01-21 11:44:00,269.35,207,480,0.010416666666666666
14321.0,2218.06,7,3275,162,2011-11-29 09:47:00,2010-08-23 12:56:00,316.86571428571426,11,462,0.015151515151515152
14322.0,474.1,4,158,10,2010-10-06 15:17:00,2010-02-18 08:49:00,118.525,429,230,0.017391304347826087
14323.0,605.0600000000001,2,350,32,2011-08-17 11:37:00,2011-04-15 11:44:00,302.53000000000003,115,123,0.016260162601626018
14324.0,701.61,2,402,41,2010-10-26 11:44:00,2010-01-15 13:31:00,350.805,410,283,0.007067137809187279
14325.0,245.48000000000002,1,320,18,2010-05-19 09:20:00,2010-05-19 09:20:00,245.48000000000002,570,0,1.0
14326.0,940.98,3,572,54,2011-04-11 15:04:00,2010-06-25 12:10:00,313.66,242,290,0.010344827586206896
14327.0,1894.93,6,1296,99,2011-06-29 13:58:00,2010-01-08 14:04:00,315.82166666666666,163,536,0.011194029850746268
14329.0,9887.62,15,5913,349,2011-11-22 15:50:00,2009-12-16 15:31:00,659.1746666666667,17,706,0.021246458923512748
14330.0,200.63,1,103,13,2010-03-26 09:10:00,2010-03-26 09:10:00,200.63,624,0,1.0
14331.0,462.65999999999997,2,252,27,2011-08-07 13:17:00,2011-07-27 15:14:00,231.32999999999998,124,10,0.2
14332.0,1917.41,5,875,47,2011-11-17 11:54:00,2010-10-19 13:01:00,383.482,23,393,0.01272264631043257
14333.0,415.2,1,58,15,2011-10-03 10:38:00,2011-10-03 10:38:00,415.2,68,0,1.0
14334.0,4318.48,12,2986,148,2011-11-23 10:01:00,2010-05-20 10:04:00,359.8733333333333,17,551,0.021778584392014518
14335.0,454.86,2,375,55,2011-11-23 13:41:00,2011-09-04 13:07:00,227.43,16,80,0.025
14336.0,1614.91,4,1759,77,2011-11-23 11:40:00,2011-03-08 16:48:00,403.7275,17,259,0.015444015444015444
14338.0,928.1,3,622,43,2011-07-01 14:08:00,2010-06-21 10:32:00,309.3666666666667,161,375,0.008
14339.0,620.27,2,456,21,2011-04-11 11:06:00,2010-10-07 08:50:00,310.135,243,186,0.010752688172043012
14340.0,134.7,1,58,6,2011-05-05 09:44:00,2011-05-05 09:44:00,134.7,219,0,1.0
14341.0,4452.02,18,2813,185,2011-10-25 15:48:00,2009-12-01 12:20:00,247.33444444444447,45,693,0.025974025974025976
14342.0,918.44,6,521,27,2011-11-18 13:21:00,2010-08-24 13:03:00,153.07333333333335,21,451,0.013303769401330377
14343.0,1079.66,4,626,193,2010-10-14 13:05:00,2010-01-18 16:47:00,269.915,421,268,0.014925373134328358
14344.0,2993.05,20,1546,140,2011-08-04 13:51:00,2010-03-23 15:47:00,149.6525,127,498,0.040160642570281124
14345.0,108.97999999999999,1,50,6,2011-11-01 09:51:00,2011-11-01 09:51:00,108.97999999999999,39,0,1.0
14346.0,2315.75,5,1878,123,2011-08-11 09:47:00,2010-07-30 10:44:00,463.15,121,376,0.013297872340425532
14347.0,82.6,1,48,6,2009-12-03 10:49:00,2009-12-03 10:49:00,82.6,737,0,1.0
14348.0,409.57,1,183,18,2011-03-24 16:23:00,2011-03-24 16:23:00,409.57,260,0,1.0
14349.0,133.5,1,86,31,2011-11-29 15:39:00,2011-11-29 15:39:00,133.5,10,0,1.0
14350.0,972.03,3,543,55,2011-03-10 14:14:00,2010-10-05 15:52:00,324.01,274,155,0.01935483870967742
14351.0,51.0,1,12,1,2011-06-28 11:56:00,2011-06-28 11:56:00,51.0,165,0,1.0
14352.0,1078.96,4,538,44,2011-07-05 15:41:00,2011-03-11 14:58:00,269.74,157,116,0.034482758620689655
14353.0,376.5,3,344,18,2011-05-08 16:06:00,2010-10-04 12:38:00,125.5,215,216,0.013888888888888888
14354.0,163.62,2,210,9,2011-12-04 11:32:00,2011-11-09 15:36:00,81.81,6,24,0.08333333333333333
14355.0,840.0500000000001,3,617,57,2010-12-09 12:16:00,2010-03-22 15:08:00,280.0166666666667,366,261,0.011494252873563218
14356.0,701.23,2,277,33,2011-09-21 09:18:00,2011-09-19 14:43:00,350.615,80,1,2.0
14357.0,225.12,1,147,39,2011-10-27 16:23:00,2011-10-27 16:23:00,225.12,43,0,1.0
14358.0,400.06,2,338,21,2010-11-15 15:51:00,2010-10-07 17:26:00,200.03,389,38,0.05263157894736842
14359.0,912.18,3,371,44,2011-11-20 13:17:00,2011-09-13 09:03:00,304.06,19,68,0.04411764705882353
14360.0,2118.03,4,1139,104,2011-11-08 09:12:00,2011-09-06 11:58:00,529.5075,32,62,0.06451612903225806
14361.0,214.70999999999998,1,251,14,2010-05-10 12:29:00,2010-05-10 12:29:00,214.70999999999998,579,0,1.0
14362.0,151.5,1,96,37,2011-11-17 15:08:00,2011-11-17 15:08:00,151.5,22,0,1.0
14363.0,227.47000000000003,2,105,8,2010-11-02 17:01:00,2010-09-14 14:39:00,113.73500000000001,402,49,0.04081632653061224
14364.0,3717.35,8,1967,61,2011-08-23 11:01:00,2011-05-12 12:56:00,464.66875,109,102,0.0784313725490196
14365.0,634.68,2,557,50,2010-11-10 09:52:00,2010-01-27 09:44:00,317.34,395,287,0.006968641114982578
14366.0,136.0,1,16,1,2010-07-02 17:23:00,2010-07-02 17:23:00,136.0,525,0,1.0
14367.0,9227.82,16,4426,270,2011-12-01 13:19:00,2011-03-08 14:12:00,576.73875,8,267,0.0599250936329588
14368.0,155.0,1,36,8,2011-01-24 09:52:00,2011-01-24 09:52:00,155.0,320,0,1.0
14369.0,469.13,2,255,24,2010-03-07 15:47:00,2010-02-16 10:28:00,234.565,642,19,0.10526315789473684
14370.0,1175.78,6,266,37,2010-09-15 10:53:00,2010-02-01 08:35:00,195.96333333333334,451,226,0.02654867256637168
14371.0,100.5,1,34,4,2011-02-17 16:35:00,2011-02-17 16:35:00,100.5,295,0,1.0
14372.0,860.08,2,378,36,2010-09-22 16:17:00,2010-04-19 15:57:00,430.04,443,156,0.01282051282051282
14373.0,76.55,1,17,4,2010-12-16 15:40:00,2010-12-16 15:40:00,76.55,358,0,1.0
14374.0,108.0,1,20,7,2010-06-16 14:25:00,2010-06-16 14:25:00,108.0,541,0,1.0
14375.0,1106.82,3,647,176,2011-06-07 13:44:00,2010-06-16 14:34:00,368.94,185,355,0.008450704225352112
14376.0,215.46,1,50,17,2010-01-25 15:36:00,2010-01-25 15:36:00,215.46,683,0,1.0
14377.0,617.05,2,219,11,2011-06-01 13:32:00,2011-03-22 13:38:00,308.525,191,70,0.02857142857142857
14378.0,131.25,1,57,9,2010-03-28 12:22:00,2010-03-28 12:22:00,131.25,622,0,1.0
14379.0,1265.16,4,712,93,2011-10-26 16:43:00,2010-08-16 15:31:00,316.29,44,436,0.009174311926605505
14380.0,48.96,1,1,1,2010-01-26 17:11:00,2010-01-26 17:11:00,48.96,682,0,1.0
14381.0,625.9399999999999,2,449,104,2011-10-18 17:10:00,2010-09-14 16:15:00,312.96999999999997,52,399,0.005012531328320802
14382.0,1193.6299999999999,2,1667,227,2011-11-13 16:18:00,2010-11-14 16:32:00,596.8149999999999,26,363,0.005509641873278237
14383.0,1247.69,3,817,49,2011-11-01 15:53:00,2011-06-29 10:18:00,415.8966666666667,38,125,0.024
14384.0,58.5,1,30,3,2010-07-27 09:53:00,2010-07-27 09:53:00,58.5,501,0,1.0
14385.0,202.11,3,159,13,2011-11-30 15:36:00,2011-11-16 11:55:00,67.37,9,14,0.21428571428571427
14386.0,142.4,1,54,7,2011-02-16 09:45:00,2011-02-16 09:45:00,142.4,297,0,1.0
14387.0,1727.6,3,795,125,2011-11-07 12:29:00,2011-08-22 14:13:00,575.8666666666667,33,76,0.039473684210526314
14388.0,6388.2,16,4190,184,2011-11-29 13:32:00,2010-01-20 11:54:00,399.2625,10,678,0.02359882005899705
14389.0,1898.01,5,1388,48,2011-10-05 15:17:00,2010-04-28 14:57:00,379.602,65,525,0.009523809523809525
14390.0,6150.03,13,2830,197,2011-11-29 13:49:00,2010-10-10 14:30:00,473.0792307692308,10,414,0.03140096618357488
14391.0,135.6,1,168,14,2010-05-12 09:42:00,2010-05-12 09:42:00,135.6,577,0,1.0
14392.0,266.4,1,114,14,2010-10-03 12:56:00,2010-10-03 12:56:00,266.4,432,0,1.0
14393.0,67.95,1,13,5,2011-05-05 18:16:00,2011-05-05 18:16:00,67.95,218,0,1.0
14394.0,93.8,1,58,6,2010-05-24 10:43:00,2010-05-24 10:43:00,93.8,565,0,1.0
14395.0,7801.93,20,3872,320,2011-12-07 14:34:00,2010-04-18 13:12:00,390.0965,2,598,0.033444816053511704
14396.0,1969.38,7,959,202,2011-10-05 16:09:00,2009-12-02 14:21:00,281.34000000000003,65,672,0.010416666666666666
14397.0,2612.96,19,1890,18,2011-12-07 09:22:00,2011-05-10 12:25:00,137.52421052631578,3,210,0.09047619047619047
14398.0,707.79,2,267,50,2010-11-03 13:46:00,2010-06-30 11:57:00,353.895,401,126,0.015873015873015872
14399.0,2108.21,8,965,119,2010-11-10 13:23:00,2010-02-03 13:09:00,263.52625,394,280,0.02857142857142857
14400.0,1732.47,3,1706,71,2011-07-13 15:50:00,2010-03-18 12:11:00,577.49,149,482,0.006224066390041493
14401.0,6795.9,22,6401,171,2011-12-05 13:30:00,2009-12-14 13:22:00,308.9045454545454,4,721,0.030513176144244106
14402.0,285.6,1,240,8,2010-02-25 13:20:00,2010-02-25 13:20:00,285.6,652,0,1.0
14403.0,1880.51,6,737,20,2011-08-01 12:57:00,2010-03-10 14:00:00,313.41833333333335,130,508,0.011811023622047244
14404.0,2724.13,13,1577,123,2011-11-06 12:30:00,2009-12-20 14:40:00,209.54846153846154,34,685,0.01897810218978102
14405.0,195.0,1,100,2,2010-11-18 11:40:00,2010-11-18 11:40:00,195.0,387,0,1.0
14406.0,156.75,1,77,8,2011-08-12 16:54:00,2011-08-12 16:54:00,156.75,119,0,1.0
14407.0,2142.73,5,1414,66,2011-08-24 14:02:00,2011-03-08 11:59:00,428.546,107,169,0.029585798816568046
14408.0,4102.27,11,2438,63,2011-11-29 11:41:00,2009-12-07 12:18:00,372.9336363636364,11,721,0.015256588072122053
14409.0,3427.29,9,2233,76,2011-09-29 18:18:00,2010-05-21 16:45:00,380.81,71,496,0.018145161290322582
14410.0,2630.9,11,1367,306,2011-09-08 15:08:00,2010-09-28 15:46:00,239.1727272727273,92,344,0.03197674418604651
14411.0,1063.0,1,196,14,2011-02-02 10:56:00,2011-02-02 10:56:00,1063.0,311,0,1.0
14412.0,1426.19,3,1428,75,2011-10-28 10:45:00,2010-10-11 12:33:00,475.3966666666667,43,381,0.007874015748031496
14413.0,764.52,4,277,93,2010-12-12 13:37:00,2010-01-19 14:27:00,191.13,362,326,0.012269938650306749
14414.0,2399.33,8,2877,99,2011-09-09 12:09:00,2010-11-30 10:12:00,299.91625,92,283,0.028268551236749116
14415.0,11980.09,23,6263,445,2011-12-08 14:38:00,2009-12-16 14:08:00,520.8734782608695,1,722,0.03185595567867036
14416.0,490.22,2,326,13,2011-11-17 15:22:00,2011-10-28 15:10:00,245.11,22,20,0.1
14417.0,524.65,1,543,106,2010-11-17 10:55:00,2010-11-17 10:55:00,524.65,388,0,1.0
14418.0,1937.25,3,1711,114,2011-12-06 11:39:00,2011-08-23 17:18:00,645.75,4,104,0.028846153846153848
14419.0,1254.64,7,552,118,2011-11-29 11:22:00,2010-11-22 11:09:00,179.23428571428573,11,372,0.01881720430107527
14420.0,1639.17,4,1120,85,2011-09-01 18:07:00,2010-01-17 12:41:00,409.7925,99,592,0.006756756756756757
14421.0,2469.37,6,1342,72,2011-10-13 13:24:00,2010-01-17 11:30:00,411.56166666666667,57,634,0.00946372239747634
14422.0,10271.52,19,6067,317,2011-12-09 11:26:00,2009-12-17 12:12:00,540.6063157894737,1,721,0.026352288488210817
14423.0,916.6099999999999,3,419,12,2011-05-05 15:12:00,2010-01-14 11:49:00,305.53666666666663,218,476,0.0063025210084033615
14424.0,322.08,1,48,1,2011-11-22 11:48:00,2011-11-22 11:48:00,322.08,18,0,1.0
14425.0,661.39,3,325,35,2010-10-01 10:24:00,2009-12-02 11:31:00,220.46333333333334,435,302,0.009933774834437087
14426.0,11727.94,17,7023,452,2011-11-16 12:25:00,2010-03-04 14:36:00,689.8788235294118,24,621,0.027375201288244767
14427.0,1263.52,4,538,43,2011-10-20 14:23:00,2010-03-18 09:49:00,315.88,50,581,0.0068846815834767644
14428.0,1224.06,5,428,108,2011-12-02 13:17:00,2011-01-18 16:39:00,244.81199999999998,7,317,0.015772870662460567
14429.0,516.28,1,286,22,2010-11-01 10:08:00,2010-11-01 10:08:00,516.28,404,0,1.0
14430.0,1220.9,3,446,29,2010-07-16 11:35:00,2010-04-11 15:59:00,406.9666666666667,512,95,0.031578947368421054
14431.0,2614.2,4,1202,72,2011-02-10 10:40:00,2010-01-21 10:49:00,653.55,303,384,0.010416666666666666
14432.0,2248.5,6,2013,256,2011-11-30 08:04:00,2011-09-11 14:09:00,374.75,10,79,0.0759493670886076
14433.0,280.7,1,131,72,2010-08-31 12:35:00,2010-08-31 12:35:00,280.7,466,0,1.0
14434.0,1372.8,6,368,3,2011-11-18 08:56:00,2011-09-28 15:31:00,228.79999999999998,22,50,0.12
14435.0,90.42,1,282,3,2010-07-26 12:33:00,2010-07-26 12:33:00,90.42,502,0,1.0
14436.0,271.70000000000005,2,297,11,2011-09-02 10:13:00,2010-06-04 11:32:00,135.85000000000002,99,454,0.004405286343612335
14437.0,873.34,5,420,34,2010-12-09 09:27:00,2010-05-05 12:20:00,174.668,366,217,0.02304147465437788
14438.0,131.9,1,82,9,2011-02-06 14:56:00,2011-02-06 14:56:00,131.9,306,0,1.0
14439.0,9443.04,5,2244,105,2011-01-24 11:39:00,2010-01-21 14:01:00,1888.6080000000002,320,367,0.013623978201634877
14440.0,5982.03,13,1605,63,2011-12-01 15:42:00,2009-12-02 12:13:00,460.1561538461538,8,729,0.01783264746227709
14441.0,4611.6900000000005,11,1260,103,2011-12-09 09:07:00,2010-01-18 10:40:00,419.2445454545455,1,689,0.015965166908563134
14442.0,5367.0199999999995,7,1431,128,2011-05-19 11:36:00,2010-01-18 12:59:00,766.7171428571428,205,485,0.01443298969072165
14443.0,2082.97,5,1357,119,2011-10-17 10:10:00,2010-11-25 14:18:00,416.59399999999994,54,325,0.015384615384615385
14444.0,120.44,1,172,11,2010-09-09 18:56:00,2010-09-09 18:56:00,120.44,456,0,1.0
14445.0,221.65,1,83,32,2010-09-10 11:09:00,2010-09-10 11:09:00,221.65,456,0,1.0
14446.0,1195.48,5,1031,258,2011-12-09 11:34:00,2010-11-18 12:08:00,239.096,1,385,0.012987012987012988
14447.0,1711.73,6,913,81,2011-11-21 08:28:00,2010-11-04 13:32:00,285.28833333333336,19,381,0.015748031496062992
14448.0,375.35,2,104,20,2011-11-30 13:50:00,2010-12-10 17:26:00,187.675,9,354,0.005649717514124294
14449.0,2230.96,8,1604,301,2011-11-21 12:06:00,2010-09-29 13:15:00,278.87,19,417,0.019184652278177457
14450.0,1128.44,7,522,47,2011-06-12 10:46:00,2010-04-08 12:09:00,161.2057142857143,181,429,0.016317016317016316
14451.0,3258.68,12,1737,245,2011-10-10 13:38:00,2010-01-17 10:35:00,271.5566666666667,60,631,0.01901743264659271
14452.0,658.95,4,285,108,2011-11-29 12:06:00,2010-07-06 13:13:00,164.7375,11,510,0.00784313725490196
14453.0,119.93,1,49,22,2011-06-02 14:15:00,2011-06-02 14:15:00,119.93,190,0,1.0
14454.0,977.3,5,400,93,2010-11-28 13:26:00,2009-12-06 12:56:00,195.45999999999998,376,357,0.014005602240896359
14455.0,617.72,4,706,65,2010-10-03 15:48:00,2010-08-01 13:26:00,154.43,432,63,0.06349206349206349
14456.0,3014.32,9,2848,579,2011-12-04 13:59:00,2011-07-20 13:06:00,334.9244444444445,5,137,0.06569343065693431
14457.0,113.64,1,88,4,2011-02-02 09:39:00,2011-02-02 09:39:00,113.64,311,0,1.0
14458.0,219.26999999999998,1,309,45,2010-11-24 12:43:00,2010-11-24 12:43:00,219.26999999999998,381,0,1.0
14459.0,5375.74,2,2302,112,2011-07-07 13:35:00,2010-02-26 13:26:00,2687.87,155,496,0.004032258064516129
14460.0,1093.5,9,1879,33,2011-08-21 14:19:00,2009-12-15 19:06:00,121.5,110,613,0.01468189233278956
14461.0,6676.52,13,3004,514,2011-07-14 17:11:00,2010-01-18 12:48:00,513.5784615384616,148,542,0.023985239852398525
14462.0,2237.81,12,1061,181,2011-10-04 15:55:00,2010-10-03 14:13:00,186.48416666666665,66,366,0.03278688524590164
14463.0,786.5699999999999,4,210,7,2011-09-02 15:20:00,2010-07-28 11:35:00,196.64249999999998,98,401,0.00997506234413965
14464.0,111.0,2,62,4,2010-05-20 18:00:00,2010-03-22 15:20:00,55.5,568,59,0.03389830508474576
14465.0,3925.85,11,2539,128,2011-04-07 12:38:00,2010-01-07 15:03:00,356.8954545454545,247,454,0.024229074889867842
14466.0,4267.15,13,2507,77,2011-11-10 14:07:00,2009-12-13 15:44:00,328.2423076923077,29,696,0.01867816091954023
14467.0,2203.2400000000002,12,1187,144,2011-11-22 12:48:00,2009-12-02 12:44:00,183.60333333333335,18,720,0.016666666666666666
14468.0,204.24,1,164,12,2009-12-06 12:21:00,2009-12-06 12:21:00,204.24,734,0,1.0
14469.0,2093.46,4,973,120,2010-10-19 14:30:00,2010-01-29 11:12:00,523.365,416,263,0.015209125475285171
14470.0,712.04,3,282,56,2011-11-28 10:31:00,2010-10-05 12:39:00,237.34666666666666,12,418,0.007177033492822967
14471.0,400.95,2,187,38,2010-04-27 17:12:00,2009-12-07 12:26:00,200.475,591,141,0.014184397163120567
14472.0,2118.72,9,1271,173,2011-08-28 11:01:00,2010-01-19 13:09:00,235.4133333333333,104,585,0.015384615384615385
14473.0,234.34000000000003,2,88,7,2011-09-26 15:10:00,2011-03-02 13:56:00,117.17000000000002,74,208,0.009615384615384616
14474.0,1258.8899999999999,2,448,122,2011-10-24 13:26:00,2010-05-09 12:12:00,629.4449999999999,46,533,0.00375234521575985
14475.0,1151.15,4,541,40,2011-09-29 10:46:00,2010-10-27 09:20:00,287.7875,72,337,0.011869436201780416
14476.0,193.0,1,110,17,2011-03-27 15:39:00,2011-03-27 15:39:00,193.0,257,0,1.0
14477.0,1969.6,7,1120,7,2011-11-20 11:11:00,2010-01-04 15:41:00,281.37142857142857,20,684,0.01023391812865497
14478.0,1276.66,4,1226,59,2010-11-22 15:29:00,2009-12-01 13:20:00,319.165,382,356,0.011235955056179775
14479.0,1124.71,4,562,127,2011-03-31 09:07:00,2009-12-06 13:48:00,281.1775,254,479,0.008350730688935281
14480.0,1299.52,4,670,52,2011-11-28 16:35:00,2009-12-21 16:32:00,324.88,11,707,0.005657708628005658
14481.0,2284.69,5,1568,114,2011-06-28 10:38:00,2010-01-31 12:43:00,456.938,165,512,0.009765625
14482.0,4306.72,12,2869,185,2011-11-21 13:14:00,2010-08-26 14:13:00,358.8933333333334,18,451,0.026607538802660754
14483.0,257.1,2,193,13,2011-03-03 10:26:00,2009-12-03 10:16:00,128.55,282,455,0.004395604395604396
14484.0,1070.98,4,744,47,2011-10-20 14:11:00,2009-12-17 10:57:00,267.745,50,672,0.005952380952380952
14485.0,162.8,1,70,44,2011-11-01 12:25:00,2011-11-01 12:25:00,162.8,39,0,1.0
14486.0,175.5,2,90,4,2010-07-16 09:42:00,2010-06-04 10:30:00,87.75,512,41,0.04878048780487805
14487.0,1266.27,7,761,129,2011-11-13 12:17:00,2010-11-25 13:36:00,180.8957142857143,27,352,0.019886363636363636
14488.0,1064.28,1,799,46,2011-10-03 09:30:00,2011-10-03 09:30:00,1064.28,68,0,1.0
14489.0,1574.93,4,1011,65,2011-05-16 14:51:00,2010-04-06 09:52:00,393.7325,207,405,0.009876543209876543
14490.0,1273.47,2,933,72,2010-10-29 15:04:00,2010-10-07 11:36:00,636.735,406,22,0.09090909090909091
14491.0,340.93,2,139,17,2011-06-17 15:22:00,2010-12-02 12:10:00,170.465,175,197,0.01015228426395939
14492.0,1921.91,7,751,70,2010-10-05 13:21:00,2010-03-30 14:23:00,274.55857142857144,430,188,0.03723404255319149
14493.0,5087.86,10,3148,292,2011-12-02 16:14:00,2010-03-08 08:33:00,508.78599999999994,7,634,0.015772870662460567
14494.0,401.46,3,210,17,2011-11-14 09:21:00,2009-12-08 13:25:00,133.82,26,705,0.00425531914893617
14495.0,174.8,3,68,7,2011-10-20 12:28:00,2010-02-18 08:49:00,58.26666666666667,51,609,0.0049261083743842365
14496.0,2363.89,7,905,64,2011-02-01 09:01:00,2010-03-16 13:15:00,337.6985714285714,312,321,0.021806853582554516
14497.0,697.0600000000001,2,332,40,2011-02-03 17:01:00,2010-02-04 09:59:00,348.53000000000003,309,364,0.005494505494505495
14498.0,3900.83,10,2120,276,2011-10-28 12:09:00,2010-06-07 16:05:00,390.08299999999997,43,507,0.01972386587771203
14499.0,2101.79,7,1231,199,2011-11-13 13:01:00,2010-08-27 11:57:00,300.2557142857143,26,443,0.01580135440180587
14500.0,356.85,3,117,6,2011-09-12 16:45:00,2011-06-03 10:08:00,118.95,88,101,0.0297029702970297
14501.0,251.21,2,161,9,2011-06-09 12:02:00,2011-01-24 10:43:00,125.605,184,136,0.014705882352941176
14502.0,2426.79,11,1464,367,2011-11-20 11:50:00,2011-01-30 15:52:00,220.61727272727273,20,293,0.03754266211604096
14503.0,3543.26,6,2004,113,2011-12-06 13:30:00,2011-06-14 10:00:00,590.5433333333334,3,175,0.03428571428571429
14504.0,673.26,4,308,85,2011-10-23 16:00:00,2011-03-06 14:38:00,168.315,47,231,0.017316017316017316
14505.0,11873.08,19,5323,897,2011-11-22 15:45:00,2009-12-09 14:48:00,624.8989473684211,17,713,0.02664796633941094
14506.0,2960.25,7,936,251,2011-11-22 13:02:00,2010-04-19 08:27:00,422.89285714285717,17,582,0.012027491408934709
14507.0,3216.7400000000002,11,1491,182,2011-11-16 12:21:00,2009-12-10 17:04:00,292.4309090909091,24,705,0.015602836879432624
14508.0,822.92,5,347,142,2011-11-17 19:48:00,2010-06-17 13:02:00,164.584,22,518,0.009652509652509652
14509.0,110.95,1,38,25,2010-06-23 13:21:00,2010-06-23 13:21:00,110.95,534,0,1.0
14510.0,979.85,3,793,67,2010-11-29 12:46:00,2010-09-29 13:35:00,326.6166666666667,376,60,0.05
14511.0,1314.81,5,784,53,2011-11-28 17:05:00,2011-07-29 12:13:00,262.962,11,122,0.040983606557377046
14512.0,1215.97,7,736,55,2011-06-05 12:39:00,2009-12-07 13:49:00,173.71,188,544,0.012867647058823529
14513.0,788.01,6,593,15,2011-08-31 11:25:00,2010-05-20 17:57:00,131.335,101,467,0.01284796573875803
14514.0,4380.04,9,2362,212,2011-10-09 16:05:00,2009-12-13 13:21:00,486.6711111111111,61,665,0.013533834586466165
14515.0,3724.06,12,1893,109,2011-11-22 11:37:00,2010-06-07 12:37:00,310.3383333333333,18,532,0.022556390977443608
14516.0,151.17,1,63,35,2010-07-11 14:07:00,2010-07-11 14:07:00,151.17,516,0,1.0
14517.0,330.45,2,91,17,2011-11-06 14:20:00,2011-07-21 11:42:00,165.225,33,108,0.018518518518518517
14518.0,174.37,1,278,16,2011-10-06 14:43:00,2011-10-06 14:43:00,174.37,64,0,1.0
14519.0,203.14,2,81,38,2010-01-25 11:18:00,2009-12-11 10:40:00,101.57,684,45,0.044444444444444446
14520.0,270.6,2,146,3,2011-12-08 09:46:00,2011-02-22 09:15:00,135.3,2,289,0.006920415224913495
14521.0,199.45000000000002,1,211,17,2010-08-05 16:35:00,2010-08-05 16:35:00,199.45000000000002,491,0,1.0
14522.0,1748.42,8,956,34,2011-11-15 13:24:00,2010-01-24 13:55:00,218.5525,24,659,0.012139605462822459
14523.0,241.09,1,251,12,2011-08-23 13:13:00,2011-08-23 13:13:00,241.09,108,0,1.0
14524.0,2909.86,13,1169,250,2011-11-08 12:29:00,2010-10-19 11:44:00,223.8353846153846,32,385,0.033766233766233764
14525.0,8018.59,17,5105,339,2011-11-20 11:37:00,2009-12-13 14:01:00,471.68176470588236,20,706,0.024079320113314446
14526.0,258.65,1,178,41,2010-11-15 13:32:00,2010-11-15 13:32:00,258.65,389,0,1.0
14527.0,27191.1,121,6630,605,2011-12-07 12:19:00,2009-12-02 12:06:00,224.71983471074378,3,735,0.16462585034013605
14528.0,364.21999999999997,1,278,18,2011-11-02 17:09:00,2011-11-02 17:09:00,364.21999999999997,37,0,1.0
14529.0,578.61,3,325,177,2011-10-10 15:27:00,2011-08-21 14:10:00,192.87,60,50,0.06
14530.0,6088.87,16,2989,269,2011-11-14 10:38:00,2010-01-21 11:25:00,380.554375,26,661,0.024205748865355523
14531.0,376.34,1,260,29,2010-08-17 10:16:00,2010-08-17 10:16:00,376.34,480,0,1.0
14532.0,3845.78,11,1111,209,2011-04-17 13:05:00,2010-01-10 11:47:00,349.61636363636364,236,462,0.023809523809523808
14533.0,3466.37,11,6038,74,2011-11-15 12:05:00,2010-04-08 12:13:00,315.12454545454545,25,585,0.018803418803418803
14534.0,6183.06,26,2820,436,2011-12-07 12:19:00,2010-03-15 14:16:00,237.81,3,631,0.04120443740095087
14535.0,5961.89,9,3187,588,2011-10-10 15:39:00,2010-02-24 15:03:00,662.4322222222222,60,593,0.01517706576728499
14536.0,170.95,1,39,18,2011-03-25 12:21:00,2011-03-25 12:21:00,170.95,260,0,1.0
14537.0,641.4,2,228,23,2011-10-13 10:54:00,2010-03-26 13:44:00,320.7,58,565,0.0035398230088495575
14538.0,1370.8400000000001,5,284,45,2011-10-06 10:31:00,2010-01-25 15:42:00,274.168,65,618,0.008090614886731391
14539.0,537.48,2,428,31,2011-11-24 09:50:00,2011-10-26 12:03:00,268.74,16,28,0.07142857142857142
14540.0,3709.64,11,1595,197,2011-11-30 10:15:00,2009-12-07 13:00:00,337.24,10,722,0.015235457063711912
14541.0,2491.38,14,1123,99,2011-10-12 10:08:00,2010-01-07 11:59:00,177.9557142857143,59,642,0.021806853582554516
14542.0,103.25,1,19,5,2011-06-07 08:19:00,2011-06-07 08:19:00,103.25,186,0,1.0
14543.0,14548.22,39,2635,104,2011-11-11 12:45:00,2009-12-01 13:47:00,373.03128205128206,29,709,0.05500705218617771
14544.0,2938.53,3,2412,148,2011-11-15 15:06:00,2010-08-26 16:00:00,979.5100000000001,24,445,0.006741573033707865
14545.0,349.25,1,236,23,2010-02-03 15:23:00,2010-02-03 15:23:00,349.25,674,0,1.0
14546.0,5184.84,11,2688,410,2011-12-04 13:00:00,2009-12-06 13:10:00,471.34909090909093,5,727,0.015130674002751032
14547.0,3974.75,8,2639,198,2011-12-06 11:06:00,2011-10-16 14:35:00,496.84375,4,50,0.16
14548.0,2541.29,9,986,66,2011-07-12 12:19:00,2009-12-06 14:00:00,282.36555555555555,151,582,0.015463917525773196
14549.0,913.6,4,394,117,2011-02-01 13:47:00,2009-12-02 14:06:00,228.4,311,425,0.009411764705882352
14550.0,1345.06,4,771,77,2011-11-29 12:12:00,2010-08-13 12:05:00,336.265,11,473,0.008456659619450317
14551.0,878.09,7,486,69,2011-11-21 13:36:00,2010-01-27 12:06:00,125.44142857142857,18,663,0.010558069381598794
14552.0,507.93,3,258,124,2011-07-11 12:49:00,2010-04-26 13:44:00,169.31,152,440,0.006818181818181818
14553.0,1818.6,9,1118,233,2011-11-20 13:20:00,2010-07-18 12:07:00,202.06666666666666,19,490,0.018367346938775512
14554.0,2279.4900000000002,4,1443,147,2011-11-29 16:44:00,2011-10-18 13:04:00,569.8725000000001,10,42,0.09523809523809523
14555.0,2304.03,6,842,94,2011-10-13 16:24:00,2009-12-18 11:39:00,384.00500000000005,57,664,0.009036144578313253
14556.0,815.69,3,323,158,2010-04-22 14:57:00,2010-01-20 11:49:00,271.8966666666667,596,92,0.03260869565217391
14557.0,788.38,1,510,16,2011-09-15 15:48:00,2011-09-15 15:48:00,788.38,85,0,1.0
14558.0,655.5,3,162,13,2010-02-23 12:51:00,2009-12-08 10:41:00,218.5,654,77,0.03896103896103896
14559.0,75.6,1,72,2,2010-11-14 16:05:00,2010-11-14 16:05:00,75.6,390,0,1.0
14560.0,6114.03,44,4580,60,2011-12-02 15:22:00,2009-12-02 10:15:00,138.95522727272726,7,730,0.06027397260273973
14561.0,1080.76,3,1014,67,2011-09-25 12:39:00,2011-06-08 13:26:00,360.25333333333333,76,108,0.027777777777777776
14562.0,6638.150000000001,26,2574,245,2011-12-06 11:05:00,2010-02-07 14:10:00,255.31346153846155,4,666,0.03903903903903904
14563.0,625.42,2,243,94,2010-07-18 12:01:00,2010-04-26 12:51:00,312.71,510,82,0.024390243902439025
14564.0,2605.62,2,1295,107,2010-10-01 09:02:00,2009-12-04 09:27:00,1302.81,435,300,0.006666666666666667
14565.0,3709.2200000000003,5,1937,138,2011-09-05 09:07:00,2010-08-23 09:48:00,741.844,96,377,0.013262599469496022
14566.0,4092.0,4,2400,9,2011-08-21 11:05:00,2010-06-24 10:34:00,1023.0,111,423,0.009456264775413711
14567.0,1530.3600000000001,2,412,33,2011-10-14 10:21:00,2011-08-01 13:48:00,765.1800000000001,57,73,0.0273972602739726
14568.0,919.7,1,645,47,2010-09-30 17:15:00,2010-09-30 17:15:00,919.7,435,0,1.0
14569.0,597.3299999999999,4,257,31,2011-12-08 14:58:00,2010-04-15 11:49:00,149.33249999999998,1,602,0.006644518272425249
14570.0,512.4,3,363,63,2011-03-04 10:58:00,2010-09-22 13:07:00,170.79999999999998,281,162,0.018518518518518517
14571.0,160.0,1,56,30,2010-10-10 15:06:00,2010-10-10 15:06:00,160.0,425,0,1.0
14572.0,5520.9800000000005,11,2876,335,2011-12-06 14:40:00,2010-03-28 13:47:00,501.90727272727275,3,618,0.01779935275080906
14573.0,2163.12,13,683,183,2011-06-13 11:15:00,2010-01-08 16:34:00,166.39384615384614,180,520,0.025
14574.0,143.70000000000002,1,63,11,2009-12-07 12:42:00,2009-12-07 12:42:00,143.70000000000002,733,0,1.0
14575.0,420.22,1,163,71,2010-08-08 14:51:00,2010-08-08 14:51:00,420.22,488,0,1.0
14576.0,35.400000000000006,1,12,1,2010-12-02 17:51:00,2010-12-02 17:51:00,35.400000000000006,372,0,1.0
14577.0,1364.15,7,569,104,2011-11-27 12:47:00,2009-12-11 12:09:00,194.87857142857143,13,716,0.009776536312849162
14578.0,168.63,1,240,24,2011-12-06 17:18:00,2011-12-06 17:18:00,168.63,3,0,1.0
14579.0,105.56,1,56,24,2010-10-03 14:36:00,2010-10-03 14:36:00,105.56,432,0,1.0
14580.0,14.850000000000001,1,3,1,2010-07-09 15:20:00,2010-07-09 15:20:00,14.850000000000001,518,0,1.0
14581.0,409.65,2,304,59,2011-11-23 12:39:00,2010-06-13 15:48:00,204.825,17,527,0.003795066413662239
14582.0,114.11,1,73,6,2011-10-30 11:56:00,2011-10-30 11:56:00,114.11,41,0,1.0
14583.0,1660.29,8,1071,353,2011-12-04 12:32:00,2010-03-28 15:16:00,207.53625,6,615,0.013008130081300813
14584.0,1738.16,8,960,127,2011-06-23 18:33:00,2010-02-17 14:01:00,217.27,169,491,0.016293279022403257
14585.0,1143.27,5,630,88,2011-10-20 14:33:00,2010-10-19 12:17:00,228.654,50,366,0.01366120218579235
14586.0,237.36,1,444,19,2011-03-08 10:04:00,2011-03-08 10:04:00,237.36,277,0,1.0
14587.0,1580.29,9,749,170,2011-11-21 11:34:00,2011-01-12 13:16:00,175.58777777777777,19,312,0.028846153846153848
14588.0,135.39,1,62,16,2010-05-10 15:08:00,2010-05-10 15:08:00,135.39,578,0,1.0
14589.0,39.75,1,5,3,2010-12-03 11:42:00,2010-12-03 11:42:00,39.75,372,0,1.0
14590.0,2993.37,20,901,124,2010-10-11 12:06:00,2009-12-07 14:10:00,149.6685,425,307,0.06514657980456026
14591.0,1320.21,4,1228,138,2011-11-24 13:57:00,2011-05-10 14:09:00,330.0525,15,197,0.02030456852791878
14592.0,557.94,3,407,132,2011-11-04 16:35:00,2011-10-06 18:08:00,185.98000000000002,35,28,0.10714285714285714
14593.0,3658.0299999999997,12,1846,435,2011-11-18 12:48:00,2009-12-09 12:57:00,304.8358333333333,22,708,0.01694915254237288
14594.0,363.33,2,183,48,2011-12-02 13:28:00,2010-12-01 13:54:00,181.665,7,365,0.005479452054794521
14595.0,2164.45,8,1228,119,2011-11-20 12:12:00,2010-01-20 13:59:00,270.55625,20,668,0.011976047904191617
14596.0,222.22000000000003,1,75,50,2010-03-23 12:13:00,2010-03-23 12:13:00,222.22000000000003,627,0,1.0
14597.0,2184.63,6,1436,79,2011-11-28 13:13:00,2010-09-28 13:17:00,364.105,11,425,0.01411764705882353
14598.0,384.04,2,354,83,2011-10-26 13:19:00,2010-05-19 13:07:00,192.02,44,525,0.0038095238095238095
14599.0,457.89,2,292,77,2010-11-14 14:49:00,2010-07-18 15:54:00,228.945,390,118,0.01694915254237288
14600.0,865.1700000000001,2,487,53,2011-02-07 09:48:00,2010-11-11 15:56:00,432.58500000000004,306,87,0.022988505747126436
14601.0,213.96,1,168,7,2011-11-29 09:48:00,2011-11-29 09:48:00,213.96,11,0,1.0
14602.0,205.35999999999999,1,80,31,2010-02-21 15:47:00,2010-02-21 15:47:00,205.35999999999999,656,0,1.0
14603.0,660.0,1,400,2,2011-03-10 10:27:00,2011-03-10 10:27:00,660.0,275,0,1.0
14604.0,136.35999999999999,1,86,19,2010-03-16 13:00:00,2010-03-16 13:00:00,136.35999999999999,633,0,1.0
14605.0,920.71,4,415,87,2010-11-30 14:07:00,2009-12-08 13:59:00,230.1775,374,357,0.011204481792717087
14606.0,29648.75,184,15195,1259,2011-12-08 19:28:00,2009-12-03 12:40:00,161.13451086956522,1,735,0.2503401360544218
14607.0,22575.13,20,14543,105,2011-11-24 10:35:00,2009-12-15 11:25:00,1128.7565,16,708,0.02824858757062147
14608.0,3342.94,10,926,14,2011-12-05 16:52:00,2009-12-06 12:34:00,334.294,4,729,0.013717421124828532
14609.0,1486.2,10,12720,6,2011-09-28 12:54:00,2010-02-09 09:48:00,148.62,72,596,0.016778523489932886
14610.0,24.35,2,15,10,2010-11-09 10:58:00,2010-07-13 16:06:00,12.175,396,118,0.01694915254237288
14611.0,604.3299999999999,2,582,37,2010-09-22 09:19:00,2010-04-20 10:19:00,302.16499999999996,444,154,0.012987012987012988
14612.0,877.7,1,134,14,2010-10-20 16:01:00,2010-10-20 16:01:00,877.7,415,0,1.0
14613.0,76.32000000000001,1,72,1,2010-01-28 13:02:00,2010-01-28 13:02:00,76.32000000000001,680,0,1.0
14614.0,295.13,1,189,19,2010-11-18 13:04:00,2010-11-18 13:04:00,295.13,386,0,1.0
14615.0,951.76,5,495,40,2010-11-10 13:36:00,2010-06-09 13:59:00,190.352,394,153,0.032679738562091505
14616.0,527.78,5,170,3,2011-04-11 09:54:00,2010-06-09 09:42:00,105.556,243,306,0.016339869281045753
14617.0,190.47000000000003,2,81,7,2010-11-02 11:41:00,2010-10-20 10:40:00,95.23500000000001,403,13,0.15384615384615385
14618.0,1342.32,7,704,40,2011-11-30 13:45:00,2010-06-11 10:11:00,191.76,9,537,0.01303538175046555
14619.0,1291.24,2,594,58,2011-04-08 07:37:00,2010-06-16 14:41:00,645.62,246,295,0.006779661016949152
14620.0,412.78000000000003,2,214,26,2011-05-18 11:58:00,2011-03-01 08:30:00,206.39000000000001,206,78,0.02564102564102564
14621.0,3000.57,9,1706,134,2011-12-08 16:22:00,2010-01-25 09:08:00,333.3966666666667,1,682,0.013196480938416423
14622.0,320.58000000000004,1,146,21,2011-06-08 12:42:00,2011-06-08 12:42:00,320.58000000000004,185,0,1.0
14623.0,2012.3,10,1013,192,2011-11-07 13:56:00,2010-04-16 17:12:00,201.23,32,569,0.01757469244288225
14624.0,814.07,6,645,39,2011-10-13 13:44:00,2010-04-14 10:44:00,135.67833333333334,57,547,0.010968921389396709
14625.0,4497.88,11,2155,167,2011-05-27 15:32:00,2009-12-16 13:23:00,408.89818181818185,196,527,0.020872865275142316
14626.0,5410.92,11,3135,181,2011-11-16 10:37:00,2009-12-10 14:57:00,491.9018181818182,24,705,0.015602836879432624
14627.0,462.75,1,284,29,2010-11-25 16:32:00,2010-11-25 16:32:00,462.75,379,0,1.0
14628.0,1998.0,5,1147,65,2011-09-09 14:58:00,2010-01-25 14:40:00,399.6,91,592,0.008445945945945946
14629.0,955.26,2,378,133,2011-12-05 16:55:00,2011-10-23 16:13:00,477.63,4,43,0.046511627906976744
14630.0,338.65,1,111,21,2010-08-12 16:38:00,2010-08-12 16:38:00,338.65,484,0,1.0
14631.0,2025.69,6,1407,65,2011-10-20 11:17:00,2010-08-09 14:45:00,337.615,51,436,0.013761467889908258
14632.0,114.56,1,96,8,2011-03-22 08:49:00,2011-03-22 08:49:00,114.56,263,0,1.0
14633.0,344.90000000000003,1,96,20,2011-03-18 17:07:00,2011-03-18 17:07:00,344.90000000000003,266,0,1.0
14634.0,2124.46,4,1906,105,2010-09-28 10:40:00,2010-06-16 09:48:00,531.115,438,104,0.038461538461538464
14635.0,215.22,1,118,15,2010-09-12 10:47:00,2010-09-12 10:47:00,215.22,454,0,1.0
14636.0,609.85,2,241,27,2011-11-03 16:12:00,2011-03-16 09:52:00,304.925,36,232,0.008620689655172414
14637.0,106.67999999999999,1,100,7,2010-01-31 15:52:00,2010-01-31 15:52:00,106.67999999999999,677,0,1.0
14638.0,443.6,1,166,16,2011-10-20 10:10:00,2011-10-20 10:10:00,443.6,51,0,1.0
14639.0,4978.96,9,2410,203,2011-10-18 15:06:00,2010-02-16 12:35:00,553.2177777777778,52,609,0.014778325123152709
14640.0,3649.36,10,1645,165,2011-11-15 13:07:00,2010-01-22 15:44:00,364.93600000000004,24,661,0.015128593040847202
14641.0,110.46,1,90,7,2011-11-18 10:42:00,2011-11-18 10:42:00,110.46,22,0,1.0
14642.0,96.12,1,76,2,2011-10-12 11:08:00,2011-10-12 11:08:00,96.12,59,0,1.0
14643.0,1679.89,5,1377,57,2011-06-22 14:41:00,2009-12-11 11:52:00,335.978,170,558,0.008960573476702509
14644.0,2247.72,7,770,50,2011-10-03 08:30:00,2009-12-03 16:24:00,321.1028571428571,68,668,0.010479041916167664
14645.0,876.89,3,587,45,2011-07-06 09:15:00,2010-03-15 11:33:00,292.2966666666667,157,477,0.006289308176100629
14646.0,526751.52,145,367072,960,2011-12-08 12:12:00,2009-12-02 16:52:00,3632.769103448276,2,735,0.19727891156462585
14647.0,506.04,2,175,42,2011-05-22 13:40:00,2010-07-04 13:27:00,253.02,201,322,0.006211180124223602
14648.0,4463.39,15,3259,285,2010-10-19 13:12:00,2009-12-10 13:59:00,297.55933333333337,416,312,0.04807692307692308
14649.0,3651.19,9,2415,374,2011-12-05 12:30:00,2010-01-20 13:10:00,405.6877777777778,5,683,0.013177159590043924
14650.0,62.5,1,22,4,2010-04-29 20:27:00,2010-04-29 20:27:00,62.5,589,0,1.0
14651.0,2025.52,9,880,216,2011-10-03 15:52:00,2010-03-18 11:39:00,225.05777777777777,67,564,0.015957446808510637
14652.0,114.18,1,53,29,2011-09-23 14:21:00,2011-09-23 14:21:00,114.18,77,0,1.0
14653.0,3583.11,12,1968,270,2011-12-08 13:45:00,2009-12-02 11:51:00,298.59250000000003,1,736,0.016304347826086956
14654.0,246.86,1,273,27,2009-12-01 12:57:00,2009-12-01 12:57:00,246.86,738,0,1.0
14655.0,3878.51,7,2341,72,2011-12-01 16:28:00,2010-04-22 14:29:00,554.0728571428572,8,588,0.011904761904761904
14656.0,790.0,5,309,148,2011-06-23 13:51:00,2010-04-15 12:10:00,158.0,169,434,0.01152073732718894
14657.0,1450.19,6,879,143,2011-11-22 12:47:00,2010-09-30 19:57:00,241.69833333333335,18,417,0.014388489208633094
14658.0,247.15,2,47,27,2011-12-04 15:35:00,2011-08-14 15:42:00,123.575,5,111,0.018018018018018018
14659.0,2529.93,9,1195,147,2011-12-01 12:17:00,2011-01-28 12:43:00,281.1033333333333,9,306,0.029411764705882353
14660.0,285.74,2,228,24,2011-09-14 11:34:00,2011-08-31 10:40:00,142.87,87,14,0.14285714285714285
14661.0,107.95,1,35,4,2011-11-13 11:51:00,2011-11-13 11:51:00,107.95,27,0,1.0
14662.0,1376.43,7,907,199,2011-11-11 12:13:00,2009-12-03 16:47:00,196.63285714285715,29,707,0.009900990099009901
14663.0,490.6,2,397,60,2010-10-05 13:21:00,2010-10-05 13:12:00,245.3,430,0,2.0
14664.0,636.24,2,465,78,2011-11-20 10:59:00,2011-11-06 14:56:00,318.12,20,13,0.15384615384615385
14665.0,2749.65,7,1144,94,2011-10-10 09:14:00,2010-04-26 11:17:00,392.8071428571429,61,531,0.013182674199623353
14666.0,179.95,1,155,13,2011-11-15 12:57:00,2011-11-15 12:57:00,179.95,24,0,1.0
14667.0,20359.59,54,11863,577,2011-11-29 11:30:00,2009-12-02 12:38:00,377.02944444444444,11,726,0.0743801652892562
14668.0,111.63,1,49,10,2010-09-20 15:03:00,2010-09-20 15:03:00,111.63,445,0,1.0
14669.0,3216.78,7,2043,334,2011-04-12 11:43:00,2009-12-02 13:06:00,459.54,242,495,0.014141414141414142
14670.0,583.33,3,423,159,2011-03-04 14:13:00,2009-12-07 13:59:00,194.44333333333336,280,452,0.00663716814159292
14671.0,1127.45,2,571,48,2010-06-08 13:39:00,2010-05-20 18:21:00,563.725,549,18,0.1111111111111111
14672.0,1113.14,4,646,93,2011-04-19 10:19:00,2010-01-28 11:33:00,278.285,235,445,0.008988764044943821
14673.0,3037.32,7,1822,86,2011-12-06 14:31:00,2010-10-26 10:14:00,433.90285714285716,3,406,0.017241379310344827
14674.0,173.66,1,103,14,2010-07-18 14:25:00,2010-07-18 14:25:00,173.66,509,0,1.0
14675.0,1015.58,2,660,196,2011-11-23 12:58:00,2010-11-16 12:22:00,507.79,16,372,0.005376344086021506
14676.0,8356.79,12,8792,77,2011-11-08 13:29:00,2010-03-10 09:30:00,696.3991666666667,31,608,0.019736842105263157
14677.0,184.91,1,139,14,2010-04-26 09:48:00,2010-04-26 09:48:00,184.91,593,0,1.0
14678.0,403.39,1,179,24,2010-05-09 14:32:00,2010-05-09 14:32:00,403.39,579,0,1.0
14679.0,1289.44,3,794,49,2010-11-23 11:51:00,2009-12-08 17:13:00,429.81333333333333,382,349,0.008595988538681949
14680.0,55688.5,58,26894,222,2011-11-14 16:59:00,2009-12-04 12:36:00,960.1465517241379,25,710,0.08169014084507042
14681.0,875.1500000000001,6,172,19,2011-09-29 15:52:00,2010-02-24 08:54:00,145.85833333333335,71,582,0.010309278350515464
14682.0,1514.81,6,949,79,2011-06-05 12:12:00,2010-02-05 14:47:00,252.46833333333333,188,484,0.012396694214876033
14683.0,146.56,1,386,21,2010-04-30 17:18:00,2010-04-30 17:18:00,146.56,588,0,1.0
14684.0,1430.03,6,1005,272,2011-11-14 11:33:00,2010-11-14 14:07:00,238.33833333333334,26,364,0.016483516483516484
14685.0,4536.64,8,1969,109,2010-05-12 13:08:00,2009-12-13 11:32:00,567.08,576,150,0.05333333333333334
14686.0,852.53,5,457,185,2010-10-21 18:31:00,2010-02-18 18:29:00,170.506,414,245,0.02040816326530612
14687.0,1402.06,3,850,34,2011-08-25 11:59:00,2010-06-06 10:36:00,467.3533333333333,107,445,0.006741573033707865
14688.0,7190.42,28,5041,197,2011-12-02 12:26:00,2010-09-09 12:35:00,256.80071428571426,8,448,0.0625
14689.0,112.8,1,76,13,2011-05-15 11:22:00,2011-05-15 11:22:00,112.8,209,0,1.0
14690.0,777.68,4,341,69,2011-10-26 15:39:00,2010-10-25 12:20:00,194.42,44,366,0.01092896174863388
14691.0,2114.33,5,707,50,2011-11-09 12:30:00,2011-05-11 09:55:00,422.866,31,182,0.027472527472527472
14692.0,1715.1399999999999,12,890,101,2011-07-25 15:08:00,2010-04-01 14:04:00,142.9283333333333,137,480,0.025
14693.0,1165.36,7,388,43,2011-03-20 12:50:00,2010-07-02 08:28:00,166.48,265,261,0.02681992337164751
14694.0,244.31,1,193,15,2010-04-01 19:46:00,2010-04-01 19:46:00,244.31,617,0,1.0
14695.0,1534.22,3,661,76,2010-07-08 14:18:00,2009-12-07 11:05:00,511.4066666666667,519,213,0.014084507042253521
14696.0,2473.28,8,1867,137,2011-12-05 13:43:00,2010-10-14 11:43:00,309.16,4,417,0.019184652278177457
14697.0,188.60999999999999,2,181,22,2011-05-05 15:39:00,2011-05-05 15:29:00,94.30499999999999,218,0,2.0
14698.0,1217.27,5,602,148,2011-12-08 12:26:00,2011-10-19 12:54:00,243.454,2,49,0.10204081632653061
14699.0,702.6,4,484,45,2011-05-09 14:54:00,2010-07-02 12:04:00,175.65,214,311,0.012861736334405145
14700.0,3076.06,5,1606,111,2011-11-07 14:40:00,2010-08-11 12:19:00,615.212,32,453,0.011037527593818985
14701.0,4487.11,15,1744,455,2011-11-29 12:38:00,2010-01-24 12:15:00,299.1406666666666,11,674,0.02225519287833828
14702.0,6356.9800000000005,29,2874,337,2011-12-08 19:29:00,2009-12-10 20:22:00,219.20620689655175,1,727,0.039889958734525444
14703.0,318.17,1,183,22,2011-11-25 09:23:00,2011-11-25 09:23:00,318.17,15,0,1.0
14704.0,1720.58,9,1156,317,2011-11-20 12:20:00,2010-03-25 17:21:00,191.17555555555555,20,604,0.014900662251655629
14705.0,179.0,1,100,1,2011-05-25 12:39:00,2011-05-25 12:39:00,179.0,199,0,1.0
14706.0,367.54,1,246,25,2010-03-31 11:09:00,2010-03-31 11:09:00,367.54,619,0,1.0
14707.0,139.2,2,96,1,2010-09-30 11:37:00,2010-05-12 11:07:00,69.6,436,141,0.014184397163120567
14708.0,1793.22,5,1159,27,2011-12-07 08:21:00,2010-09-10 10:26:00,358.644,3,452,0.011061946902654867
14709.0,8886.33,25,4141,105,2011-11-24 15:41:00,2009-12-05 15:26:00,355.4532,15,719,0.03477051460361613
14710.0,1899.79,13,1135,310,2011-11-25 14:53:00,2009-12-03 17:12:00,146.1376923076923,14,721,0.018030513176144243
14711.0,2839.62,11,966,221,2011-11-29 14:58:00,2011-03-22 13:32:00,258.1472727272727,10,252,0.04365079365079365
14712.0,1328.0700000000002,4,411,24,2011-11-10 12:59:00,2010-10-17 14:49:00,332.01750000000004,29,388,0.010309278350515464
14713.0,5115.36,21,3327,221,2011-11-30 16:26:00,2009-12-03 19:22:00,243.5885714285714,9,726,0.028925619834710745
14714.0,906.24,4,642,64,2011-11-15 13:07:00,2010-01-21 11:51:00,226.56,24,663,0.006033182503770739
14715.0,1809.55,8,1028,101,2011-11-15 12:10:00,2010-01-19 12:18:00,226.19375,25,664,0.012048192771084338
14716.0,543.28,3,643,85,2011-10-27 17:29:00,2010-09-21 12:07:00,181.09333333333333,43,401,0.007481296758104738
14717.0,81.3,1,32,11,2009-12-06 13:05:00,2009-12-06 13:05:00,81.3,733,0,1.0
14718.0,226.42,1,202,11,2010-10-25 13:07:00,2010-10-25 13:07:00,226.42,410,0,1.0
14719.0,1581.84,5,1025,177,2011-12-08 12:43:00,2011-04-04 14:17:00,316.368,2,247,0.020242914979757085
14720.0,663.81,3,219,34,2011-12-04 12:02:00,2011-08-05 12:06:00,221.26999999999998,6,120,0.025
14721.0,109.07,1,57,24,2010-11-25 13:08:00,2010-11-25 13:08:00,109.07,379,0,1.0
14722.0,489.52,3,214,72,2011-07-15 14:58:00,2010-08-10 13:28:00,163.17333333333332,147,339,0.008849557522123894
14723.0,1801.3600000000001,11,1166,286,2011-11-29 15:23:00,2009-12-04 11:22:00,163.76000000000002,10,725,0.015172413793103448
14724.0,341.9,1,184,40,2010-04-28 13:26:00,2010-04-28 13:26:00,341.9,590,0,1.0
14725.0,1246.86,4,1307,84,2011-11-15 12:42:00,2010-06-23 11:34:00,311.715,25,510,0.00784313725490196
14726.0,116.5,1,82,15,2010-02-23 12:35:00,2010-02-23 12:35:00,116.5,655,0,1.0
14727.0,461.03,3,452,42,2011-03-10 14:45:00,2010-06-11 13:23:00,153.67666666666665,274,272,0.011029411764705883
14728.0,190.58,1,68,14,2010-10-22 15:57:00,2010-10-22 15:57:00,190.58,413,0,1.0
14729.0,586.24,3,372,126,2010-12-01 12:43:00,2010-03-24 13:30:00,195.41333333333333,374,251,0.01195219123505976
14730.0,1897.57,8,1078,317,2011-12-08 14:39:00,2011-03-08 12:49:00,237.19625,1,275,0.02909090909090909
14731.0,380.02,3,256,38,2011-10-23 15:54:00,2011-05-11 13:06:00,126.67333333333333,47,165,0.01818181818181818
14732.0,5517.07,19,2273,162,2011-12-01 14:34:00,2009-12-09 10:48:00,290.3721052631579,8,722,0.02631578947368421
14733.0,14335.15,15,5799,140,2011-11-23 15:39:00,2010-11-02 15:42:00,955.6766666666666,16,385,0.03896103896103896
14734.0,1056.42,4,378,48,2010-10-10 12:04:00,2010-06-06 15:15:00,264.105,426,125,0.032
14735.0,12225.16,55,4512,197,2011-12-06 12:09:00,2009-12-04 11:32:00,222.27563636363635,4,732,0.07513661202185792
14736.0,374.05,2,148,70,2010-08-11 15:21:00,2010-08-11 15:13:00,187.025,485,0,2.0
14737.0,3554.17,4,1071,28,2011-12-06 10:16:00,2010-11-04 11:29:00,888.5425,4,396,0.010101010101010102
14738.0,1821.9,9,757,58,2011-10-28 08:56:00,2009-12-07 10:21:00,202.43333333333334,43,689,0.013062409288824383
14739.0,11573.62,25,9696,129,2011-12-05 16:54:00,2009-12-02 13:23:00,462.94480000000004,4,733,0.034106412005457026
14740.0,4161.06,11,2081,173,2011-05-26 18:17:00,2010-02-25 11:40:00,378.27818181818185,197,455,0.024175824175824177
14741.0,1713.09,7,1006,48,2011-11-28 08:48:00,2010-10-18 09:33:00,244.72714285714284,12,405,0.01728395061728395
14742.0,579.85,1,374,34,2010-09-30 14:07:00,2010-09-30 14:07:00,579.85,435,0,1.0
14743.0,50.48,1,40,3,2010-04-26 10:26:00,2010-04-26 10:26:00,50.48,593,0,1.0
14744.0,3660.08,14,2399,57,2011-11-23 12:51:00,2010-05-18 14:06:00,261.4342857142857,16,553,0.02531645569620253
14745.0,2551.41,12,1969,74,2011-08-19 10:05:00,2010-03-12 10:33:00,212.61749999999998,113,524,0.022900763358778626
14746.0,593.5,4,398,7,2010-10-29 14:44:00,2010-10-12 11:06:00,148.375,406,17,0.23529411764705882
14747.0,328.2,1,84,18,2011-04-04 14:09:00,2011-04-04 14:09:00,328.2,249,0,1.0
14748.0,2681.9,10,2422,129,2011-11-10 18:33:00,2010-03-04 17:08:00,268.19,29,616,0.016233766233766232
14749.0,310.15,1,403,18,2010-08-17 12:36:00,2010-08-17 12:36:00,310.15,480,0,1.0
14750.0,112.03,1,65,32,2009-12-03 17:57:00,2009-12-03 17:57:00,112.03,736,0,1.0
14751.0,126.45,2,65,7,2010-01-24 13:37:00,2009-12-13 14:08:00,63.225,684,41,0.04878048780487805
14752.0,389.64,1,260,5,2011-10-27 11:55:00,2011-10-27 11:55:00,389.64,44,0,1.0
14753.0,869.51,2,412,45,2011-09-13 14:50:00,2010-09-05 11:04:00,434.755,87,373,0.005361930294906166
14754.0,1547.93,6,1010,110,2011-10-26 12:01:00,2010-01-18 11:04:00,257.98833333333334,45,646,0.009287925696594427
14755.0,9972.550000000001,25,4401,219,2011-11-30 11:24:00,2009-12-03 16:51:00,398.90200000000004,10,726,0.03443526170798898
14756.0,2603.76,3,1422,101,2011-11-24 18:13:00,2010-10-11 11:50:00,867.9200000000001,15,409,0.007334963325183374
14757.0,420.5,1,160,19,2011-09-25 14:36:00,2011-09-25 14:36:00,420.5,75,0,1.0
14758.0,2864.97,7,840,91,2011-07-18 08:21:00,2010-04-08 08:27:00,409.28142857142853,145,465,0.015053763440860216
14759.0,1625.97,3,569,92,2011-12-05 12:03:00,2011-04-21 10:55:00,541.99,5,228,0.013157894736842105
14760.0,89.2,1,40,5,2011-02-15 16:27:00,2011-02-15 16:27:00,89.2,297,0,1.0
14761.0,447.92,3,206,21,2011-10-12 12:10:00,2010-09-21 14:22:00,149.30666666666667,59,385,0.007792207792207792
14762.0,417.57,2,428,28,2011-03-21 08:20:00,2010-03-23 15:36:00,208.785,264,362,0.0055248618784530384
14764.0,278.3,1,190,6,2011-10-24 11:54:00,2011-10-24 11:54:00,278.3,47,0,1.0
14765.0,254.11,3,135,38,2011-11-10 19:53:00,2011-06-16 19:49:00,84.70333333333333,29,147,0.02040816326530612
14766.0,6375.7300000000005,11,3999,251,2011-12-01 16:05:00,2010-06-06 11:11:00,579.6118181818182,8,543,0.020257826887661142
14767.0,382.81,1,117,18,2010-08-22 14:54:00,2010-08-22 14:54:00,382.81,474,0,1.0
14768.0,192.60000000000002,2,52,4,2011-11-22 12:54:00,2011-08-04 13:25:00,96.30000000000001,17,109,0.01834862385321101
14769.0,15512.46,17,11057,833,2011-12-07 10:24:00,2009-12-16 09:17:00,912.4976470588235,3,721,0.023578363384188627
14770.0,3637.64,8,1598,152,2011-04-21 14:21:00,2010-02-25 18:58:00,454.705,232,419,0.01909307875894988
14771.0,594.62,2,622,46,2010-03-28 12:52:00,2009-12-03 09:44:00,297.31,621,115,0.017391304347826087
14772.0,139.26,1,82,9,2011-08-19 15:04:00,2011-08-19 15:04:00,139.26,112,0,1.0
14773.0,140.55,1,53,10,2010-04-26 10:29:00,2010-04-26 10:29:00,140.55,593,0,1.0
14774.0,241.45,1,99,13,2010-06-29 12:26:00,2010-06-29 12:26:00,241.45,529,0,1.0
14775.0,1011.9,3,1174,57,2011-10-12 15:27:00,2010-12-02 16:38:00,337.3,58,313,0.009584664536741214
14776.0,3708.3,15,4658,68,2011-10-19 15:34:00,2010-09-19 14:12:00,247.22,51,395,0.0379746835443038
14777.0,307.56,1,212,16,2010-11-01 12:50:00,2010-11-01 12:50:00,307.56,404,0,1.0
14778.0,730.86,2,306,34,2011-08-04 15:23:00,2011-02-04 11:43:00,365.43,127,181,0.011049723756906077
14779.0,386.15,3,84,40,2011-03-04 12:42:00,2011-01-20 12:04:00,128.71666666666667,281,43,0.06976744186046512
14780.0,447.68,2,310,26,2011-10-16 12:46:00,2011-09-21 15:15:00,223.84,55,24,0.08333333333333333
14782.0,200.10000000000002,1,114,6,2011-01-24 11:12:00,2011-01-24 11:12:00,200.10000000000002,320,0,1.0
14783.0,307.3,1,262,17,2010-02-18 16:16:00,2010-02-18 16:16:00,307.3,659,0,1.0
14784.0,449.93,3,363,25,2011-11-13 13:30:00,2010-11-15 09:49:00,149.97666666666666,26,363,0.008264462809917356
14785.0,77.4,2,84,2,2011-11-29 13:21:00,2011-11-24 13:40:00,38.7,10,4,0.5
14786.0,90.96,1,112,7,2010-06-07 13:42:00,2010-06-07 13:42:00,90.96,550,0,1.0
14787.0,110.65,1,59,14,2010-08-25 14:38:00,2010-08-25 14:38:00,110.65,471,0,1.0
14788.0,1156.32,3,719,53,2011-12-02 17:06:00,2010-04-22 18:16:00,385.44,7,588,0.00510204081632653
14789.0,197.64,1,116,6,2011-11-11 08:59:00,2011-11-11 08:59:00,197.64,29,0,1.0
14790.0,2526.62,10,2642,65,2011-11-23 09:28:00,2009-12-11 14:37:00,252.66199999999998,17,711,0.014064697609001406
14791.0,303.63,1,127,19,2010-04-12 10:24:00,2010-04-12 10:24:00,303.63,607,0,1.0
14792.0,6.2,1,2,2,2011-10-07 09:19:00,2011-10-07 09:19:00,6.2,64,0,1.0
14793.0,625.9,2,361,39,2011-11-18 14:50:00,2010-06-22 16:54:00,312.95,21,513,0.003898635477582846
14794.0,1953.9,10,783,85,2011-12-07 10:11:00,2010-08-09 15:44:00,195.39000000000001,3,484,0.02066115702479339
14795.0,131.45000000000002,1,17,6,2011-06-26 13:04:00,2011-06-26 13:04:00,131.45000000000002,166,0,1.0
14796.0,10167.77,27,7184,486,2011-12-08 15:31:00,2009-12-14 15:06:00,376.58407407407407,1,724,0.03729281767955801
14797.0,300.31,1,99,16,2010-07-20 14:07:00,2010-07-20 14:07:00,300.31,507,0,1.0
14798.0,724.31,8,601,30,2011-10-18 10:58:00,2010-03-01 08:38:00,90.53875,53,596,0.013422818791946308
14799.0,338.15,2,495,20,2011-10-19 16:16:00,2009-12-02 11:18:00,169.075,51,686,0.0029154518950437317
14800.0,7180.08,17,6498,336,2011-10-23 12:46:00,2010-09-30 14:38:00,422.35764705882355,48,387,0.04392764857881137
14801.0,189.34,1,173,56,2011-10-09 15:24:00,2011-10-09 15:24:00,189.34,61,0,1.0
14803.0,845.55,3,370,35,2011-06-30 13:58:00,2011-02-20 13:21:00,281.84999999999997,162,130,0.023076923076923078
14804.0,353.27,1,121,12,2011-12-01 11:20:00,2011-12-01 11:20:00,353.27,9,0,1.0
14805.0,1082.55,7,416,88,2011-11-24 16:20:00,2010-03-28 12:34:00,154.65,15,606,0.01155115511551155
14806.0,303.43,2,423,17,2011-09-25 15:32:00,2010-09-26 15:50:00,151.715,75,363,0.005509641873278237
14807.0,504.14,2,234,37,2010-11-14 12:47:00,2010-02-28 11:33:00,252.07,391,259,0.007722007722007722
14808.0,2718.6,8,2120,176,2011-10-31 12:21:00,2011-06-20 12:53:00,339.825,40,132,0.06060606060606061
14809.0,686.76,2,232,18,2010-03-28 15:44:00,2010-03-28 15:42:00,343.38,621,0,2.0
14810.0,2354.03,13,1162,125,2011-10-30 11:19:00,2010-10-06 13:12:00,181.07923076923078,41,388,0.03350515463917526
14811.0,170.5,1,74,28,2010-11-17 13:09:00,2010-11-17 13:09:00,170.5,387,0,1.0
14812.0,178.85,1,135,36,2010-04-20 12:13:00,2010-04-20 12:13:00,178.85,599,0,1.0
14813.0,888.91,4,392,110,2010-12-05 11:57:00,2010-04-08 11:49:00,222.2275,370,241,0.016597510373443983
14814.0,152.96,1,92,27,2010-05-07 14:10:00,2010-05-07 14:10:00,152.96,581,0,1.0
14815.0,778.5,2,744,53,2011-11-03 11:36:00,2011-10-03 11:36:00,389.25,37,31,0.06451612903225806
14816.0,271.85,1,5,4,2011-05-26 13:16:00,2011-05-26 13:16:00,271.85,197,0,1.0
14817.0,3609.86,7,2455,141,2011-05-23 13:35:00,2010-03-22 12:10:00,515.6942857142857,200,427,0.01639344262295082
14818.0,1153.56,6,543,87,2011-09-27 11:01:00,2010-03-02 12:48:00,192.26,74,573,0.010471204188481676
14819.0,456.41,4,170,52,2011-10-06 13:41:00,2009-12-21 15:54:00,114.1025,64,653,0.006125574272588055
14820.0,1274.76,9,724,51,2011-11-18 15:41:00,2010-01-31 12:49:00,141.64,21,656,0.013719512195121951
14821.0,1230.15,7,459,65,2010-12-08 08:43:00,2010-02-01 13:33:00,175.7357142857143,367,309,0.022653721682847898
14822.0,157.70000000000002,1,94,9,2010-08-11 12:52:00,2010-08-11 12:52:00,157.70000000000002,485,0,1.0
14823.0,321.43,3,88,56,2011-06-12 13:12:00,2011-05-29 12:48:00,107.14333333333333,180,14,0.21428571428571427
14824.0,4022.9100000000003,10,1954,84,2011-11-29 14:20:00,2010-03-12 13:07:00,402.29100000000005,10,627,0.01594896331738437
14825.0,4735.08,24,2774,187,2011-12-06 11:38:00,2010-04-06 14:14:00,197.295,4,608,0.039473684210526314
14826.0,385.2,2,152,10,2010-05-07 09:00:00,2010-01-13 13:08:00,192.6,582,113,0.017699115044247787
14828.0,9839.460000000001,13,9718,72,2011-05-27 10:16:00,2009-12-07 11:19:00,756.8815384615385,197,535,0.024299065420560748
14829.0,1455.8700000000001,7,957,77,2011-11-10 16:16:00,2010-09-29 13:14:00,207.98142857142858,29,407,0.0171990171990172
14830.0,188.03,1,163,38,2011-10-17 14:29:00,2011-10-17 14:29:00,188.03,53,0,1.0
14831.0,1676.57,3,885,67,2010-01-28 14:31:00,2009-12-02 09:21:00,558.8566666666667,680,57,0.05263157894736842
14833.0,94.8,1,58,7,2010-07-29 10:06:00,2010-07-29 10:06:00,94.8,499,0,1.0
14834.0,2206.16,7,872,55,2011-11-22 10:30:00,2010-10-28 17:37:00,315.1657142857143,18,389,0.017994858611825194
14835.0,297.0,2,180,1,2010-06-29 10:08:00,2010-04-01 19:34:00,148.5,529,88,0.022727272727272728
14836.0,102.44999999999999,3,45,5,2011-11-29 16:45:00,2011-11-09 13:26:00,34.15,10,20,0.15
14837.0,3460.32,9,3030,171,2011-09-11 10:58:00,2010-01-24 10:20:00,384.48,90,595,0.015126050420168067
14838.0,769.9200000000001,2,361,69,2010-10-12 15:46:00,2009-12-03 09:52:00,384.96000000000004,423,313,0.006389776357827476
14839.0,915.28,3,927,61,2010-10-17 13:01:00,2010-01-04 16:29:00,305.0933333333333,418,285,0.010526315789473684
14840.0,362.71,2,179,20,2011-03-17 12:00:00,2010-06-18 15:42:00,181.355,268,271,0.007380073800738007
14841.0,7163.0,14,4164,196,2011-10-17 15:03:00,2009-12-02 16:49:00,511.64285714285717,53,683,0.020497803806734993
14842.0,2824.69,4,1166,128,2011-10-27 12:37:00,2011-02-04 15:32:00,706.1725,44,264,0.015151515151515152
14843.0,211.79999999999998,1,132,9,2010-09-29 12:39:00,2010-09-29 12:39:00,211.79999999999998,437,0,1.0
14844.0,6702.43,10,4369,158,2011-10-07 10:41:00,2010-04-12 12:50:00,670.243,64,542,0.01845018450184502
14845.0,150.0,1,600,1,2010-04-19 10:19:00,2010-04-19 10:19:00,150.0,600,0,1.0
14846.0,437.4,1,193,12,2010-10-08 17:07:00,2010-10-08 17:07:00,437.4,427,0,1.0
14847.0,1348.95,3,533,56,2011-07-14 10:52:00,2010-05-24 12:29:00,449.65000000000003,149,415,0.007228915662650603
14848.0,310.56,1,260,11,2010-10-31 12:22:00,2010-10-31 12:22:00,310.56,405,0,1.0
14849.0,15407.61,43,11838,279,2011-11-18 10:58:00,2010-01-10 11:40:00,358.316511627907,22,676,0.06360946745562131
14850.0,1770.96,7,1393,129,2011-02-01 11:21:00,2010-05-20 13:28:00,252.99428571428572,312,256,0.02734375
14851.0,829.4100000000001,3,631,38,2011-11-16 14:20:00,2010-03-19 11:52:00,276.47,23,607,0.004942339373970346
14852.0,6132.43,18,4366,152,2011-10-12 13:20:00,2010-03-05 14:51:00,340.6905555555556,58,585,0.03076923076923077
14853.0,1376.87,5,345,26,2011-11-15 16:56:00,2010-04-13 09:26:00,275.37399999999997,24,581,0.008605851979345954
14854.0,4303.06,11,2987,170,2011-09-22 17:00:00,2010-01-22 09:48:00,391.1872727272728,78,608,0.018092105263157895
14855.0,6520.3,7,3510,168,2011-08-12 14:02:00,2010-04-08 10:30:00,931.4714285714286,119,491,0.014256619144602852
14856.0,1290.53,3,711,65,2011-11-03 14:53:00,2011-10-14 09:35:00,430.1766666666667,36,20,0.15
14857.0,3651.85,7,2080,169,2011-10-11 09:23:00,2010-03-15 11:00:00,521.6928571428572,60,574,0.012195121951219513
14858.0,180.75,1,105,11,2010-07-22 10:51:00,2010-07-22 10:51:00,180.75,506,0,1.0
14859.0,1705.64,5,888,51,2011-11-27 11:18:00,2010-06-03 10:26:00,341.12800000000004,13,542,0.00922509225092251
14860.0,170.32,1,232,11,2011-11-20 14:17:00,2011-11-20 14:17:00,170.32,19,0,1.0
14861.0,1380.73,10,1076,62,2011-10-18 12:54:00,2009-12-08 12:12:00,138.073,52,679,0.014727540500736377
14862.0,841.1999999999999,2,772,47,2011-11-14 10:01:00,2011-07-14 11:20:00,420.59999999999997,26,122,0.01639344262295082
14863.0,266.76,1,132,11,2011-11-10 15:04:00,2011-11-10 15:04:00,266.76,29,0,1.0
14865.0,92.52000000000001,4,204,4,2011-12-02 16:25:00,2009-12-01 16:05:00,23.130000000000003,7,731,0.005471956224350205
14866.0,20700.04,17,9087,38,2011-11-29 11:45:00,2010-09-21 15:14:00,1217.649411764706,11,433,0.03926096997690531
14867.0,2952.06,16,996,67,2011-06-07 11:39:00,2009-12-05 15:47:00,184.50375,186,548,0.029197080291970802
14868.0,4184.01,12,2230,132,2011-12-06 14:49:00,2010-10-15 14:52:00,348.6675,3,416,0.028846153846153848
14869.0,2778.14,6,2130,187,2011-12-01 12:36:00,2009-12-16 11:43:00,463.0233333333333,9,715,0.008391608391608392
14870.0,1838.95,6,483,43,2011-03-23 10:51:00,2010-01-25 09:05:00,306.4916666666667,262,422,0.014218009478672985
14871.0,1228.17,9,446,123,2011-12-06 13:42:00,2009-12-01 11:57:00,136.46333333333334,3,735,0.012244897959183673
14872.0,816.6,3,662,34,2010-08-13 12:34:00,2010-03-16 14:41:00,272.2,484,149,0.020134228187919462
14873.0,854.13,2,311,48,2011-05-13 13:52:00,2010-03-16 10:51:00,427.065,210,423,0.004728132387706856
14874.0,116.18,1,148,6,2010-06-22 14:58:00,2010-06-22 14:58:00,116.18,535,0,1.0
14875.0,2862.4,3,1332,88,2011-08-24 12:20:00,2010-09-24 10:28:00,954.1333333333333,108,334,0.008982035928143712
14876.0,256.7,2,162,12,2010-07-06 14:57:00,2010-05-27 13:49:00,128.35,521,40,0.05
14877.0,425.85,2,168,57,2010-10-17 13:09:00,2010-03-07 12:25:00,212.925,418,224,0.008928571428571428
14878.0,4076.5,25,2416,159,2011-11-27 11:15:00,2010-02-21 11:14:00,163.06,13,644,0.03881987577639751
14879.0,185.06,1,104,27,2010-01-24 11:35:00,2010-01-24 11:35:00,185.06,685,0,1.0
14880.0,690.59,3,365,45,2011-09-23 13:42:00,2011-02-24 12:27:00,230.1966666666667,77,211,0.014218009478672985
14881.0,255.4,1,316,17,2011-11-20 11:06:00,2011-11-20 11:06:00,255.4,20,0,1.0
14882.0,3546.65,14,1614,32,2011-11-13 12:47:00,2010-03-30 15:02:00,253.33214285714286,27,592,0.02364864864864865
14883.0,761.59,6,790,39,2011-11-21 10:23:00,2011-05-12 09:49:00,126.93166666666667,19,193,0.031088082901554404
14884.0,120.6,1,72,8,2010-02-08 12:56:00,2010-02-08 12:56:00,120.6,669,0,1.0
14885.0,1598.12,3,1308,24,2011-07-31 12:05:00,2010-08-31 10:11:00,532.7066666666666,132,334,0.008982035928143712
14886.0,364.8,1,160,18,2011-04-01 08:56:00,2011-04-01 08:56:00,364.8,253,0,1.0
14887.0,1862.0,1,1100,6,2011-09-21 15:32:00,2011-09-21 15:32:00,1862.0,79,0,1.0
14888.0,369.2,1,184,20,2011-05-16 14:58:00,2011-05-16 14:58:00,369.2,207,0,1.0
14889.0,135.9,1,90,10,2011-01-07 15:19:00,2011-01-07 15:19:00,135.9,336,0,1.0
14890.0,817.25,3,636,55,2011-03-31 11:57:00,2010-02-18 09:00:00,272.4166666666667,254,406,0.007389162561576354
14891.0,1106.73,4,788,55,2011-07-14 18:08:00,2010-09-29 12:41:00,276.6825,148,288,0.013888888888888888
14892.0,202.35000000000002,1,79,13,2010-01-18 08:58:00,2010-01-18 08:58:00,202.35000000000002,691,0,1.0
14893.0,1809.6100000000001,3,1047,98,2011-11-30 12:31:00,2010-04-01 09:03:00,603.2033333333334,10,608,0.004934210526315789
14894.0,1492.81,3,603,39,2011-09-15 13:51:00,2009-12-02 10:42:00,497.6033333333333,85,652,0.004601226993865031
14895.0,25119.54,38,10714,441,2011-12-02 09:23:00,2009-12-10 14:22:00,661.0405263157895,8,721,0.052704576976421634
14896.0,1826.0,8,931,150,2011-05-19 10:20:00,2009-12-06 12:42:00,228.25,205,528,0.015151515151515152
14897.0,3140.54,8,1162,94,2011-12-02 10:32:00,2009-12-15 17:05:00,392.5675,8,716,0.0111731843575419
14898.0,3365.95,14,2207,185,2011-11-16 14:54:00,2009-12-03 16:40:00,240.42499999999998,23,712,0.019662921348314606
14899.0,1331.38,1,570,126,2010-11-09 15:20:00,2010-11-09 15:20:00,1331.38,395,0,1.0
14900.0,13.919999999999998,1,48,1,2010-07-05 15:09:00,2010-07-05 15:09:00,13.919999999999998,522,0,1.0
14901.0,1919.0,12,880,103,2011-11-28 17:09:00,2010-07-29 11:11:00,159.91666666666666,11,487,0.024640657084188913
14902.0,1035.6200000000001,3,716,51,2011-11-14 10:34:00,2010-06-04 12:35:00,345.2066666666667,26,527,0.0056925996204933585
14903.0,2795.33,5,1531,227,2011-11-18 16:07:00,2011-03-06 11:50:00,559.066,21,257,0.019455252918287938
14904.0,1630.49,4,2522,127,2011-12-07 12:55:00,2010-10-08 12:48:00,407.6225,2,425,0.009411764705882352
14905.0,1971.39,8,1009,45,2011-07-05 12:41:00,2009-12-03 14:36:00,246.42375,158,578,0.01384083044982699
14907.0,5547.72,16,2583,153,2011-12-06 14:14:00,2010-04-16 13:40:00,346.7325,3,599,0.02671118530884808
14908.0,381.9,2,182,14,2011-09-26 12:56:00,2010-09-02 16:39:00,190.95,74,388,0.005154639175257732
14909.0,1404.68,3,888,61,2010-09-28 16:56:00,2010-02-14 15:47:00,468.2266666666667,437,226,0.01327433628318584
14910.0,434.35,4,238,25,2011-12-07 10:06:00,2011-10-16 11:06:00,108.5875,3,51,0.0784313725490196
14911.0,272801.15,376,147807,2547,2011-12-08 15:54:00,2009-12-01 11:41:00,725.5349734042554,1,737,0.5101763907734057
14912.0,1889.25,6,1819,44,2011-11-23 09:20:00,2010-01-26 16:29:00,314.875,17,665,0.009022556390977444
14913.0,4073.13,8,3955,176,2011-11-04 08:29:00,2010-08-11 08:40:00,509.14125,36,449,0.017817371937639197
14915.0,1811.25,11,707,65,2011-09-09 13:34:00,2009-12-03 10:17:00,164.6590909090909,91,645,0.017054263565891473
14916.0,3042.95,8,2415,113,2011-09-30 09:20:00,2010-04-01 10:57:00,380.36875,71,546,0.014652014652014652
14917.0,1123.75,2,891,29,2010-04-22 11:28:00,2010-04-22 09:44:00,561.875,597,0,2.0
14918.0,5955.81,9,2551,79,2011-08-16 11:50:00,2010-04-08 11:18:00,661.7566666666667,116,495,0.01818181818181818
14919.0,359.35,1,129,13,2010-06-18 13:06:00,2010-06-18 13:06:00,359.35,539,0,1.0
14920.0,1607.17,3,886,90,2011-05-11 10:32:00,2010-05-23 15:25:00,535.7233333333334,213,352,0.008522727272727272
14921.0,1316.07,2,953,78,2011-11-09 13:17:00,2011-05-22 12:51:00,658.035,30,171,0.011695906432748537
14922.0,843.74,2,376,49,2010-11-11 11:14:00,2010-07-20 09:45:00,421.87,394,114,0.017543859649122806
14923.0,749.1,1,418,44,2011-10-20 11:51:00,2011-10-20 11:51:00,749.1,51,0,1.0
14924.0,931.01,3,312,30,2011-04-08 09:25:00,2010-03-10 12:51:00,310.33666666666664,246,393,0.007633587786259542
14926.0,359.4,2,204,2,2010-11-23 07:13:00,2010-04-20 09:59:00,179.7,382,216,0.009259259259259259
14927.0,308.2,1,196,20,2010-11-08 12:30:00,2010-11-08 12:30:00,308.2,397,0,1.0
14928.0,223.91000000000003,1,268,21,2010-03-22 09:14:00,2010-03-22 09:14:00,223.91000000000003,628,0,1.0
14929.0,836.69,2,487,34,2011-11-07 17:21:00,2010-10-14 12:22:00,418.345,32,389,0.005141388174807198
14930.0,5236.7300000000005,6,2193,213,2011-08-23 10:31:00,2010-04-12 11:22:00,872.7883333333334,109,497,0.012072434607645875
14931.0,864.6800000000001,4,414,28,2011-12-05 10:19:00,2011-04-13 09:32:00,216.17000000000002,5,236,0.01694915254237288
14932.0,566.13,2,255,28,2010-12-09 11:48:00,2010-11-19 09:16:00,283.065,366,20,0.1
14933.0,1770.0,4,600,1,2010-09-22 10:47:00,2010-09-21 17:29:00,442.5,444,0,4.0
14934.0,3403.5,5,2098,114,2011-09-19 10:10:00,2010-09-24 12:08:00,680.7,82,359,0.013927576601671309
14935.0,2849.83,2,1931,25,2011-02-15 14:44:00,2010-03-30 11:48:00,1424.915,297,322,0.006211180124223602
14936.0,12410.81,12,6274,267,2011-11-06 10:30:00,2010-05-05 12:26:00,1034.2341666666666,34,549,0.02185792349726776
14937.0,1621.88,3,484,33,2011-10-14 12:29:00,2011-08-01 14:16:00,540.6266666666667,57,73,0.0410958904109589
14938.0,2322.43,2,1369,71,2010-05-26 13:38:00,2010-05-26 13:35:00,1161.215,562,0,2.0
14940.0,531.49,2,384,32,2010-10-18 10:47:00,2009-12-06 15:46:00,265.745,418,315,0.006349206349206349
14941.0,182.1,1,80,7,2010-05-10 11:30:00,2010-05-10 11:30:00,182.1,579,0,1.0
14942.0,746.56,4,354,12,2010-11-03 10:51:00,2009-12-10 10:32:00,186.64,402,328,0.012195121951219513
14943.0,107.62,1,46,5,2010-02-14 16:04:00,2010-02-14 16:04:00,107.62,663,0,1.0
14944.0,9684.67,19,4862,183,2011-11-10 09:10:00,2010-02-17 08:47:00,509.7194736842105,30,631,0.030110935023771792
14945.0,179.4,1,156,11,2010-10-22 11:26:00,2010-10-22 11:26:00,179.4,414,0,1.0
14946.0,100.9,1,22,3,2011-11-25 13:33:00,2011-11-25 13:33:00,100.9,14,0,1.0
14947.0,1049.79,6,416,47,2011-09-28 15:48:00,2010-03-25 11:29:00,174.965,72,552,0.010869565217391304
14948.0,1101.97,6,673,56,2011-11-16 17:16:00,2011-05-04 14:52:00,183.66166666666666,23,196,0.030612244897959183
14949.0,515.0,4,250,16,2010-08-27 15:38:00,2009-12-18 15:28:00,128.75,469,252,0.015873015873015872
14950.0,371.2,1,136,19,2011-11-20 13:48:00,2011-11-20 13:48:00,371.2,19,0,1.0
14951.0,311.69,1,311,20,2011-09-21 15:15:00,2011-09-21 15:15:00,311.69,79,0,1.0
14952.0,17629.35,32,6977,240,2011-10-11 10:33:00,2009-12-03 15:34:00,550.9171875,60,676,0.047337278106508875
14953.0,968.82,4,1012,201,2011-11-14 14:59:00,2010-09-30 12:16:00,242.205,25,410,0.00975609756097561
14954.0,462.12,2,209,111,2011-11-27 14:30:00,2010-01-05 16:38:00,231.06,12,690,0.002898550724637681
14955.0,163.77,1,74,30,2009-12-07 11:35:00,2009-12-07 11:35:00,163.77,733,0,1.0
14956.0,1325.0,1,2500,4,2010-10-14 16:40:00,2010-10-14 16:40:00,1325.0,421,0,1.0
14957.0,261.69,2,97,27,2011-03-31 17:59:00,2010-03-05 10:50:00,130.845,253,391,0.005115089514066497
14958.0,941.99,6,248,52,2011-07-15 14:20:00,2009-12-03 16:02:00,156.99833333333333,147,588,0.01020408163265306
14959.0,695.42,4,494,37,2011-10-06 18:23:00,2011-02-16 13:00:00,173.855,64,232,0.017241379310344827
14960.0,221.27,2,221,23,2011-12-01 12:54:00,2011-06-21 13:38:00,110.635,8,162,0.012345679012345678
14961.0,16410.15,22,8372,328,2011-11-29 09:42:00,2009-12-04 11:32:00,745.9159090909092,11,724,0.03038674033149171
14962.0,366.91,4,123,14,2011-03-14 09:42:00,2010-05-04 14:57:00,91.7275,271,313,0.012779552715654952
14963.0,3123.57,12,2287,304,2011-11-30 12:16:00,2010-07-02 12:43:00,260.2975,10,515,0.02330097087378641
14964.0,206.21,1,143,13,2011-04-06 14:13:00,2011-04-06 14:13:00,206.21,247,0,1.0
14965.0,596.09,2,363,80,2011-09-04 13:20:00,2011-09-04 13:15:00,298.045,96,0,2.0
14966.0,1064.26,6,1060,125,2011-11-25 12:20:00,2009-12-15 13:48:00,177.37666666666667,15,709,0.00846262341325811
14967.0,1982.6100000000001,6,652,22,2011-10-21 11:06:00,2009-12-03 14:07:00,330.435,50,686,0.008746355685131196
14968.0,497.49,2,256,82,2011-11-09 13:58:00,2010-09-07 13:28:00,248.745,30,428,0.004672897196261682
14969.0,906.23,1,665,13,2010-01-05 12:43:00,2010-01-05 12:43:00,906.23,704,0,1.0
14970.0,4919.35,12,982,71,2011-10-02 13:44:00,2010-02-14 13:37:00,409.9458333333334,68,595,0.020168067226890758
14971.0,1097.98,3,639,144,2011-11-04 17:07:00,2011-10-27 13:33:00,365.99333333333334,35,8,0.375
14972.0,145.07,2,40,20,2011-08-03 14:54:00,2010-11-23 16:17:00,72.535,128,252,0.007936507936507936
14973.0,1314.45,3,369,29,2011-08-24 15:51:00,2011-04-28 12:22:00,438.15000000000003,107,118,0.025423728813559324
14974.0,89.94,1,37,17,2011-11-02 13:01:00,2011-11-02 13:01:00,89.94,37,0,1.0
14975.0,472.39,2,507,25,2011-10-13 14:08:00,2010-10-14 14:11:00,236.195,57,363,0.005509641873278237
14976.0,774.86,6,232,45,2011-10-13 16:33:00,2011-01-17 11:09:00,129.14333333333335,57,269,0.022304832713754646
14977.0,31.929999999999996,1,17,4,2009-12-14 10:37:00,2009-12-14 10:37:00,31.929999999999996,726,0,1.0
14978.0,3112.19,10,736,175,2011-09-28 13:07:00,2010-04-28 10:50:00,311.219,72,518,0.019305019305019305
14979.0,429.66,1,209,42,2009-12-04 12:54:00,2009-12-04 12:54:00,429.66,735,0,1.0
14980.0,150.68,1,79,24,2009-12-02 14:09:00,2009-12-02 14:09:00,150.68,737,0,1.0
14981.0,372.92,2,241,20,2011-04-07 13:45:00,2010-10-12 11:04:00,186.46,246,177,0.011299435028248588
14982.0,234.88,1,123,38,2010-05-16 15:52:00,2010-05-16 15:52:00,234.88,572,0,1.0
14983.0,183.20000000000002,1,90,30,2010-01-19 17:32:00,2010-01-19 17:32:00,183.20000000000002,689,0,1.0
14984.0,1260.51,6,348,48,2011-11-20 14:28:00,2010-01-11 13:22:00,210.085,19,678,0.008849557522123894
14985.0,292.01,2,256,78,2011-05-25 14:29:00,2010-12-16 19:51:00,146.005,198,159,0.012578616352201259
14986.0,563.1,2,338,87,2010-11-28 15:25:00,2010-01-24 15:54:00,281.55,376,307,0.006514657980456026
14987.0,1550.6499999999999,8,607,4,2011-11-24 09:59:00,2009-12-02 14:56:00,193.83124999999998,16,721,0.011095700416088766
14988.0,2038.65,7,1260,171,2011-05-12 12:05:00,2010-04-16 13:34:00,291.2357142857143,212,390,0.017948717948717947
14989.0,342.4,1,200,18,2010-02-16 10:40:00,2010-02-16 10:40:00,342.4,662,0,1.0
14990.0,304.17,2,129,41,2010-04-06 13:54:00,2009-12-09 13:31:00,152.085,612,118,0.01694915254237288
14991.0,314.67,1,191,21,2010-10-05 13:01:00,2010-10-05 13:01:00,314.67,430,0,1.0
14992.0,210.5,1,145,27,2010-09-23 17:48:00,2010-09-23 17:48:00,210.5,442,0,1.0
14993.0,36.13,1,21,9,2010-05-25 12:47:00,2010-05-25 12:47:00,36.13,564,0,1.0
14994.0,942.77,5,566,232,2010-11-22 12:59:00,2010-03-26 14:16:00,188.554,382,240,0.020833333333333332
14995.0,231.98000000000002,2,102,53,2011-11-01 11:39:00,2011-03-04 13:14:00,115.99000000000001,39,241,0.008298755186721992
14996.0,442.28999999999996,2,404,37,2010-08-15 13:44:00,2010-08-15 13:41:00,221.14499999999998,481,0,2.0
14997.0,776.5999999999999,4,1408,36,2011-10-24 13:28:00,2010-02-22 12:11:00,194.14999999999998,46,609,0.006568144499178982
14998.0,753.18,4,352,111,2011-06-22 17:30:00,2010-04-13 16:07:00,188.295,170,435,0.009195402298850575
14999.0,129.48000000000002,1,88,9,2010-04-26 10:47:00,2010-04-26 10:47:00,129.48000000000002,593,0,1.0
15000.0,490.52,1,218,76,2011-10-23 11:42:00,2011-10-23 11:42:00,490.52,48,0,1.0
15001.0,197.10999999999999,2,69,43,2010-11-10 13:51:00,2010-11-10 13:31:00,98.55499999999999,394,0,2.0
15002.0,4138.08,9,2214,220,2011-08-16 10:44:00,2010-01-12 11:40:00,459.78666666666663,116,580,0.015517241379310345
15003.0,1027.03,6,525,253,2010-08-23 15:44:00,2010-01-26 13:04:00,171.17166666666665,473,209,0.028708133971291867
15004.0,1220.38,1,622,153,2011-07-15 14:05:00,2011-07-15 14:05:00,1220.38,147,0,1.0
15005.0,13752.58,56,8661,590,2011-11-24 12:25:00,2009-12-01 14:19:00,245.5817857142857,16,722,0.07756232686980609
15006.0,752.83,2,386,164,2011-10-19 15:08:00,2010-09-12 13:03:00,376.415,51,402,0.004975124378109453
15007.0,156.91,1,69,12,2011-07-03 16:00:00,2011-07-03 16:00:00,156.91,159,0,1.0
15008.0,360.0,2,1500,6,2010-08-16 13:09:00,2010-03-12 11:13:00,180.0,480,157,0.012738853503184714
15009.0,1259.43,3,639,148,2011-11-27 13:35:00,2011-11-14 17:40:00,419.81,12,12,0.25
15010.0,308.94,1,184,20,2011-11-04 12:42:00,2011-11-04 12:42:00,308.94,36,0,1.0
15011.0,416.6,2,289,17,2010-11-09 11:10:00,2010-10-19 12:05:00,208.3,396,20,0.1
15012.0,646.26,3,383,165,2011-10-17 12:22:00,2010-05-12 11:49:00,215.42,54,523,0.0057361376673040155
15013.0,1610.82,10,1715,177,2010-08-09 12:05:00,2010-01-31 12:15:00,161.082,488,189,0.05291005291005291
15014.0,257.67,2,149,29,2011-10-27 20:07:00,2011-06-16 19:40:00,128.835,43,133,0.015037593984962405
15015.0,2344.47,13,1559,157,2010-07-26 13:50:00,2009-12-14 14:46:00,180.34384615384613,501,223,0.05829596412556054
15016.0,620.89,5,243,93,2011-06-20 12:06:00,2010-06-14 13:06:00,124.178,173,370,0.013513513513513514
15017.0,125.58,1,63,20,2011-11-06 10:33:00,2011-11-06 10:33:00,125.58,34,0,1.0
15018.0,496.21000000000004,3,189,30,2011-11-01 12:47:00,2010-12-07 10:47:00,165.40333333333334,39,329,0.00911854103343465
15019.0,252.81,1,150,64,2011-03-18 12:35:00,2011-03-18 12:35:00,252.81,267,0,1.0
15020.0,198.47,1,111,27,2010-11-25 13:29:00,2010-11-25 13:29:00,198.47,379,0,1.0
15021.0,2500.59,12,1079,355,2011-12-01 11:53:00,2010-07-29 16:35:00,208.38250000000002,9,489,0.024539877300613498
15022.0,1133.44,5,640,115,2011-11-28 12:35:00,2010-01-31 16:02:00,226.68800000000002,12,665,0.007518796992481203
15023.0,11555.5,20,4748,485,2011-12-06 17:23:00,2010-02-03 15:45:00,577.775,3,671,0.029806259314456036
15024.0,3559.39,16,1924,168,2011-11-30 12:06:00,2010-10-11 16:14:00,222.461875,10,414,0.03864734299516908
15025.0,971.84,2,502,131,2011-11-06 15:20:00,2010-05-20 13:28:00,485.92,33,535,0.003738317757009346
15026.0,1044.09,5,595,108,2011-09-20 13:52:00,2010-09-17 13:52:00,208.81799999999998,80,368,0.01358695652173913
15027.0,3195.6,10,2782,69,2011-11-09 10:16:00,2010-03-25 14:39:00,319.56,31,593,0.016863406408094434
15028.0,962.94,6,673,65,2011-12-01 14:06:00,2010-11-10 14:32:00,160.49,8,385,0.015584415584415584
15029.0,365.1,1,234,10,2010-03-30 12:16:00,2010-03-30 12:16:00,365.1,620,0,1.0
15030.0,1979.91,8,1225,25,2011-09-29 10:50:00,2010-03-04 17:10:00,247.48875,72,573,0.013961605584642234
15031.0,3102.94,14,1576,237,2011-12-05 14:19:00,2009-12-08 13:38:00,221.63857142857142,4,727,0.01925722145804677
15032.0,11010.05,8,6601,39,2011-03-28 15:03:00,2009-12-10 15:27:00,1376.25625,256,472,0.01694915254237288
15033.0,2553.88,10,1670,314,2011-12-05 12:40:00,2011-01-14 13:28:00,255.388,5,324,0.030864197530864196
15034.0,8231.2,14,4748,416,2011-11-24 12:11:00,2010-05-11 13:30:00,587.9428571428572,16,561,0.024955436720142603
15035.0,252.73000000000002,1,245,26,2011-09-11 11:08:00,2011-09-11 11:08:00,252.73000000000002,90,0,1.0
15036.0,429.56,3,316,107,2011-09-28 15:42:00,2011-06-13 12:19:00,143.18666666666667,72,107,0.028037383177570093
15037.0,397.76,2,298,40,2010-11-28 13:05:00,2010-11-28 12:14:00,198.88,376,0,2.0
15038.0,1146.53,9,381,190,2011-10-12 11:33:00,2010-10-10 14:35:00,127.39222222222222,59,366,0.02459016393442623
15039.0,39141.48,93,17780,562,2011-11-30 11:31:00,2009-12-10 11:39:00,420.8761290322581,10,719,0.12934631432545202
15040.0,7.49,1,1,1,2010-06-16 11:40:00,2010-06-16 11:40:00,7.49,542,0,1.0
15041.0,288.98,2,192,97,2011-06-22 16:16:00,2010-09-21 13:16:00,144.49,170,274,0.0072992700729927005
15042.0,315.45,2,238,9,2011-05-24 16:25:00,2010-04-23 14:01:00,157.725,199,396,0.005050505050505051
15043.0,2855.3199999999997,6,1007,38,2011-11-08 14:26:00,2010-06-24 15:50:00,475.8866666666666,31,501,0.011976047904191617
15044.0,15769.01,32,5237,343,2011-11-20 13:20:00,2009-12-16 15:13:00,492.7815625,19,703,0.04551920341394026
15045.0,735.66,2,114,11,2011-07-11 11:33:00,2011-03-27 11:44:00,367.83,152,105,0.01904761904761905
15046.0,7604.84,25,4584,247,2011-11-30 15:50:00,2010-01-14 14:29:00,304.1936,9,685,0.0364963503649635
15047.0,343.62,1,222,22,2011-03-15 10:49:00,2011-03-15 10:49:00,343.62,270,0,1.0
15048.0,381.0,4,192,86,2011-10-05 14:55:00,2010-12-06 12:15:00,95.25,65,303,0.013201320132013201
15049.0,121.17000000000002,1,63,3,2011-03-11 12:13:00,2011-03-11 12:13:00,121.17000000000002,274,0,1.0
15050.0,4087.19,5,2600,116,2011-11-14 16:17:00,2010-08-16 12:00:00,817.438,25,455,0.01098901098901099
15051.0,3926.91,9,3052,226,2011-11-16 15:38:00,2009-12-01 13:29:00,436.3233333333333,23,715,0.012587412587412588
15052.0,207.73000000000002,1,79,27,2011-01-24 15:52:00,2011-01-24 15:52:00,207.73000000000002,319,0,1.0
15053.0,693.95,3,984,49,2011-12-05 12:08:00,2011-03-03 12:06:00,231.3166666666667,5,277,0.010830324909747292
15054.0,302.1,2,198,105,2011-11-27 15:02:00,2011-10-30 14:33:00,151.05,12,28,0.07142857142857142
15055.0,549.12,3,225,77,2010-08-22 11:06:00,2009-12-16 15:48:00,183.04,475,248,0.012096774193548387
15056.0,113.64999999999999,1,69,6,2010-07-07 15:58:00,2010-07-07 15:58:00,113.64999999999999,520,0,1.0
15057.0,3255.96,5,1394,62,2011-03-09 15:17:00,2009-12-05 15:27:00,651.192,275,458,0.010917030567685589
15058.0,3387.58,16,1645,232,2011-11-14 14:57:00,2010-02-24 14:07:00,211.72375,25,628,0.025477707006369428
15059.0,3490.4,19,1597,307,2011-10-30 11:35:00,2009-12-06 12:17:00,183.70526315789473,41,692,0.02745664739884393
15060.0,293.0,4,256,80,2011-12-01 13:47:00,2011-11-30 14:03:00,73.25,8,0,4.0
15061.0,126387.56999999999,127,74279,130,2011-12-06 12:06:00,2009-12-01 12:18:00,995.177716535433,4,734,0.17302452316076294
15062.0,2585.62,8,1872,98,2011-09-29 16:51:00,2010-04-08 15:41:00,323.2025,71,539,0.014842300556586271
15063.0,370.79999999999995,1,56,5,2011-05-10 13:25:00,2011-05-10 13:25:00,370.79999999999995,213,0,1.0
15064.0,1154.41,4,808,74,2010-10-25 14:32:00,2009-12-22 16:17:00,288.6025,410,306,0.013071895424836602
15065.0,3326.86,5,1446,156,2011-11-02 09:45:00,2010-10-25 09:13:00,665.3720000000001,38,373,0.013404825737265416
15066.0,893.59,1,317,42,2011-10-17 13:25:00,2011-10-17 13:25:00,893.59,53,0,1.0
15067.0,3862.88,5,2151,170,2011-09-22 13:20:00,2010-04-11 15:54:00,772.576,78,528,0.00946969696969697
15068.0,1174.9,4,832,178,2011-10-24 14:47:00,2010-03-28 13:18:00,293.725,46,575,0.006956521739130435
15069.0,1109.53,1,520,70,2011-06-13 14:16:00,2011-06-13 14:16:00,1109.53,179,0,1.0
15070.0,737.0500000000001,3,339,26,2010-12-02 11:23:00,2009-12-15 13:49:00,245.68333333333337,373,351,0.008547008547008548
15071.0,1455.56,4,416,41,2011-09-07 11:43:00,2010-05-18 12:45:00,363.89,94,476,0.008403361344537815
15072.0,187.51999999999998,1,164,13,2010-08-17 15:46:00,2010-08-17 15:46:00,187.51999999999998,479,0,1.0
15073.0,2788.02,8,1410,115,2011-11-30 10:44:00,2010-01-27 08:48:00,348.5025,10,672,0.011904761904761904
15074.0,1553.1299999999999,3,1039,63,2011-08-26 14:45:00,2010-08-29 11:47:00,517.7099999999999,105,362,0.008287292817679558
15075.0,773.03,1,447,27,2011-09-23 12:27:00,2011-09-23 12:27:00,773.03,78,0,1.0
15076.0,1447.74,3,866,68,2011-06-20 08:23:00,2010-07-05 14:11:00,482.58,173,349,0.008595988538681949
15077.0,2428.08,2,528,28,2010-08-02 11:13:00,2009-12-09 17:10:00,1214.04,495,235,0.00851063829787234
15078.0,17276.73,52,8776,117,2011-12-02 15:41:00,2009-12-04 12:03:00,332.2448076923077,7,728,0.07142857142857142
15079.0,3625.4,11,1459,119,2011-05-11 12:45:00,2009-12-08 11:22:00,329.58181818181816,213,519,0.02119460500963391
15080.0,546.25,2,287,31,2010-10-08 11:52:00,2010-07-26 10:03:00,273.125,428,74,0.02702702702702703
15081.0,1854.57,12,749,75,2011-11-17 17:08:00,2010-06-22 10:25:00,154.54749999999999,22,513,0.023391812865497075
15082.0,93.35000000000001,1,43,6,2010-02-09 10:23:00,2010-02-09 10:23:00,93.35000000000001,669,0,1.0
15083.0,88.2,1,38,5,2011-03-28 12:18:00,2011-03-28 12:18:00,88.2,257,0,1.0
15084.0,965.2,2,600,31,2010-11-25 11:58:00,2010-03-04 10:45:00,482.6,380,266,0.007518796992481203
15085.0,347.54,1,169,9,2009-12-10 11:47:00,2009-12-10 11:47:00,347.54,730,0,1.0
15086.0,218.53,2,95,10,2010-05-24 12:27:00,2010-03-24 13:56:00,109.265,565,60,0.03333333333333333
15087.0,306.94,1,470,15,2011-03-03 10:34:00,2011-03-03 10:34:00,306.94,282,0,1.0
15088.0,1160.07,2,460,53,2011-11-18 13:14:00,2011-10-03 14:05:00,580.035,21,45,0.044444444444444446
15089.0,2420.84,6,1359,139,2011-11-29 16:31:00,2011-08-03 14:14:00,403.47333333333336,10,118,0.05084745762711865
15090.0,381.32,1,208,23,2011-02-04 14:03:00,2011-02-04 14:03:00,381.32,308,0,1.0
15091.0,1046.6100000000001,3,582,55,2011-10-03 12:47:00,2010-02-03 11:46:00,348.87000000000006,68,607,0.004942339373970346
15092.0,776.46,3,230,39,2011-05-08 14:10:00,2010-09-03 12:33:00,258.82,215,247,0.012145748987854251
15093.0,13702.38,23,10778,104,2011-11-21 13:09:00,2009-12-08 12:46:00,595.7556521739131,18,713,0.03225806451612903
15094.0,83.0,2,28,4,2010-09-02 16:55:00,2010-03-05 12:56:00,41.5,463,181,0.011049723756906077
15095.0,3141.64,10,2233,90,2011-08-28 12:01:00,2010-01-21 09:37:00,314.164,104,584,0.017123287671232876
15096.0,219.39000000000001,1,120,11,2011-10-28 10:27:00,2011-10-28 10:27:00,219.39000000000001,43,0,1.0
15097.0,908.35,3,424,59,2011-12-05 14:03:00,2010-05-05 14:22:00,302.78333333333336,4,578,0.005190311418685121
15098.0,39916.5,3,121,1,2011-06-10 15:33:00,2011-06-10 15:22:00,13305.5,182,0,3.0
15099.0,410.48,1,343,23,2011-09-16 13:13:00,2011-09-16 13:13:00,410.48,84,0,1.0
15100.0,2193.8999999999996,7,270,11,2011-01-10 10:35:00,2010-01-07 14:33:00,313.41428571428565,334,367,0.01907356948228883
15101.0,1477.94,6,676,52,2011-12-01 10:18:00,2010-04-28 15:00:00,246.32333333333335,9,581,0.010327022375215147
15102.0,554.67,2,339,26,2010-06-27 12:16:00,2010-06-11 10:16:00,277.335,531,16,0.125
15103.0,703.36,2,329,35,2011-11-08 14:53:00,2011-09-14 13:54:00,351.68,31,55,0.03636363636363636
15104.0,993.54,2,635,66,2011-05-27 12:29:00,2011-03-02 14:16:00,496.77,197,85,0.023529411764705882
15105.0,3094.91,9,1747,129,2011-11-21 16:54:00,2010-03-23 12:18:00,343.87888888888887,18,608,0.014802631578947368
15106.0,1422.52,5,1181,90,2011-11-22 09:16:00,2011-03-15 12:52:00,284.504,18,251,0.0199203187250996
15107.0,824.35,9,330,32,2011-02-01 14:46:00,2010-09-14 10:47:00,91.59444444444445,311,140,0.06428571428571428
15108.0,1159.25,3,490,49,2011-07-21 10:24:00,2011-04-26 10:54:00,386.4166666666667,142,85,0.03529411764705882
15109.0,983.1,3,258,46,2011-04-08 09:58:00,2009-12-04 12:33:00,327.7,246,489,0.006134969325153374
15110.0,1505.8500000000001,6,337,23,2011-11-16 11:16:00,2010-08-11 15:49:00,250.97500000000002,24,461,0.013015184381778741
15111.0,2442.37,5,1058,109,2011-11-10 16:58:00,2010-04-26 13:12:00,488.474,29,563,0.008880994671403197
15112.0,209.4,1,72,7,2010-04-07 14:17:00,2010-04-07 14:17:00,209.4,611,0,1.0
15113.0,3509.04,3,2343,76,2011-11-30 08:23:00,2011-10-16 15:27:00,1169.68,10,44,0.06818181818181818
15114.0,3400.12,12,3532,151,2011-11-09 15:05:00,2010-10-14 16:44:00,283.3433333333333,30,390,0.03076923076923077
15115.0,531.85,2,245,35,2011-11-21 14:59:00,2009-12-07 11:20:00,265.925,18,714,0.0028011204481792717
15116.0,1352.75,4,648,37,2011-11-22 12:25:00,2011-05-19 08:50:00,338.1875,18,187,0.0213903743315508
15117.0,2485.9700000000003,8,3093,89,2011-11-25 08:12:00,2010-03-15 13:39:00,310.74625000000003,15,619,0.012924071082390954
15118.0,244.8,1,1440,1,2011-07-28 14:54:00,2011-07-28 14:54:00,244.8,134,0,1.0
15119.0,266.4,1,88,14,2011-04-08 09:08:00,2011-04-08 09:08:00,266.4,246,0,1.0
15120.0,358.82,1,296,21,2011-07-29 09:48:00,2011-07-29 09:48:00,358.82,134,0,1.0
15121.0,457.72,2,199,28,2011-10-20 14:51:00,2011-02-24 12:41:00,228.86,50,238,0.008403361344537815
15122.0,4487.27,11,2033,155,2011-08-17 16:48:00,2010-03-30 14:05:00,407.9336363636364,114,505,0.02178217821782178
15123.0,4656.17,5,2524,149,2011-12-02 13:12:00,2010-03-16 09:49:00,931.234,7,626,0.007987220447284345
15124.0,450.82,4,462,30,2011-11-17 10:09:00,2010-02-26 10:49:00,112.705,23,628,0.006369426751592357
15125.0,17024.87,24,8433,151,2011-11-14 13:57:00,2010-03-31 13:29:00,709.3695833333333,25,593,0.04047217537942664
15126.0,449.49,2,273,25,2010-06-21 12:31:00,2010-01-21 17:09:00,224.745,537,150,0.013333333333333334
15127.0,711.5,2,464,27,2011-10-05 10:30:00,2010-07-08 10:07:00,355.75,66,454,0.004405286343612335
15128.0,1783.68,5,1583,87,2011-10-10 13:54:00,2010-10-05 16:46:00,356.736,60,369,0.013550135501355014
15129.0,6860.18,23,4002,86,2011-10-20 14:40:00,2010-04-08 17:15:00,298.2686956521739,50,559,0.04114490161001789
15130.0,330.11,1,197,22,2011-06-23 10:15:00,2011-06-23 10:15:00,330.11,170,0,1.0
15131.0,80.28,1,88,7,2010-11-10 12:07:00,2010-11-10 12:07:00,80.28,395,0,1.0
15132.0,977.9300000000001,5,679,49,2011-11-21 17:10:00,2011-03-22 12:02:00,195.586,18,244,0.020491803278688523
15133.0,1806.9,5,960,45,2011-08-04 10:44:00,2010-07-07 12:31:00,361.38,128,392,0.012755102040816327
15134.0,1596.29,10,1057,47,2011-11-25 08:55:00,2010-10-13 12:44:00,159.629,15,407,0.02457002457002457
15135.0,305.68,2,84,17,2011-04-14 19:16:00,2010-06-01 13:33:00,152.84,239,317,0.006309148264984227
15136.0,1286.7,4,776,61,2011-12-07 12:26:00,2011-09-04 16:05:00,321.675,3,93,0.043010752688172046
15137.0,823.4,2,596,34,2010-07-07 09:41:00,2010-01-28 15:45:00,411.7,521,159,0.012578616352201259
15138.0,502.52,1,300,31,2010-11-11 09:16:00,2010-11-11 09:16:00,502.52,394,0,1.0
15139.0,178.96,2,208,13,2011-04-14 11:39:00,2011-01-07 12:44:00,89.48,240,96,0.020833333333333332
15140.0,3243.69,8,2010,103,2011-10-18 14:07:00,2010-09-23 13:07:00,405.46125,52,390,0.020512820512820513
15141.0,1388.47,7,1197,44,2010-09-08 11:33:00,2010-03-28 15:58:00,198.35285714285715,458,163,0.04294478527607362
15142.0,2619.92,6,2155,115,2011-10-24 12:51:00,2010-07-27 09:05:00,436.65333333333336,46,454,0.013215859030837005
15143.0,563.63,2,320,27,2011-04-28 12:03:00,2010-10-03 13:58:00,281.815,226,206,0.009708737864077669
15144.0,12160.31,29,5251,199,2011-12-01 15:12:00,2009-12-13 11:35:00,419.3210344827586,8,718,0.0403899721448468
15145.0,1194.73,4,756,54,2011-12-05 17:21:00,2011-04-05 15:20:00,298.6825,4,244,0.01639344262295082
15146.0,1327.16,2,1473,90,2011-06-28 12:09:00,2011-02-21 13:07:00,663.58,165,126,0.015873015873015872
15147.0,623.5,1,366,28,2011-04-13 15:57:00,2011-04-13 15:57:00,623.5,240,0,1.0
15148.0,301.29,1,187,20,2011-11-29 08:21:00,2011-11-29 08:21:00,301.29,11,0,1.0
15149.0,1524.6100000000001,4,379,61,2011-07-29 10:58:00,2010-02-28 11:13:00,381.15250000000003,134,515,0.007766990291262136
15150.0,8977.94,13,6167,495,2011-11-22 12:52:00,2010-06-14 12:01:00,690.6107692307693,17,526,0.024714828897338403
15151.0,2085.61,2,795,56,2010-10-12 16:37:00,2010-07-18 12:19:00,1042.805,423,86,0.023255813953488372
15152.0,5263.83,14,2994,214,2011-11-30 12:32:00,2010-01-07 15:15:00,375.98785714285714,10,691,0.020260492040520984
15153.0,329.25,1,198,22,2011-11-08 17:09:00,2011-11-08 17:09:00,329.25,31,0,1.0
15154.0,1343.72,3,333,166,2011-09-25 16:05:00,2010-08-18 17:41:00,447.9066666666667,75,402,0.007462686567164179
15155.0,383.96999999999997,1,192,24,2010-11-21 12:59:00,2010-11-21 12:59:00,383.96999999999997,383,0,1.0
15156.0,961.49,3,597,51,2011-12-08 18:22:00,2011-11-06 12:41:00,320.49666666666667,1,32,0.09375
15157.0,2654.11,5,3466,152,2011-12-06 11:28:00,2009-12-10 14:44:00,530.822,4,725,0.006896551724137931
15158.0,606.02,2,219,11,2011-10-25 13:53:00,2010-11-03 13:46:00,303.01,45,356,0.0056179775280898875
15159.0,22116.73,34,13512,413,2011-12-08 12:05:00,2010-10-04 09:31:00,650.4920588235294,2,430,0.07906976744186046
15160.0,589.27,4,307,17,2010-12-17 14:15:00,2010-10-14 15:26:00,147.3175,357,63,0.06349206349206349
15161.0,119.92,1,144,33,2010-11-16 16:08:00,2010-11-16 16:08:00,119.92,388,0,1.0
15162.0,312.9,1,74,12,2009-12-08 13:14:00,2009-12-08 13:14:00,312.9,731,0,1.0
15163.0,304.47,2,186,29,2011-11-21 13:10:00,2011-05-31 15:22:00,152.235,18,173,0.011560693641618497
15164.0,2028.1100000000001,9,912,243,2011-10-02 12:05:00,2010-01-18 13:34:00,225.34555555555556,69,621,0.014492753623188406
15165.0,487.75,1,160,27,2010-12-01 14:03:00,2010-12-01 14:03:00,487.75,373,0,1.0
15166.0,167.16,1,140,12,2010-08-29 12:31:00,2010-08-29 12:31:00,167.16,468,0,1.0
15167.0,1627.62,5,863,262,2011-01-23 12:41:00,2010-02-04 14:13:00,325.524,321,352,0.014204545454545454
15168.0,106.56,1,52,5,2011-11-14 11:26:00,2011-11-14 11:26:00,106.56,26,0,1.0
15169.0,569.22,2,356,58,2010-11-22 13:04:00,2009-12-13 11:16:00,284.61,382,344,0.005813953488372093
15170.0,81.15,1,33,4,2010-10-29 10:34:00,2010-10-29 10:34:00,81.15,407,0,1.0
15171.0,1289.5,1,290,5,2011-01-12 15:36:00,2011-01-12 15:36:00,1289.5,331,0,1.0
15172.0,1624.05,5,1611,106,2011-12-01 11:51:00,2011-04-17 11:56:00,324.81,9,227,0.022026431718061675
15173.0,1494.6,7,840,68,2010-11-24 10:21:00,2010-04-01 12:26:00,213.5142857142857,381,236,0.029661016949152543
15174.0,481.46,2,382,34,2011-01-21 09:06:00,2010-10-25 09:40:00,240.73,323,87,0.022988505747126436
15175.0,224.14,1,454,23,2011-09-29 11:31:00,2011-09-29 11:31:00,224.14,72,0,1.0
15176.0,988.04,1,448,52,2010-02-10 10:36:00,2010-02-10 10:36:00,988.04,668,0,1.0
15177.0,948.93,1,485,26,2010-10-10 12:48:00,2010-10-10 12:48:00,948.93,426,0,1.0
15178.0,40.5,1,30,3,2011-03-24 15:12:00,2011-03-24 15:12:00,40.5,260,0,1.0
15179.0,7491.92,13,5416,225,2011-11-21 12:53:00,2009-12-03 12:27:00,576.3015384615385,18,718,0.018105849582172703
15180.0,816.9300000000001,3,654,46,2010-12-07 14:57:00,2010-04-29 15:27:00,272.31,367,221,0.013574660633484163
15181.0,1200.2,5,688,15,2011-10-04 13:58:00,2009-12-08 19:02:00,240.04000000000002,66,664,0.007530120481927711
15182.0,2998.9500000000003,11,1184,77,2011-07-08 13:37:00,2010-02-21 12:03:00,272.63181818181823,154,502,0.021912350597609563
15183.0,639.93,3,297,33,2010-06-10 10:43:00,2010-05-04 11:31:00,213.30999999999997,548,36,0.08333333333333333
15184.0,685.39,4,462,72,2011-11-10 13:41:00,2009-12-16 12:06:00,171.3475,29,694,0.005763688760806916
15185.0,310.62,1,666,21,2011-09-30 14:06:00,2011-09-30 14:06:00,310.62,70,0,1.0
15186.0,1403.2,5,716,29,2011-11-25 14:58:00,2010-01-12 10:14:00,280.64,14,682,0.007331378299120235
15187.0,4762.18,15,1886,60,2011-12-08 11:56:00,2011-05-11 13:49:00,317.4786666666667,2,210,0.07142857142857142
15188.0,310.43,1,233,23,2009-12-14 13:30:00,2009-12-14 13:30:00,310.43,725,0,1.0
15189.0,17524.38,46,6902,90,2011-12-08 13:22:00,2010-07-18 13:37:00,380.96478260869566,1,507,0.09072978303747535
15190.0,834.4399999999999,1,790,40,2010-10-01 13:09:00,2010-10-01 13:09:00,834.4399999999999,434,0,1.0
15191.0,588.05,3,287,33,2010-09-02 15:37:00,2010-01-20 12:35:00,196.01666666666665,463,225,0.013333333333333334
15192.0,1666.39,5,1448,56,2011-08-12 11:41:00,2010-01-29 10:13:00,333.278,120,560,0.008928571428571428
15193.0,499.32,1,144,19,2011-10-10 08:23:00,2011-10-10 08:23:00,499.32,61,0,1.0
15194.0,12021.53,28,8922,274,2011-12-06 15:10:00,2009-12-03 10:37:00,429.34035714285716,3,733,0.03819918144611187
15195.0,3861.0,1,1404,1,2011-12-07 12:20:00,2011-12-07 12:20:00,3861.0,3,0,1.0
15196.0,313.7,2,130,34,2010-10-03 10:50:00,2009-12-13 11:14:00,156.85,433,293,0.006825938566552901
15197.0,1877.51,6,1058,44,2011-11-29 10:00:00,2009-12-11 12:56:00,312.91833333333335,11,717,0.008368200836820083
15198.0,571.35,5,327,28,2011-09-08 14:42:00,2010-01-19 10:01:00,114.27000000000001,92,597,0.008375209380234505
15199.0,3122.4,10,894,17,2011-10-11 15:12:00,2010-05-13 10:14:00,312.24,59,516,0.01937984496124031
15200.0,549.05,1,195,30,2010-08-02 09:38:00,2010-08-02 09:38:00,549.05,495,0,1.0
15201.0,1842.95,7,1660,44,2011-09-13 14:53:00,2010-04-07 14:50:00,263.2785714285714,87,524,0.013358778625954198
15203.0,4400.18,15,4182,150,2011-11-14 08:16:00,2009-12-08 18:06:00,293.3453333333334,26,705,0.02127659574468085
15204.0,316.58,1,258,9,2010-12-17 13:49:00,2010-12-17 13:49:00,316.58,357,0,1.0
15205.0,653.24,2,378,37,2011-09-15 19:36:00,2011-08-04 16:07:00,326.62,85,42,0.047619047619047616
15206.0,420.29999999999995,4,162,3,2011-11-29 13:41:00,2011-03-09 08:59:00,105.07499999999999,10,265,0.01509433962264151
15207.0,683.9200000000001,3,428,19,2010-10-19 13:29:00,2010-06-10 17:29:00,227.97333333333336,416,130,0.023076923076923078
15208.0,970.52,6,356,27,2011-12-08 17:24:00,2010-10-12 12:17:00,161.75333333333333,1,422,0.014218009478672985
15209.0,178.98000000000002,1,94,13,2009-12-09 17:26:00,2009-12-09 17:26:00,178.98000000000002,730,0,1.0
15210.0,1176.19,3,841,66,2011-04-28 16:11:00,2010-05-13 14:42:00,392.06333333333333,225,350,0.008571428571428572
15211.0,894.4100000000001,2,240,52,2011-10-10 13:31:00,2010-12-09 16:08:00,447.20500000000004,60,304,0.006578947368421052
15212.0,208.28,2,84,7,2011-04-12 13:45:00,2010-11-28 10:45:00,104.14,241,135,0.014814814814814815
15213.0,328.35,2,272,22,2011-01-25 12:21:00,2011-01-14 11:05:00,164.175,319,11,0.18181818181818182
15214.0,1661.44,8,1254,109,2011-12-08 12:07:00,2011-04-11 09:46:00,207.68,2,241,0.03319502074688797
15215.0,2422.43,7,776,85,2011-10-24 11:41:00,2010-04-06 11:21:00,346.06142857142856,47,566,0.012367491166077738
15216.0,486.09,2,217,24,2011-09-13 11:41:00,2010-03-31 09:52:00,243.045,88,531,0.003766478342749529
15217.0,426.24,1,190,28,2010-05-25 13:51:00,2010-05-25 13:51:00,426.24,563,0,1.0
15218.0,11453.83,22,6518,138,2011-11-29 11:48:00,2010-01-26 11:33:00,520.6286363636364,11,672,0.03273809523809524
15219.0,685.45,2,271,26,2011-06-16 16:57:00,2010-03-01 11:33:00,342.725,176,472,0.00423728813559322
15220.0,1778.96,6,1393,110,2011-10-19 12:39:00,2011-03-04 10:24:00,296.49333333333334,52,229,0.026200873362445413
15221.0,2062.2000000000003,4,244,21,2010-12-08 13:08:00,2010-03-12 10:40:00,515.5500000000001,366,271,0.014760147601476014
15222.0,3550.91,11,4458,98,2011-01-25 08:03:00,2009-12-16 13:49:00,322.81,319,404,0.027227722772277228
15223.0,1417.95,5,385,26,2011-04-28 11:31:00,2009-12-05 11:19:00,283.59000000000003,226,509,0.009823182711198428
15224.0,871.36,5,443,24,2010-12-16 15:02:00,2010-01-15 16:14:00,174.272,358,334,0.014970059880239521
15225.0,409.40000000000003,1,226,23,2011-04-19 14:51:00,2011-04-19 14:51:00,409.40000000000003,234,0,1.0
15226.0,154.41,1,71,8,2011-02-02 11:41:00,2011-02-02 11:41:00,154.41,311,0,1.0
15227.0,2488.4900000000002,9,1217,86,2011-11-03 11:59:00,2010-03-16 08:23:00,276.4988888888889,37,597,0.01507537688442211
15228.0,5580.2699999999995,6,3375,184,2011-10-04 13:56:00,2010-07-28 10:21:00,930.045,66,433,0.013856812933025405
15229.0,160.5,1,114,9,2010-05-02 13:50:00,2010-05-02 13:50:00,160.5,586,0,1.0
15230.0,429.6,2,351,23,2011-04-14 14:39:00,2011-04-13 11:04:00,214.8,239,1,2.0
15231.0,250.26,1,190,14,2010-03-28 15:12:00,2010-03-28 15:12:00,250.26,621,0,1.0
15232.0,612.06,2,686,26,2011-08-18 16:27:00,2011-07-22 12:21:00,306.03,113,27,0.07407407407407407
15233.0,59.400000000000006,1,12,1,2010-11-03 13:36:00,2010-11-03 13:36:00,59.400000000000006,401,0,1.0
15234.0,197.0,1,196,14,2011-03-08 08:53:00,2011-03-08 08:53:00,197.0,277,0,1.0
15235.0,2772.76,16,1676,161,2011-05-06 09:44:00,2010-11-16 12:48:00,173.2975,218,170,0.09411764705882353
15236.0,321.05,1,269,15,2011-02-14 10:52:00,2011-02-14 10:52:00,321.05,299,0,1.0
15237.0,1412.32,4,1071,94,2011-12-08 09:46:00,2011-04-26 15:04:00,353.08,2,225,0.017777777777777778
15238.0,1071.99,3,692,49,2011-11-10 14:28:00,2011-06-08 16:00:00,357.33,29,154,0.01948051948051948
15239.0,780.59,2,594,48,2011-11-29 14:14:00,2011-09-22 09:53:00,390.295,10,68,0.029411764705882353
15240.0,4459.98,12,3214,134,2011-10-26 09:50:00,2009-12-05 14:57:00,371.66499999999996,45,689,0.01741654571843251
15241.0,3050.16,11,3328,120,2011-10-04 09:05:00,2010-02-23 13:59:00,277.2872727272727,67,587,0.018739352640545145
15242.0,302.04,1,196,4,2010-10-13 15:33:00,2010-10-13 15:33:00,302.04,422,0,1.0
15243.0,927.2800000000001,2,543,56,2011-09-26 14:12:00,2010-09-30 17:28:00,463.64000000000004,74,360,0.005555555555555556
15244.0,912.08,3,472,44,2011-10-05 13:19:00,2010-02-11 14:48:00,304.0266666666667,65,600,0.005
15245.0,4610.84,8,3021,72,2011-07-28 18:56:00,2010-04-23 14:23:00,576.355,134,461,0.01735357917570499
15246.0,780.4,3,359,45,2011-04-15 14:45:00,2010-06-02 11:28:00,260.1333333333333,238,317,0.00946372239747634
15247.0,976.06,3,514,13,2011-08-09 12:52:00,2010-06-20 14:08:00,325.3533333333333,122,414,0.007246376811594203
15248.0,1893.93,3,1065,103,2010-10-24 13:09:00,2010-06-23 14:34:00,631.3100000000001,411,122,0.02459016393442623
15249.0,9266.0,18,4980,304,2011-11-08 11:45:00,2010-03-26 14:51:00,514.7777777777778,32,591,0.030456852791878174
15250.0,60.0,1,48,3,2010-03-09 07:35:00,2010-03-09 07:35:00,60.0,641,0,1.0
15251.0,20324.54,21,12108,183,2011-11-30 15:02:00,2010-01-29 12:42:00,967.8352380952381,9,670,0.03134328358208955
15252.0,2103.41,5,1430,106,2011-11-03 13:30:00,2010-04-07 10:24:00,420.68199999999996,36,575,0.008695652173913044
15253.0,2055.09,8,1588,102,2011-11-23 16:22:00,2010-05-02 11:17:00,256.88625,16,570,0.014035087719298246
15254.0,1088.35,3,711,64,2011-08-04 15:04:00,2010-05-28 10:08:00,362.7833333333333,127,433,0.006928406466512702
15255.0,3706.02,9,2214,137,2011-10-04 12:43:00,2009-12-03 09:10:00,411.78,67,670,0.013432835820895522
15256.0,170.4,2,92,6,2011-07-14 11:47:00,2010-05-27 11:41:00,85.2,149,413,0.004842615012106538
15257.0,685.9,2,71,11,2011-03-01 12:58:00,2010-10-21 14:03:00,342.95,283,130,0.015384615384615385
15258.0,623.16,2,142,32,2011-06-24 12:30:00,2011-05-06 14:16:00,311.58,169,48,0.041666666666666664
15259.0,1182.3799999999999,4,631,50,2010-07-15 08:47:00,2010-01-26 09:41:00,295.59499999999997,513,169,0.023668639053254437
15260.0,8767.73,25,4468,186,2011-08-31 13:55:00,2009-12-06 11:45:00,350.7092,100,633,0.03949447077409163
15261.0,1508.0,4,806,87,2011-07-27 15:20:00,2010-10-01 11:59:00,377.0,135,299,0.013377926421404682
15262.0,418.82,3,218,22,2011-01-20 12:16:00,2010-08-08 15:55:00,139.60666666666665,324,164,0.018292682926829267
15263.0,156.51,1,89,12,2011-08-25 10:26:00,2011-08-25 10:26:00,156.51,107,0,1.0
15264.0,848.4,2,443,52,2011-10-06 13:49:00,2010-06-27 13:29:00,424.2,64,466,0.004291845493562232
15265.0,3345.64,4,1570,179,2011-07-11 14:46:00,2009-12-01 17:08:00,836.41,151,586,0.006825938566552901
15266.0,852.21,5,236,38,2011-01-05 13:40:00,2010-01-07 12:19:00,170.442,338,363,0.013774104683195593
15267.0,1717.36,5,944,8,2011-11-17 15:59:00,2011-06-10 10:24:00,343.472,22,160,0.03125
15268.0,961.9000000000001,3,428,21,2010-08-18 10:33:00,2010-04-13 11:27:00,320.6333333333334,479,126,0.023809523809523808
15269.0,1225.3600000000001,3,372,33,2011-11-16 09:32:00,2010-11-14 12:58:00,408.4533333333334,24,366,0.00819672131147541
15270.0,8524.86,21,4010,66,2011-11-24 09:24:00,2009-12-17 15:02:00,405.9457142857143,16,706,0.029745042492917848
15271.0,4528.54,24,2412,369,2011-12-02 14:11:00,2010-08-05 14:57:00,188.68916666666667,7,483,0.049689440993788817
15272.0,2030.95,6,665,257,2011-10-13 12:59:00,2010-02-14 13:39:00,338.4916666666667,57,605,0.009917355371900827
15273.0,228.96,1,216,1,2010-04-19 11:31:00,2010-04-19 11:31:00,228.96,600,0,1.0
15274.0,716.57,2,619,44,2011-12-05 16:57:00,2011-11-21 14:17:00,358.285,4,14,0.14285714285714285
15275.0,615.14,1,498,41,2011-11-02 11:20:00,2011-11-02 11:20:00,615.14,38,0,1.0
15276.0,619.8,4,317,160,2011-10-04 16:39:00,2010-10-01 12:24:00,154.95,66,368,0.010869565217391304
15277.0,476.34,2,373,23,2011-10-24 10:08:00,2010-10-10 16:02:00,238.17,47,378,0.005291005291005291
15278.0,496.15999999999997,4,458,29,2010-05-27 10:03:00,2010-02-12 14:53:00,124.03999999999999,562,103,0.038834951456310676
15279.0,1580.54,5,802,74,2010-12-20 10:48:00,2010-02-02 10:15:00,316.108,355,321,0.01557632398753894
15280.0,397.52,3,507,48,2011-06-20 17:14:00,2010-05-17 14:17:00,132.50666666666666,172,399,0.007518796992481203
15281.0,8543.57,16,5233,427,2011-10-12 09:10:00,2010-10-08 12:14:00,533.973125,59,368,0.043478260869565216
15282.0,348.59,1,395,27,2010-05-18 16:27:00,2010-05-18 16:27:00,348.59,570,0,1.0
15283.0,148.33,3,27,9,2010-11-14 14:54:00,2010-07-09 15:46:00,49.443333333333335,390,127,0.023622047244094488
15284.0,24.75,1,5,1,2010-07-27 13:25:00,2010-07-27 13:25:00,24.75,500,0,1.0
15285.0,94.92,1,120,6,2010-10-28 09:46:00,2010-10-28 09:46:00,94.92,408,0,1.0
15286.0,240.55,1,55,3,2011-10-21 11:08:00,2011-10-21 11:08:00,240.55,50,0,1.0
15287.0,856.03,5,1010,23,2011-11-17 15:34:00,2009-12-02 12:13:00,171.206,22,715,0.006993006993006993
15288.0,3706.53,10,1333,127,2011-10-27 16:58:00,2010-02-12 15:27:00,370.653,43,622,0.01607717041800643
15289.0,1593.09,5,1627,67,2011-11-10 13:49:00,2010-03-28 11:45:00,318.618,29,592,0.008445945945945946
15290.0,10496.28,26,6567,106,2011-12-05 11:39:00,2010-02-24 10:15:00,403.70307692307694,5,649,0.040061633281972264
15291.0,13472.76,39,4904,115,2011-11-14 11:02:00,2009-12-03 11:09:00,345.4553846153846,26,710,0.054929577464788736
15292.0,178.39,1,55,24,2011-05-22 15:00:00,2011-05-22 15:00:00,178.39,201,0,1.0
15293.0,247.5,1,178,19,2010-02-12 11:54:00,2010-02-12 11:54:00,247.5,666,0,1.0
15294.0,233.35,1,97,15,2010-10-25 11:45:00,2010-10-25 11:45:00,233.35,411,0,1.0
15295.0,207.04,1,139,50,2010-02-23 13:03:00,2010-02-23 13:03:00,207.04,654,0,1.0
15296.0,10323.03,12,5452,342,2011-10-20 11:47:00,2010-01-21 13:48:00,860.2525,51,636,0.018867924528301886
15297.0,641.94,3,292,30,2011-11-29 16:32:00,2011-10-07 09:42:00,213.98000000000002,10,53,0.05660377358490566
15298.0,9061.77,23,6000,199,2011-12-07 17:17:00,2009-12-08 17:04:00,393.99,2,729,0.03155006858710562
15299.0,5556.53,9,3355,8,2011-10-03 14:19:00,2010-01-12 11:34:00,617.3922222222222,67,629,0.014308426073131956
15300.0,496.44,1,292,28,2011-10-06 17:08:00,2011-10-06 17:08:00,496.44,64,0,1.0
15301.0,6909.67,17,3763,231,2011-10-20 09:57:00,2010-09-15 15:41:00,406.4511764705882,51,399,0.042606516290726815
15302.0,308.0,1,102,15,2009-12-09 13:11:00,2009-12-09 13:11:00,308.0,730,0,1.0
15303.0,1224.18,3,514,63,2011-02-22 13:59:00,2010-01-25 09:42:00,408.06,290,393,0.007633587786259542
15304.0,796.4000000000001,9,112,8,2011-10-10 10:23:00,2010-10-14 10:24:00,88.4888888888889,61,360,0.025
15305.0,93.6,1,40,5,2010-06-02 13:50:00,2010-06-02 13:50:00,93.6,555,0,1.0
15306.0,3484.73,9,3074,123,2011-10-06 12:56:00,2010-02-18 17:12:00,387.1922222222222,64,594,0.015151515151515152
15307.0,205.3,1,37,12,2011-09-05 11:38:00,2011-09-05 11:38:00,205.3,96,0,1.0
15308.0,310.47,1,175,19,2011-03-10 13:08:00,2011-03-10 13:08:00,310.47,274,0,1.0
15309.0,797.96,4,440,49,2010-04-08 11:11:00,2009-12-04 13:01:00,199.49,611,124,0.03225806451612903
15310.0,1634.64,1,1476,45,2010-08-18 11:38:00,2010-08-18 11:38:00,1634.64,479,0,1.0
15311.0,114671.42,207,69908,863,2011-12-09 12:00:00,2009-12-01 11:21:00,553.9682125603865,1,738,0.2804878048780488
15312.0,2930.19,12,1693,118,2011-09-25 13:10:00,2009-12-16 09:23:00,244.1825,75,648,0.018518518518518517
15313.0,52.0,1,25,1,2011-08-21 16:02:00,2011-08-21 16:02:00,52.0,110,0,1.0
15314.0,820.4499999999999,3,750,49,2011-05-24 14:39:00,2010-10-07 15:41:00,273.4833333333333,199,228,0.013157894736842105
15315.0,570.5,2,862,35,2011-10-06 12:51:00,2011-08-15 15:17:00,285.25,64,51,0.0392156862745098
15316.0,165.0,1,100,1,2011-01-17 11:34:00,2011-01-17 11:34:00,165.0,327,0,1.0
15317.0,129.75,1,45,5,2010-01-31 15:55:00,2010-01-31 15:55:00,129.75,677,0,1.0
15318.0,312.62,1,642,33,2011-12-06 11:30:00,2011-12-06 11:30:00,312.62,4,0,1.0
15319.0,204.5,1,175,16,2011-03-01 12:48:00,2011-03-01 12:48:00,204.5,284,0,1.0
15320.0,267.13,1,326,36,2011-10-26 13:27:00,2011-10-26 13:27:00,267.13,44,0,1.0
15321.0,6709.7300000000005,12,3653,242,2011-09-30 09:40:00,2010-02-03 09:47:00,559.1441666666667,71,603,0.01990049751243781
15322.0,1390.86,2,971,76,2011-09-15 09:34:00,2010-08-20 13:10:00,695.43,86,390,0.005128205128205128
15323.0,434.6,3,188,29,2010-05-26 10:01:00,2010-02-16 09:21:00,144.86666666666667,563,99,0.030303030303030304
15324.0,140.22000000000003,1,74,8,2010-01-07 14:37:00,2010-01-07 14:37:00,140.22000000000003,701,0,1.0
15325.0,1601.46,8,1382,164,2011-08-28 11:55:00,2010-02-16 13:30:00,200.1825,104,557,0.01436265709156194
15326.0,1700.52,5,1351,94,2011-01-10 11:38:00,2009-12-01 13:19:00,340.104,334,404,0.012376237623762377
15327.0,208.75,1,116,10,2011-10-18 11:55:00,2011-10-18 11:55:00,208.75,53,0,1.0
15328.0,107.24,1,88,8,2010-10-28 09:05:00,2010-10-28 09:05:00,107.24,408,0,1.0
15329.0,2958.83,11,1217,98,2011-10-31 15:36:00,2009-12-14 12:18:00,268.98454545454547,39,686,0.016034985422740525
15330.0,714.96,2,1312,10,2011-11-07 17:50:00,2011-10-10 12:30:00,357.48,32,28,0.07142857142857142
15331.0,767.91,3,701,41,2010-07-28 09:42:00,2010-04-09 14:26:00,255.97,500,109,0.027522935779816515
15332.0,4892.68,6,2306,113,2010-12-08 14:43:00,2010-07-14 13:01:00,815.4466666666667,366,147,0.04081632653061224
15333.0,1028.56,1,344,16,2011-05-15 13:27:00,2011-05-15 13:27:00,1028.56,208,0,1.0
15334.0,347.87,3,272,66,2011-07-06 11:22:00,2011-06-19 13:51:00,115.95666666666666,157,16,0.1875
15335.0,170.22,1,79,34,2011-10-17 12:50:00,2011-10-17 12:50:00,170.22,54,0,1.0
15336.0,240.5,1,84,15,2010-11-03 12:39:00,2010-11-03 12:39:00,240.5,402,0,1.0
15337.0,373.02,1,200,21,2010-10-24 15:29:00,2010-10-24 15:29:00,373.02,411,0,1.0
15338.0,277.93,1,148,56,2010-01-31 14:25:00,2010-01-31 14:25:00,277.93,677,0,1.0
15339.0,1821.02,7,1138,162,2011-10-04 12:51:00,2010-02-08 13:38:00,260.1457142857143,66,602,0.011627906976744186
15340.0,105.5,1,76,7,2010-05-27 10:27:00,2010-05-27 10:27:00,105.5,562,0,1.0
15341.0,2402.7200000000003,2,1008,22,2011-09-20 09:40:00,2010-09-16 16:41:00,1201.3600000000001,81,368,0.005434782608695652
15342.0,406.09,1,283,24,2011-08-02 10:19:00,2011-08-02 10:19:00,406.09,130,0,1.0
15343.0,364.5,1,84,21,2011-09-13 13:55:00,2011-09-13 13:55:00,364.5,87,0,1.0
15344.0,563.94,3,116,21,2011-12-09 10:45:00,2011-09-26 14:48:00,187.98000000000002,1,73,0.0410958904109589
15345.0,393.54,1,81,20,2011-10-25 11:28:00,2011-10-25 11:28:00,393.54,46,0,1.0
15346.0,596.12,3,260,36,2011-01-11 11:18:00,2010-10-04 15:11:00,198.70666666666668,333,98,0.030612244897959183
15347.0,1162.0,4,542,29,2010-12-08 15:25:00,2010-09-28 12:50:00,290.5,366,71,0.056338028169014086
15348.0,158.04,1,84,9,2011-09-28 13:17:00,2011-09-28 13:17:00,158.04,72,0,1.0
15349.0,463.90999999999997,2,321,65,2011-07-04 16:06:00,2011-06-05 15:46:00,231.95499999999998,158,29,0.06896551724137931
15350.0,547.6,2,272,26,2010-12-01 13:33:00,2010-11-21 15:14:00,273.8,373,9,0.2222222222222222
15351.0,3430.22,10,1350,201,2011-11-27 12:52:00,2010-10-03 12:18:00,343.022,12,420,0.023809523809523808
15352.0,111.15,1,40,34,2010-06-09 11:28:00,2010-06-09 11:28:00,111.15,549,0,1.0
15353.0,2794.4700000000003,7,1391,274,2011-03-30 12:15:00,2009-12-02 11:33:00,399.21000000000004,255,483,0.014492753623188406
15355.0,277.05,2,45,9,2011-11-10 13:44:00,2011-10-17 15:22:00,138.525,29,23,0.08695652173913043
15356.0,3239.57,13,1892,290,2011-11-08 13:11:00,2010-10-13 13:12:00,249.1976923076923,31,390,0.03333333333333333
15358.0,16425.86,42,14902,359,2011-12-05 09:04:00,2009-12-07 12:19:00,391.0919047619048,5,727,0.0577716643741403
15359.0,181.35,8,145,10,2010-02-15 10:47:00,2010-01-15 11:30:00,22.66875,663,30,0.26666666666666666
15360.0,427.93,1,223,13,2011-10-31 09:35:00,2011-10-31 09:35:00,427.93,40,0,1.0
15361.0,689.07,4,373,10,2010-12-13 09:52:00,2010-06-14 13:27:00,172.2675,362,181,0.022099447513812154
15362.0,613.08,2,368,38,2010-09-17 10:37:00,2009-12-01 09:08:00,306.54,449,290,0.006896551724137931
15363.0,678.11,2,383,32,2010-12-02 12:28:00,2010-08-04 08:41:00,339.055,373,120,0.016666666666666666
15364.0,913.19,2,493,29,2011-09-05 09:46:00,2011-03-30 13:39:00,456.595,96,158,0.012658227848101266
15365.0,4557.13,13,2131,126,2011-11-14 08:29:00,2010-02-04 16:43:00,350.54846153846154,26,647,0.02009273570324575
15366.0,2389.08,7,2447,86,2011-09-25 15:01:00,2010-02-26 10:10:00,341.29714285714283,75,576,0.012152777777777778
15367.0,5081.33,11,2944,214,2011-10-13 14:13:00,2009-12-10 14:20:00,461.9390909090909,57,671,0.01639344262295082
15368.0,722.74,2,406,8,2011-11-18 14:42:00,2010-11-10 15:52:00,361.37,21,372,0.005376344086021506
15369.0,6251.26,11,3288,44,2010-08-04 13:54:00,2009-12-08 07:43:00,568.2963636363637,492,239,0.04602510460251046
15370.0,3739.01,8,1397,90,2011-10-30 10:58:00,2010-10-25 12:08:00,467.37625,41,369,0.02168021680216802
15371.0,59.400000000000006,1,12,1,2010-02-15 13:14:00,2010-02-15 13:14:00,59.400000000000006,662,0,1.0
15372.0,6017.06,8,6410,45,2011-07-25 16:39:00,2010-02-14 11:24:00,752.1325,137,526,0.015209125475285171
15373.0,3084.54,17,726,107,2011-12-01 15:05:00,2010-05-02 11:57:00,181.4435294117647,8,578,0.029411764705882353
15374.0,307.32,2,290,8,2011-08-03 09:59:00,2010-03-25 12:03:00,153.66,129,495,0.00404040404040404
15375.0,60.959999999999994,1,84,6,2010-01-18 15:38:00,2010-01-18 15:38:00,60.959999999999994,690,0,1.0
15376.0,1221.56,3,615,100,2011-10-30 15:04:00,2011-05-01 13:45:00,407.18666666666667,40,182,0.016483516483516484
15377.0,1211.75,4,253,15,2010-11-22 08:55:00,2010-10-20 11:42:00,302.9375,383,32,0.125
15378.0,246.5,2,130,8,2010-09-03 11:30:00,2010-07-26 08:47:00,123.25,463,39,0.05128205128205128
15379.0,4877.84,8,3000,177,2011-06-23 13:13:00,2010-11-04 11:59:00,609.73,169,231,0.03463203463203463
15380.0,3248.96,11,954,27,2011-12-01 12:13:00,2009-12-01 13:50:00,295.36,9,729,0.015089163237311385
15381.0,1890.5700000000002,5,802,20,2011-05-10 11:55:00,2010-05-05 14:35:00,378.11400000000003,214,369,0.013550135501355014
15382.0,13733.550000000001,12,9178,315,2011-11-25 10:58:00,2009-12-04 14:13:00,1144.4625,15,720,0.016666666666666666
15384.0,2027.79,4,1767,83,2011-06-23 10:57:00,2010-04-26 12:38:00,506.9475,170,422,0.009478672985781991
15385.0,942.08,3,428,18,2011-10-30 15:11:00,2010-01-31 13:02:00,314.0266666666667,40,637,0.004709576138147566
15386.0,394.14,1,446,31,2011-06-06 13:47:00,2011-06-06 13:47:00,394.14,186,0,1.0
15387.0,468.65,1,335,20,2010-08-04 16:05:00,2010-08-04 16:05:00,468.65,492,0,1.0
15388.0,140.54,1,88,10,2011-03-14 13:53:00,2011-03-14 13:53:00,140.54,270,0,1.0
15389.0,2733.8,5,3940,2,2011-06-20 16:18:00,2010-01-27 12:44:00,546.76,172,509,0.009823182711198428
15390.0,1216.66,2,894,77,2010-11-08 15:19:00,2010-10-26 17:23:00,608.33,396,12,0.16666666666666666
15391.0,289.87,1,109,12,2010-05-04 15:04:00,2010-05-04 15:04:00,289.87,584,0,1.0
15392.0,2911.62,7,2144,100,2011-12-05 11:01:00,2010-10-04 12:50:00,415.94571428571425,5,426,0.01643192488262911
15393.0,891.34,5,378,37,2011-11-23 16:48:00,2009-12-15 17:56:00,178.268,16,707,0.007072135785007072
15394.0,5286.8,11,2372,129,2011-11-30 11:49:00,2009-12-15 19:05:00,480.6181818181818,10,714,0.015406162464985995
15395.0,107.45,1,17,7,2011-01-18 12:40:00,2011-01-18 12:40:00,107.45,326,0,1.0
15396.0,796.38,2,278,16,2011-08-19 10:56:00,2010-05-05 09:04:00,398.19,113,471,0.004246284501061571
15397.0,94.0,1,20,6,2011-02-23 09:25:00,2011-02-23 09:25:00,94.0,290,0,1.0
15398.0,1345.53,2,769,60,2011-11-23 16:47:00,2011-09-22 14:56:00,672.765,16,62,0.03225806451612903
15399.0,815.77,3,611,45,2011-12-08 13:04:00,2011-09-21 15:57:00,271.92333333333335,1,77,0.03896103896103896
15400.0,1302.3,8,662,16,2011-09-08 13:57:00,2010-05-28 08:33:00,162.7875,92,468,0.017094017094017096
15401.0,216.95000000000002,2,93,14,2010-09-13 13:42:00,2010-05-20 10:56:00,108.47500000000001,452,116,0.017241379310344827
15402.0,1830.12,6,2033,78,2011-07-14 12:17:00,2010-04-27 12:12:00,305.02,149,443,0.013544018058690745
15403.0,170.88,2,492,6,2010-08-05 12:21:00,2009-12-09 12:45:00,85.44,492,238,0.008403361344537815
15404.0,257.06,1,334,16,2010-11-29 11:03:00,2010-11-29 11:03:00,257.06,376,0,1.0
15405.0,659.84,2,348,29,2011-06-03 14:44:00,2010-05-12 15:56:00,329.92,189,386,0.0051813471502590676
15406.0,975.87,4,547,108,2011-11-08 13:22:00,2010-09-12 13:06:00,243.9675,31,422,0.009478672985781991
15407.0,1046.74,4,552,142,2011-11-06 11:55:00,2011-02-07 13:18:00,261.685,34,271,0.014760147601476014
15408.0,267.18,1,106,34,2011-03-20 15:02:00,2011-03-20 15:02:00,267.18,264,0,1.0
15409.0,131.25,1,59,9,2009-12-18 15:35:00,2009-12-18 15:35:00,131.25,721,0,1.0
15410.0,4685.72,10,1902,80,2011-09-16 14:47:00,2010-04-19 08:57:00,468.572,84,515,0.019417475728155338
15411.0,1348.93,4,529,86,2011-11-13 15:19:00,2011-06-10 12:30:00,337.2325,26,156,0.02564102564102564
15412.0,190.53,1,108,10,2011-06-21 15:24:00,2011-06-21 15:24:00,190.53,171,0,1.0
15413.0,6798.72,5,2694,20,2010-01-17 11:33:00,2009-12-01 10:18:00,1359.7440000000001,692,47,0.10638297872340426
15414.0,774.9000000000001,3,443,37,2011-11-30 09:50:00,2011-04-11 13:45:00,258.3,10,232,0.01293103448275862
15415.0,559.61,1,551,46,2011-01-30 14:13:00,2011-01-30 14:13:00,559.61,313,0,1.0
15416.0,4572.82,7,2420,189,2011-10-06 09:38:00,2010-02-01 11:55:00,653.26,65,611,0.011456628477905073
15417.0,508.8,1,284,28,2011-09-15 15:26:00,2011-09-15 15:26:00,508.8,85,0,1.0
15418.0,449.42,2,264,64,2010-10-10 13:38:00,2010-05-02 11:31:00,224.71,425,161,0.012422360248447204
15419.0,135.86,1,230,8,2011-11-15 09:23:00,2011-11-15 09:23:00,135.86,25,0,1.0
15420.0,743.0,6,844,52,2010-10-01 15:46:00,2009-12-05 13:29:00,123.83333333333333,434,300,0.02
15421.0,3805.34,10,1927,170,2011-10-12 09:20:00,2009-12-07 15:10:00,380.534,59,673,0.014858841010401188
15422.0,1619.97,7,710,80,2011-01-20 16:17:00,2010-02-07 11:52:00,231.42428571428573,323,347,0.020172910662824207
15423.0,266.89,3,198,13,2011-11-01 14:01:00,2010-03-28 13:42:00,88.96333333333332,38,583,0.005145797598627788
15424.0,597.78,3,873,33,2011-03-30 13:02:00,2010-09-02 17:17:00,199.26,254,208,0.014423076923076924
15425.0,1941.1200000000001,4,1041,114,2010-11-04 18:13:00,2010-02-14 12:36:00,485.28000000000003,400,263,0.015209125475285171
15426.0,2156.35,9,1041,327,2011-11-20 15:36:00,2010-05-02 15:10:00,239.59444444444443,19,567,0.015873015873015872
15427.0,1430.54,3,967,233,2011-11-06 14:29:00,2011-10-23 14:47:00,476.84666666666664,33,13,0.23076923076923078
15428.0,762.75,4,347,39,2011-11-24 16:54:00,2009-12-17 17:46:00,190.6875,15,706,0.0056657223796034
15429.0,397.35,2,380,77,2011-11-13 12:28:00,2011-09-25 13:42:00,198.675,27,48,0.041666666666666664
15430.0,954.75,2,309,36,2010-08-29 10:42:00,2010-06-29 15:04:00,477.375,468,60,0.03333333333333333
15431.0,153.24,1,84,2,2010-07-25 12:44:00,2010-07-25 12:44:00,153.24,503,0,1.0
15432.0,320.76,2,92,16,2011-11-16 16:30:00,2010-06-16 14:34:00,160.38,23,518,0.003861003861003861
15433.0,533.3,2,534,40,2011-05-10 10:45:00,2011-03-17 14:12:00,266.65,214,53,0.03773584905660377
15434.0,2567.06,11,1423,82,2011-12-01 13:33:00,2010-01-24 15:35:00,233.36909090909091,8,675,0.016296296296296295
15435.0,149.29,1,54,29,2011-11-17 16:39:00,2011-11-17 16:39:00,149.29,22,0,1.0
15436.0,1067.75,3,574,243,2011-11-27 16:05:00,2011-04-19 16:52:00,355.9166666666667,12,221,0.013574660633484163
15437.0,393.45,2,177,56,2011-03-22 13:11:00,2010-03-09 10:45:00,196.725,262,378,0.005291005291005291
15438.0,156.57999999999998,1,59,25,2011-07-31 14:19:00,2011-07-31 14:19:00,156.57999999999998,131,0,1.0
15439.0,1269.05,4,572,49,2010-10-31 10:38:00,2010-02-24 12:05:00,317.2625,405,248,0.016129032258064516
15440.0,383.68,3,197,50,2011-10-16 12:16:00,2011-05-15 11:30:00,127.89333333333333,55,154,0.01948051948051948
15441.0,1254.21,3,587,45,2010-11-08 15:50:00,2009-12-09 14:55:00,418.07,396,334,0.008982035928143712
15442.0,594.0,1,120,2,2011-04-05 12:24:00,2011-04-05 12:24:00,594.0,249,0,1.0
15443.0,5114.23,14,2699,408,2011-12-08 10:40:00,2010-03-07 12:10:00,365.3021428571428,2,640,0.021875
15444.0,1411.21,2,759,191,2011-11-30 17:37:00,2011-10-30 16:12:00,705.605,9,31,0.06451612903225806
15445.0,284.5,2,118,12,2011-03-20 15:06:00,2010-04-28 15:00:00,142.25,264,326,0.006134969325153374
15446.0,396.75,3,262,89,2010-11-28 11:59:00,2009-12-13 13:53:00,132.25,377,349,0.008595988538681949
15447.0,492.88,5,228,27,2011-01-13 11:26:00,2010-03-24 14:40:00,98.576,331,294,0.017006802721088437
15448.0,788.81,2,487,49,2011-01-31 10:42:00,2010-02-03 13:29:00,394.405,313,361,0.00554016620498615
15449.0,974.52,3,812,47,2011-11-13 15:02:00,2011-03-23 10:43:00,324.84,26,235,0.01276595744680851
15450.0,429.84,1,376,30,2011-11-09 17:11:00,2011-11-09 17:11:00,429.84,30,0,1.0
15451.0,226.86,2,76,56,2010-10-01 13:40:00,2010-04-19 14:08:00,113.43,434,164,0.012195121951219513
15452.0,1785.1100000000001,6,1087,158,2011-11-10 12:13:00,2010-07-16 14:23:00,297.5183333333334,30,481,0.012474012474012475
15453.0,1371.77,7,837,169,2011-12-08 10:59:00,2011-06-05 12:37:00,195.96714285714285,2,185,0.03783783783783784
15454.0,303.89,2,141,34,2010-12-12 14:21:00,2010-03-31 13:15:00,151.945,362,256,0.0078125
15455.0,38.25,1,3,2,2010-04-21 12:43:00,2010-04-21 12:43:00,38.25,598,0,1.0
15456.0,2091.52,10,2727,128,2011-03-01 13:51:00,2009-12-08 12:54:00,209.152,283,448,0.022321428571428572
15457.0,237.07,1,132,56,2011-03-22 15:31:00,2011-03-22 15:31:00,237.07,262,0,1.0
15458.0,370.43999999999994,2,300,13,2011-11-14 13:08:00,2010-11-02 19:50:00,185.21999999999997,25,376,0.005319148936170213
15459.0,202.82999999999998,2,121,6,2010-10-18 15:25:00,2010-07-30 14:31:00,101.41499999999999,417,80,0.025
15460.0,214.26,1,107,53,2010-12-20 16:08:00,2010-12-20 16:08:00,214.26,354,0,1.0
15461.0,429.7,2,230,1,2010-09-05 12:31:00,2010-03-18 12:40:00,214.85,461,170,0.011764705882352941
15462.0,737.05,4,495,32,2011-09-06 13:11:00,2010-09-20 10:23:00,184.2625,94,351,0.011396011396011397
15463.0,126.14,1,106,7,2011-11-10 12:57:00,2011-11-10 12:57:00,126.14,29,0,1.0
15464.0,1044.65,1,348,155,2011-01-05 15:56:00,2011-01-05 15:56:00,1044.65,338,0,1.0
15465.0,12100.4,32,2638,94,2011-11-20 10:11:00,2009-12-10 09:42:00,378.1375,20,710,0.04507042253521127
15466.0,1560.46,4,941,211,2011-09-15 14:08:00,2009-12-03 12:28:00,390.115,85,651,0.006144393241167435
15467.0,524.88,3,310,41,2011-11-30 14:17:00,2011-07-10 14:42:00,174.96,9,142,0.02112676056338028
15468.0,1430.48,3,1400,80,2011-10-19 13:49:00,2010-11-12 09:39:00,476.82666666666665,51,341,0.008797653958944282
15469.0,874.25,3,287,38,2011-10-20 16:21:00,2010-09-27 10:09:00,291.4166666666667,50,388,0.007731958762886598
15470.0,63.419999999999995,1,232,4,2010-05-13 09:35:00,2010-05-13 09:35:00,63.419999999999995,576,0,1.0
15471.0,1292.01,3,670,122,2011-12-07 14:12:00,2010-06-07 12:17:00,430.67,2,548,0.005474452554744526
15472.0,371.56,1,251,76,2011-08-18 15:17:00,2011-08-18 15:17:00,371.56,113,0,1.0
15473.0,2046.0,8,776,5,2011-11-25 15:15:00,2010-09-21 09:14:00,255.75,14,430,0.018604651162790697
15474.0,150.35,1,55,19,2010-04-23 11:14:00,2010-04-23 11:14:00,150.35,596,0,1.0
15475.0,454.10999999999996,1,319,29,2011-09-23 15:20:00,2011-09-23 15:20:00,454.10999999999996,77,0,1.0
15476.0,2209.98,4,1174,67,2010-11-24 15:17:00,2010-09-23 14:00:00,552.495,380,62,0.06451612903225806
15477.0,368.4,1,216,2,2010-02-28 10:37:00,2010-02-28 10:37:00,368.4,650,0,1.0
15478.0,1940.98,3,844,52,2011-10-30 14:19:00,2010-05-13 18:49:00,646.9933333333333,40,534,0.0056179775280898875
15479.0,147.4,1,38,9,2009-12-06 15:08:00,2009-12-06 15:08:00,147.4,733,0,1.0
15480.0,3592.25,3,1850,198,2011-08-15 14:32:00,2010-02-01 14:52:00,1197.4166666666667,116,559,0.005366726296958855
15481.0,1993.34,1,1450,38,2010-11-03 14:52:00,2010-11-03 14:52:00,1993.34,401,0,1.0
15482.0,14377.36,18,6515,73,2011-11-24 10:46:00,2009-12-02 16:59:00,798.7422222222223,16,721,0.024965325936199722
15483.0,810.68,10,871,215,2011-07-01 13:07:00,2010-01-24 15:42:00,81.068,161,522,0.019157088122605363
15484.0,4652.1,6,4074,180,2011-12-08 15:03:00,2009-12-05 15:18:00,775.35,1,732,0.00819672131147541
15485.0,4810.92,7,2153,80,2011-11-09 14:31:00,2009-12-01 17:31:00,687.2742857142857,30,707,0.009900990099009901
15486.0,102.0,1,40,1,2010-06-30 13:15:00,2010-06-30 13:15:00,102.0,527,0,1.0
15487.0,231.32,1,144,14,2010-01-29 12:07:00,2010-01-29 12:07:00,231.32,680,0,1.0
15488.0,431.92,5,251,10,2011-09-08 10:11:00,2010-05-05 13:03:00,86.384,93,490,0.01020408163265306
15489.0,2419.61,8,1264,75,2011-11-17 08:53:00,2010-01-15 16:58:00,302.45125,23,670,0.011940298507462687
15490.0,210.85,1,82,22,2010-10-05 13:11:00,2010-10-05 13:11:00,210.85,430,0,1.0
15491.0,3100.09,6,1646,108,2011-09-05 15:56:00,2011-04-18 10:04:00,516.6816666666667,95,140,0.04285714285714286
15492.0,659.4599999999999,2,483,32,2011-11-11 14:53:00,2011-09-26 14:02:00,329.72999999999996,28,46,0.043478260869565216
15493.0,4113.19,9,1205,288,2011-11-07 12:04:00,2010-02-23 11:14:00,457.02111111111105,33,622,0.014469453376205787
15494.0,3702.6,5,3052,307,2011-11-18 14:51:00,2009-12-10 20:16:00,740.52,21,707,0.007072135785007072
15495.0,246.5,1,194,20,2010-11-25 13:46:00,2010-11-25 13:46:00,246.5,379,0,1.0
15496.0,146.14000000000001,1,98,22,2010-03-18 13:16:00,2010-03-18 13:16:00,146.14000000000001,631,0,1.0
15497.0,8657.39,9,2937,66,2011-11-22 11:51:00,2009-12-18 15:08:00,961.9322222222222,18,703,0.012802275960170697
15498.0,24972.86,44,12134,597,2011-12-07 12:48:00,2009-12-16 17:27:00,567.565,3,720,0.06111111111111111
15499.0,158.65,1,59,40,2009-12-16 12:17:00,2009-12-16 12:17:00,158.65,724,0,1.0
15500.0,1131.56,4,572,64,2011-12-01 13:47:00,2011-09-19 13:47:00,282.89,8,73,0.0547945205479452
15501.0,399.95,2,205,64,2010-10-31 11:15:00,2010-10-20 12:47:00,199.975,405,10,0.2
15502.0,9542.92,12,5555,230,2011-11-24 12:48:00,2010-06-03 11:12:00,795.2433333333333,16,539,0.022263450834879406
15503.0,257.3,2,130,112,2010-12-12 10:57:00,2009-12-13 11:34:00,128.65,363,363,0.005509641873278237
15504.0,391.45,4,138,41,2011-09-19 13:45:00,2010-02-12 12:34:00,97.8625,81,584,0.00684931506849315
15505.0,3610.96,5,2390,90,2011-10-18 07:56:00,2011-07-07 13:33:00,722.192,53,102,0.049019607843137254
15506.0,2030.33,6,1637,180,2011-11-17 12:11:00,2010-08-19 12:38:00,338.3883333333333,23,454,0.013215859030837005
15507.0,475.86,1,160,41,2011-06-21 11:19:00,2011-06-21 11:19:00,475.86,172,0,1.0
15508.0,1000.27,6,440,78,2011-06-03 15:43:00,2011-04-18 15:31:00,166.71166666666667,189,46,0.13043478260869565
15509.0,152.41,1,58,26,2010-11-24 14:48:00,2010-11-24 14:48:00,152.41,380,0,1.0
15510.0,250.0,1,2,1,2011-01-13 12:10:00,2011-01-13 12:10:00,250.0,331,0,1.0
15511.0,900.53,5,269,117,2011-11-28 09:43:00,2011-09-15 15:05:00,180.106,12,73,0.0684931506849315
15512.0,331.58,4,235,29,2011-07-07 10:20:00,2010-02-01 13:23:00,82.895,156,520,0.007692307692307693
15513.0,26437.05,35,10477,278,2011-11-06 14:36:00,2010-01-13 14:59:00,755.3442857142857,33,661,0.0529500756429652
15514.0,6388.28,18,4069,170,2011-11-27 14:40:00,2009-12-04 16:37:00,354.90444444444444,12,722,0.024930747922437674
15515.0,171.81,1,131,7,2010-11-17 13:39:00,2010-11-17 13:39:00,171.81,387,0,1.0
15516.0,62.43,3,27,15,2011-10-26 10:51:00,2011-10-24 11:33:00,20.81,45,1,3.0
15517.0,267.03,1,293,27,2011-04-20 14:02:00,2011-04-20 14:02:00,267.03,233,0,1.0
15518.0,4189.99,15,2810,250,2011-10-06 13:05:00,2009-12-20 12:21:00,279.3326666666666,64,655,0.022900763358778626
15519.0,344.61,2,116,34,2010-11-21 14:35:00,2010-09-19 13:57:00,172.305,383,63,0.031746031746031744
15520.0,343.5,1,314,18,2011-12-08 10:58:00,2011-12-08 10:58:00,343.5,2,0,1.0
15521.0,7087.64,16,4504,185,2011-10-30 13:42:00,2010-01-05 10:19:00,442.9775,40,663,0.024132730015082957
15522.0,397.99,2,572,47,2011-11-07 11:26:00,2011-09-13 12:26:00,198.995,33,54,0.037037037037037035
15523.0,17259.19,16,15633,65,2011-09-16 16:29:00,2009-12-02 15:16:00,1078.699375,84,653,0.02450229709035222
15524.0,591.4,2,28,9,2011-11-15 12:09:00,2010-04-12 09:19:00,295.7,25,582,0.003436426116838488
15525.0,887.72,4,525,151,2011-12-07 14:43:00,2010-11-22 12:10:00,221.93,2,380,0.010526315789473684
15526.0,148.44,2,24,4,2011-11-06 15:04:00,2011-11-06 15:01:00,74.22,33,0,2.0
15527.0,5554.04,23,2210,225,2011-11-21 12:17:00,2009-12-15 17:31:00,241.48,19,705,0.032624113475177303
15528.0,229.33,1,123,26,2011-03-30 16:14:00,2011-03-30 16:14:00,229.33,254,0,1.0
15529.0,4781.11,12,4270,450,2011-11-17 11:29:00,2010-11-10 14:26:00,398.4258333333333,23,371,0.03234501347708895
15530.0,1808.68,5,1328,111,2011-11-18 12:25:00,2010-07-15 11:10:00,361.736,22,491,0.010183299389002037
15531.0,1972.39,2,1085,196,2011-12-01 18:43:00,2011-11-09 17:47:00,986.195,8,22,0.09090909090909091
15532.0,3717.2,10,1328,416,2011-11-14 14:51:00,2010-06-08 14:52:00,371.71999999999997,25,523,0.019120458891013385
15533.0,807.57,3,289,73,2011-11-20 15:35:00,2011-09-11 15:41:00,269.19,19,69,0.043478260869565216
15534.0,162.25,1,63,8,2009-12-14 12:48:00,2009-12-14 12:48:00,162.25,726,0,1.0
15535.0,1044.3700000000001,6,314,88,2011-06-19 16:02:00,2010-09-16 20:04:00,174.0616666666667,173,275,0.02181818181818182
15536.0,259.09,1,242,16,2010-10-26 16:31:00,2010-10-26 16:31:00,259.09,409,0,1.0
15537.0,110.92,1,29,24,2011-06-29 13:10:00,2011-06-29 13:10:00,110.92,163,0,1.0
15538.0,3358.3999999999996,6,1016,3,2010-06-20 10:49:00,2010-02-14 12:38:00,559.7333333333332,538,125,0.048
15539.0,538.46,1,410,41,2011-12-02 13:36:00,2011-12-02 13:36:00,538.46,7,0,1.0
15540.0,460.68,2,444,31,2011-11-28 13:51:00,2010-11-29 11:10:00,230.34,11,364,0.005494505494505495
15541.0,85.13000000000001,1,49,29,2011-08-17 14:58:00,2011-08-17 14:58:00,85.13000000000001,114,0,1.0
15542.0,855.71,3,418,212,2010-07-15 13:32:00,2009-12-02 11:53:00,285.2366666666667,512,225,0.013333333333333334
15543.0,242.26,2,167,50,2011-02-24 15:26:00,2010-09-06 11:28:00,121.13,288,171,0.011695906432748537
15544.0,7807.89,20,6745,175,2011-11-30 16:43:00,2010-01-28 14:39:00,390.3945,9,671,0.029806259314456036
15545.0,288.96999999999997,2,162,78,2011-10-16 13:24:00,2010-12-03 17:28:00,144.48499999999999,54,316,0.006329113924050633
15546.0,1079.1000000000001,2,198,6,2010-04-12 11:51:00,2010-04-12 11:45:00,539.5500000000001,607,0,2.0
15547.0,10002.65,26,7251,651,2011-12-02 12:52:00,2009-12-06 13:40:00,384.71730769230766,7,725,0.03586206896551724
15548.0,158.09,1,64,23,2010-04-23 12:20:00,2010-04-23 12:20:00,158.09,596,0,1.0
15549.0,2330.41,8,933,138,2011-09-23 16:22:00,2010-01-11 13:16:00,291.30125,77,620,0.012903225806451613
15550.0,2211.05,12,1139,166,2011-12-05 15:38:00,2009-12-03 15:15:00,184.2541666666667,4,732,0.01639344262295082
15551.0,1679.81,7,796,117,2011-11-03 12:37:00,2010-06-07 15:05:00,239.97285714285712,37,513,0.01364522417153996
15552.0,252.52,2,166,29,2011-05-06 14:47:00,2010-03-26 16:17:00,126.26,217,405,0.0049382716049382715
15553.0,428.93,1,449,51,2011-10-10 14:02:00,2011-10-10 14:02:00,428.93,60,0,1.0
15554.0,217.2,1,74,14,2011-03-07 09:00:00,2011-03-07 09:00:00,217.2,278,0,1.0
15555.0,11233.78,36,8454,666,2011-11-27 16:19:00,2009-12-06 11:58:00,312.0494444444445,12,721,0.049930651872399444
15556.0,279.77,1,236,31,2011-11-15 16:08:00,2011-11-15 16:08:00,279.77,24,0,1.0
15557.0,468.91,1,213,16,2011-11-11 12:46:00,2011-11-11 12:46:00,468.91,29,0,1.0
15558.0,202.68,1,73,23,2010-03-10 15:25:00,2010-03-10 15:25:00,202.68,639,0,1.0
15559.0,1109.4,1,526,62,2010-05-20 14:06:00,2010-05-20 14:06:00,1109.4,568,0,1.0
15560.0,153.52,2,72,10,2010-11-07 10:15:00,2010-11-07 10:14:00,76.76,398,0,2.0
15561.0,1934.3899999999999,8,1334,65,2011-11-28 11:07:00,2010-02-14 12:22:00,241.79874999999998,12,651,0.01228878648233487
15562.0,671.4300000000001,3,560,32,2010-12-23 09:55:00,2009-12-13 15:17:00,223.81000000000003,352,374,0.008021390374331552
15563.0,2820.46,6,2945,178,2011-11-17 12:59:00,2010-01-28 11:36:00,470.07666666666665,22,658,0.00911854103343465
15564.0,70.74000000000001,2,42,4,2010-09-02 15:52:00,2010-02-01 15:58:00,35.370000000000005,463,212,0.009433962264150943
15565.0,173.16,2,60,8,2011-10-20 14:33:00,2011-09-30 10:44:00,86.58,50,20,0.1
15566.0,227.87,2,153,9,2010-11-12 12:11:00,2009-12-15 14:53:00,113.935,393,331,0.006042296072507553
15567.0,186.01,1,223,7,2011-11-21 10:48:00,2011-11-21 10:48:00,186.01,19,0,1.0
15568.0,758.29,3,461,27,2011-12-07 11:27:00,2011-09-27 14:37:00,252.76333333333332,3,70,0.04285714285714286
15569.0,3583.45,10,1734,123,2011-08-28 10:15:00,2010-02-28 10:55:00,358.34499999999997,104,545,0.01834862385321101
15570.0,8736.49,25,4079,442,2011-12-02 14:47:00,2010-03-28 14:04:00,349.45959999999997,7,614,0.04071661237785016
15571.0,3892.35,14,2411,442,2011-11-28 10:02:00,2009-12-06 12:10:00,278.025,12,721,0.019417475728155338
15572.0,3965.2,10,2089,259,2011-12-05 10:09:00,2010-04-14 14:38:00,396.52,5,599,0.01669449081803005
15573.0,1180.47,5,769,180,2011-11-08 11:38:00,2009-12-10 14:19:00,236.094,32,697,0.007173601147776184
15574.0,1101.44,6,750,191,2011-06-15 12:01:00,2010-09-01 14:37:00,183.57333333333335,178,286,0.02097902097902098
15575.0,30.1,1,6,3,2010-03-30 12:50:00,2010-03-30 12:50:00,30.1,620,0,1.0
15576.0,921.37,1,394,43,2011-11-02 12:03:00,2011-11-02 12:03:00,921.37,38,0,1.0
15577.0,396.03000000000003,5,120,58,2011-07-11 17:03:00,2009-12-13 16:17:00,79.206,151,575,0.008695652173913044
15578.0,127.1,1,52,13,2011-06-30 13:03:00,2011-06-30 13:03:00,127.1,162,0,1.0
15579.0,1250.63,5,713,140,2011-10-02 12:45:00,2010-10-03 14:37:00,250.12600000000003,69,363,0.013774104683195593
15580.0,1375.39,8,955,150,2010-11-28 11:00:00,2010-02-07 11:21:00,171.92375,377,293,0.027303754266211604
15581.0,4505.16,34,3023,541,2011-07-06 14:04:00,2009-12-02 12:19:00,132.50470588235294,156,581,0.058519793459552494
15582.0,682.9100000000001,3,453,39,2011-11-15 09:55:00,2011-05-03 13:36:00,227.63666666666668,25,195,0.015384615384615385
15583.0,95.96,1,56,37,2010-11-28 15:04:00,2010-11-28 15:04:00,95.96,376,0,1.0
15584.0,1268.2,6,483,174,2011-11-16 10:55:00,2010-02-07 12:16:00,211.36666666666667,24,646,0.009287925696594427
15585.0,455.3,1,320,31,2011-06-16 08:38:00,2011-06-16 08:38:00,455.3,177,0,1.0
15586.0,1139.1,3,1338,30,2010-04-26 11:00:00,2010-01-08 10:02:00,379.7,593,108,0.027777777777777776
15587.0,1522.0800000000002,7,528,3,2011-10-20 13:37:00,2010-08-05 08:44:00,217.44000000000003,50,441,0.015873015873015872
15588.0,579.6,1,96,4,2010-01-31 12:19:00,2010-01-31 12:19:00,579.6,678,0,1.0
15589.0,478.53000000000003,3,243,28,2011-03-29 09:54:00,2011-02-02 10:46:00,159.51000000000002,256,54,0.05555555555555555
15590.0,1496.6,5,832,75,2010-11-22 14:49:00,2010-04-12 10:09:00,299.32,382,224,0.022321428571428572
15591.0,217.9,3,58,6,2010-05-06 09:23:00,2010-02-04 09:20:00,72.63333333333334,583,91,0.03296703296703297
15592.0,388.58,1,354,24,2011-10-24 08:59:00,2011-10-24 08:59:00,388.58,47,0,1.0
15593.0,199.8,1,60,5,2011-09-30 11:46:00,2011-09-30 11:46:00,199.8,71,0,1.0
15594.0,1771.78,5,983,85,2011-11-24 08:53:00,2011-04-19 10:08:00,354.356,16,218,0.022935779816513763
15595.0,357.6,1,144,4,2010-08-09 12:27:00,2010-08-09 12:27:00,357.6,488,0,1.0
15596.0,2727.72,9,1208,82,2011-08-31 10:55:00,2010-07-28 11:46:00,303.08,101,398,0.022613065326633167
15597.0,563.37,2,393,35,2011-11-04 13:26:00,2010-05-13 13:10:00,281.685,35,540,0.003703703703703704
15598.0,548.02,2,404,32,2011-10-17 16:04:00,2010-10-08 09:20:00,274.01,53,374,0.0053475935828877
15599.0,1250.06,3,1098,77,2011-11-13 11:44:00,2010-09-20 10:15:00,416.68666666666667,27,419,0.007159904534606206
15600.0,1199.31,4,657,55,2010-10-07 14:30:00,2010-04-25 11:50:00,299.8275,428,165,0.024242424242424242
15601.0,14191.74,30,10395,310,2011-11-28 15:15:00,2009-12-01 14:53:00,473.058,11,727,0.04126547455295736
15602.0,3137.96,16,2292,62,2011-12-01 14:14:00,2009-12-02 09:35:00,196.1225,8,729,0.02194787379972565
15603.0,88.48,2,128,4,2011-09-22 10:04:00,2010-03-01 16:02:00,44.24,79,569,0.0035149384885764497
15604.0,216.39,1,159,17,2011-10-18 14:47:00,2011-10-18 14:47:00,216.39,52,0,1.0
15605.0,1741.95,9,641,80,2011-11-03 14:17:00,2010-01-14 14:03:00,193.55,36,658,0.013677811550151976
15606.0,5230.99,17,1615,84,2011-10-09 15:47:00,2010-03-02 14:48:00,307.70529411764704,61,586,0.02901023890784983
15607.0,1708.97,9,1470,95,2011-01-07 12:44:00,2010-01-08 12:16:00,189.88555555555556,337,364,0.024725274725274724
15608.0,1785.98,5,1262,93,2011-11-11 13:20:00,2010-10-20 10:10:00,357.196,28,387,0.012919896640826873
15609.0,298.48,1,148,16,2011-06-08 13:00:00,2011-06-08 13:00:00,298.48,184,0,1.0
15610.0,112.46000000000001,1,66,6,2011-10-19 10:36:00,2011-10-19 10:36:00,112.46000000000001,52,0,1.0
15611.0,2976.28,24,745,42,2011-11-30 12:36:00,2010-01-25 14:50:00,124.01166666666667,10,673,0.03566121842496285
15612.0,195.15,2,52,4,2011-11-03 14:52:00,2011-10-09 12:49:00,97.575,36,25,0.08
15613.0,433.71999999999997,1,700,27,2010-04-08 12:51:00,2010-04-08 12:51:00,433.71999999999997,610,0,1.0
15614.0,3147.36,4,1632,73,2010-09-28 10:46:00,2010-03-23 11:13:00,786.84,438,188,0.02127659574468085
15615.0,21373.97,47,12090,292,2011-11-29 14:42:00,2009-12-02 15:28:00,454.7653191489362,10,726,0.06473829201101929
15616.0,317.11,1,137,13,2010-09-27 13:10:00,2010-09-27 13:10:00,317.11,438,0,1.0
15617.0,828.5500000000001,3,485,41,2010-11-08 16:07:00,2010-07-20 13:16:00,276.18333333333334,396,111,0.02702702702702703
15618.0,776.85,4,453,38,2011-11-07 08:34:00,2011-07-26 10:13:00,194.2125,33,103,0.038834951456310676
15619.0,336.40000000000003,1,136,3,2011-11-29 08:14:00,2011-11-29 08:14:00,336.40000000000003,11,0,1.0
15620.0,1942.36,4,1249,114,2011-10-14 12:41:00,2010-10-26 11:32:00,485.59,57,353,0.0113314447592068
15621.0,1293.03,4,501,11,2011-12-05 14:01:00,2011-11-18 11:49:00,323.2575,4,17,0.23529411764705882
15622.0,7852.61,17,4091,331,2011-10-27 16:44:00,2010-03-04 10:29:00,461.9182352941176,43,602,0.02823920265780731
15623.0,2437.05,8,1087,91,2011-07-21 17:26:00,2009-12-10 14:46:00,304.63125,141,588,0.013605442176870748
15624.0,588.13,4,357,26,2011-08-15 11:38:00,2011-03-28 13:32:00,147.0325,117,139,0.02877697841726619
15625.0,3236.4,9,3020,106,2011-08-28 10:21:00,2010-06-15 15:23:00,359.6,104,438,0.02054794520547945
15626.0,1067.52,3,1138,73,2011-09-26 10:03:00,2010-10-14 17:16:00,355.84,75,346,0.008670520231213872
15627.0,566.9,2,344,23,2010-09-08 14:14:00,2010-07-05 11:56:00,283.45,457,65,0.03076923076923077
15628.0,5333.08,17,3569,136,2011-12-05 10:24:00,2009-12-13 13:39:00,313.7105882352941,5,721,0.023578363384188627
15629.0,2240.9,4,1518,39,2010-09-15 13:46:00,2010-06-25 11:39:00,560.225,450,82,0.04878048780487805
15630.0,1481.4,3,987,76,2011-10-25 15:36:00,2010-03-05 14:30:00,493.8,45,599,0.005008347245409015
15631.0,596.67,1,525,39,2010-03-07 14:52:00,2010-03-07 14:52:00,596.67,642,0,1.0
15632.0,3285.31,8,2109,107,2011-11-24 09:51:00,2011-03-10 08:29:00,410.66375,16,259,0.03088803088803089
15633.0,4335.96,13,2048,77,2010-07-18 13:54:00,2009-12-08 17:51:00,333.5353846153846,509,221,0.058823529411764705
15634.0,554.65,2,227,34,2011-11-22 16:28:00,2010-11-21 15:30:00,277.325,17,366,0.00546448087431694
15635.0,100.35,1,5,2,2010-11-09 08:58:00,2010-11-09 08:58:00,100.35,396,0,1.0
15636.0,1444.58,4,560,39,2011-09-11 11:17:00,2010-05-19 11:37:00,361.145,90,479,0.008350730688935281
15637.0,797.59,5,651,37,2011-10-18 08:28:00,2009-12-15 17:54:00,159.518,53,671,0.007451564828614009
15638.0,2265.2,6,1134,20,2010-11-26 11:52:00,2010-04-08 14:37:00,377.5333333333333,379,231,0.025974025974025976
15639.0,1065.08,3,849,61,2011-07-28 14:30:00,2010-04-13 13:11:00,355.02666666666664,134,471,0.006369426751592357
15640.0,23459.51,29,12116,302,2011-12-05 14:35:00,2009-12-14 16:36:00,808.9486206896552,4,720,0.04027777777777778
15641.0,5345.55,12,4422,249,2011-08-26 14:04:00,2009-12-06 15:31:00,445.46250000000003,105,627,0.019138755980861243
15642.0,105.78000000000002,1,270,6,2009-12-10 11:51:00,2009-12-10 11:51:00,105.78000000000002,730,0,1.0
15643.0,664.0,3,246,31,2011-06-01 07:38:00,2011-03-02 14:34:00,221.33333333333334,192,90,0.03333333333333333
15644.0,803.54,4,550,166,2011-06-26 14:54:00,2011-03-23 15:37:00,200.885,166,94,0.0425531914893617
15645.0,1054.75,3,395,58,2011-11-21 11:55:00,2010-10-10 12:51:00,351.5833333333333,19,406,0.007389162561576354
15646.0,784.8100000000001,5,821,65,2011-07-05 09:53:00,2010-10-25 13:06:00,156.96200000000002,158,252,0.01984126984126984
15647.0,169.0,1,124,11,2010-10-20 15:09:00,2010-10-20 15:09:00,169.0,415,0,1.0
15648.0,639.5,2,218,23,2011-05-19 15:53:00,2011-03-17 18:59:00,319.75,204,62,0.03225806451612903
15649.0,1660.35,4,365,8,2011-01-07 13:34:00,2010-11-17 16:22:00,415.0875,336,50,0.08
15650.0,553.88,2,210,33,2010-07-06 10:41:00,2010-03-21 11:46:00,276.94,522,106,0.018867924528301886
15651.0,1259.06,5,871,52,2011-11-03 08:41:00,2010-04-22 13:26:00,251.81199999999998,37,559,0.008944543828264758
15652.0,1405.94,5,657,93,2011-09-09 14:22:00,2010-08-11 16:58:00,281.188,91,393,0.01272264631043257
15653.0,877.4399999999999,2,1200,4,2011-09-08 10:49:00,2011-08-16 09:50:00,438.71999999999997,93,23,0.08695652173913043
15654.0,922.53,2,475,15,2011-11-30 13:08:00,2011-11-13 15:15:00,461.265,9,16,0.125
15655.0,560.67,1,324,34,2011-04-10 15:25:00,2011-04-10 15:25:00,560.67,243,0,1.0
15656.0,748.5,4,343,46,2011-10-25 14:56:00,2011-02-28 15:32:00,187.125,45,238,0.01680672268907563
15657.0,30.0,1,24,1,2011-11-17 12:19:00,2011-11-17 12:19:00,30.0,23,0,1.0
15658.0,2117.27,8,627,79,2011-06-02 15:22:00,2009-12-03 11:19:00,264.65875,190,546,0.014652014652014652
15659.0,532.49,3,161,14,2011-10-27 09:23:00,2010-02-24 13:32:00,177.49666666666667,44,609,0.0049261083743842365
15660.0,2603.69,15,1783,73,2011-11-14 16:58:00,2010-02-05 16:01:00,173.57933333333332,25,647,0.023183925811437404
15661.0,1215.95,8,779,27,2011-01-26 13:56:00,2010-05-10 07:59:00,151.99375,317,261,0.03065134099616858
15662.0,283.73,2,145,12,2010-02-16 16:47:00,2009-12-01 13:49:00,141.865,661,77,0.025974025974025976
15663.0,138.14,1,106,9,2011-08-25 15:50:00,2011-08-25 15:50:00,138.14,106,0,1.0
15664.0,1231.53,4,524,53,2011-10-20 10:57:00,2010-02-28 12:50:00,307.8825,51,598,0.006688963210702341
15665.0,3987.07,5,2777,163,2011-06-24 14:57:00,2010-03-14 15:07:00,797.414,168,466,0.01072961373390558
15666.0,632.9399999999999,2,469,62,2010-08-24 16:14:00,2010-08-01 15:41:00,316.46999999999997,472,23,0.08695652173913043
15667.0,301.32,1,240,13,2011-10-31 10:56:00,2011-10-31 10:56:00,301.32,40,0,1.0
15668.0,76.32000000000001,1,72,1,2011-05-06 10:39:00,2011-05-06 10:39:00,76.32000000000001,218,0,1.0
15669.0,684.34,4,342,31,2011-10-30 16:03:00,2011-03-21 09:13:00,171.085,40,223,0.017937219730941704
15670.0,325.2,2,132,19,2011-02-16 10:50:00,2010-06-01 15:34:00,162.6,297,259,0.007722007722007722
15671.0,2657.13,7,1699,52,2011-11-21 12:43:00,2011-03-14 09:37:00,379.59000000000003,19,252,0.027777777777777776
15672.0,45.300000000000004,1,10,3,2009-12-14 16:52:00,2009-12-14 16:52:00,45.300000000000004,725,0,1.0
15673.0,6204.32,9,3274,177,2011-09-12 16:12:00,2010-02-22 14:28:00,689.3688888888888,88,567,0.015873015873015872
15674.0,6613.52,12,3647,261,2011-09-27 15:17:00,2009-12-08 17:08:00,551.1266666666667,73,657,0.0182648401826484
15675.0,542.04,4,624,32,2011-09-19 13:48:00,2010-10-31 14:14:00,135.51,81,322,0.012422360248447204
15676.0,3435.76,3,2252,191,2011-11-21 12:40:00,2011-03-01 10:19:00,1145.2533333333333,19,265,0.011320754716981131
15677.0,1305.63,3,675,63,2011-10-21 15:36:00,2010-09-02 12:08:00,435.21000000000004,49,414,0.007246376811594203
15678.0,1825.94,3,1022,77,2011-10-18 09:25:00,2010-07-05 12:49:00,608.6466666666666,53,469,0.006396588486140725
15679.0,781.28,4,1170,98,2011-11-15 16:19:00,2011-06-10 08:24:00,195.32,24,158,0.02531645569620253
15680.0,4028.69,10,2743,155,2011-11-30 13:46:00,2009-12-02 12:15:00,402.869,9,728,0.013736263736263736
15681.0,2989.7,14,1392,48,2011-11-14 16:30:00,2010-05-24 14:18:00,213.54999999999998,25,539,0.025974025974025976
15682.0,318.24,2,222,25,2010-04-19 15:30:00,2010-01-21 14:37:00,159.12,599,88,0.022727272727272728
15683.0,524.54,2,332,25,2011-08-14 12:56:00,2010-08-23 12:01:00,262.27,117,356,0.0056179775280898875
15684.0,173.95,3,77,9,2010-06-10 18:51:00,2009-12-04 16:13:00,57.98333333333333,547,188,0.015957446808510637
15685.0,55.980000000000004,1,36,17,2010-09-15 13:43:00,2010-09-15 13:43:00,55.980000000000004,450,0,1.0
15686.0,90.0,1,72,1,2010-10-15 13:50:00,2010-10-15 13:50:00,90.0,420,0,1.0
15687.0,2993.1,9,1310,119,2011-12-01 08:33:00,2011-01-13 15:13:00,332.56666666666666,9,321,0.028037383177570093
15688.0,190.57,1,95,26,2010-10-17 12:06:00,2010-10-17 12:06:00,190.57,419,0,1.0
15689.0,521.03,3,207,20,2011-08-12 09:37:00,2010-04-01 09:53:00,173.67666666666665,120,497,0.006036217303822937
15690.0,239.76,2,408,19,2011-12-05 15:59:00,2011-08-31 11:40:00,119.88,4,96,0.020833333333333332
15691.0,571.3,4,212,12,2011-04-01 15:13:00,2009-12-06 16:01:00,142.825,252,480,0.008333333333333333
15692.0,191.04,1,138,12,2011-11-11 14:12:00,2011-11-11 14:12:00,191.04,28,0,1.0
15693.0,37.5,1,30,1,2010-02-18 14:37:00,2010-02-18 14:37:00,37.5,659,0,1.0
15694.0,9963.48,23,2466,54,2011-12-09 09:44:00,2009-12-07 15:43:00,433.1947826086956,1,731,0.03146374829001368
15695.0,1131.04,4,484,55,2011-03-18 08:32:00,2010-01-27 10:56:00,282.76,267,414,0.00966183574879227
15696.0,3881.2200000000003,13,1386,163,2011-11-06 14:02:00,2010-01-24 14:36:00,298.55538461538464,33,650,0.02
15697.0,246.75,1,127,14,2010-01-19 09:10:00,2010-01-19 09:10:00,246.75,690,0,1.0
15698.0,46.2,1,60,2,2010-03-25 17:38:00,2010-03-25 17:38:00,46.2,624,0,1.0
15699.0,309.65,1,113,18,2011-11-22 08:26:00,2011-11-22 08:26:00,309.65,18,0,1.0
15700.0,696.68,2,357,85,2011-06-20 16:53:00,2011-06-19 15:36:00,348.34,172,1,2.0
15701.0,1529.0,4,912,193,2011-12-07 14:39:00,2011-08-21 12:36:00,382.25,2,108,0.037037037037037035
15702.0,140.39000000000001,2,103,30,2010-08-20 14:50:00,2010-01-26 17:23:00,70.19500000000001,476,205,0.00975609756097561
15703.0,211.5,1,66,5,2011-03-20 10:51:00,2011-03-20 10:51:00,211.5,265,0,1.0
15704.0,3734.6600000000003,6,1709,129,2011-07-22 13:35:00,2010-05-05 14:51:00,622.4433333333334,140,442,0.013574660633484163
15705.0,143.1,1,62,6,2011-05-22 15:37:00,2011-05-22 15:37:00,143.1,201,0,1.0
15706.0,1060.56,4,321,50,2011-10-07 10:09:00,2011-08-15 14:32:00,265.14,64,52,0.07692307692307693
15707.0,916.98,4,594,126,2011-11-04 14:35:00,2011-09-14 14:19:00,229.245,35,51,0.0784313725490196
15708.0,3887.15,9,1465,135,2011-10-30 10:54:00,2010-10-10 11:33:00,431.90555555555557,41,384,0.0234375
15709.0,327.85,2,169,26,2011-03-01 10:38:00,2010-04-29 18:31:00,163.925,284,305,0.006557377049180328
15710.0,898.87,1,641,110,2010-10-18 17:05:00,2010-10-18 17:05:00,898.87,417,0,1.0
15711.0,420.25,2,199,25,2010-06-01 12:14:00,2010-01-24 12:13:00,210.125,557,128,0.015625
15712.0,3472.4100000000003,12,1277,86,2011-11-30 14:09:00,2009-12-01 11:17:00,289.3675,9,729,0.01646090534979424
15713.0,839.64,4,451,48,2011-07-19 13:34:00,2009-12-16 09:41:00,209.91,143,580,0.006896551724137931
15714.0,783.96,5,361,45,2011-11-28 11:26:00,2010-06-02 12:08:00,156.792,12,543,0.009208103130755065
15715.0,658.02,5,246,33,2010-06-02 09:56:00,2010-03-30 12:17:00,131.60399999999998,556,63,0.07936507936507936
15716.0,2482.7400000000002,11,1373,187,2011-07-17 11:59:00,2009-12-07 12:42:00,225.70363636363638,146,586,0.01877133105802048
15717.0,607.0,5,224,17,2011-04-19 13:21:00,2010-04-26 10:41:00,121.4,234,358,0.013966480446927373
15718.0,293.79,1,95,18,2010-06-17 16:20:00,2010-06-17 16:20:00,293.79,540,0,1.0
15719.0,10194.32,31,5355,448,2011-11-07 12:29:00,2009-12-01 12:47:00,328.8490322580645,33,705,0.04397163120567376
15720.0,739.22,2,327,152,2011-11-15 14:48:00,2010-06-07 15:40:00,369.61,24,525,0.0038095238095238095
15721.0,471.40000000000003,1,388,80,2011-11-28 12:14:00,2011-11-28 12:14:00,471.40000000000003,12,0,1.0
15722.0,5234.0,11,2279,91,2011-11-04 11:43:00,2010-03-09 15:05:00,475.8181818181818,36,604,0.018211920529801324
15723.0,930.7,4,427,108,2010-12-10 11:12:00,2010-05-14 12:55:00,232.675,365,209,0.019138755980861243
15724.0,310.85,3,117,17,2011-05-22 14:40:00,2010-11-04 10:22:00,103.61666666666667,201,199,0.01507537688442211
15725.0,415.25,1,221,32,2011-11-24 14:51:00,2011-11-24 14:51:00,415.25,15,0,1.0
15726.0,321.91,1,123,23,2010-11-14 16:12:00,2010-11-14 16:12:00,321.91,390,0,1.0
15727.0,9371.71,15,5908,426,2011-11-23 12:36:00,2010-01-24 12:12:00,624.7806666666667,17,668,0.02245508982035928
15728.0,544.6,2,132,10,2010-11-25 10:39:00,2010-09-21 14:46:00,272.3,380,64,0.03125
15729.0,192.55,3,47,10,2011-05-11 12:36:00,2010-11-01 13:44:00,64.18333333333334,213,190,0.015789473684210527
15730.0,1726.58,5,1061,102,2011-10-05 12:31:00,2010-10-04 14:15:00,345.316,66,365,0.0136986301369863
15731.0,125.3,1,122,8,2010-06-04 10:10:00,2010-06-04 10:10:00,125.3,554,0,1.0
15732.0,1543.97,10,1264,53,2011-05-11 14:24:00,2010-02-04 10:10:00,154.397,212,461,0.021691973969631236
15733.0,162.3,1,62,10,2011-03-02 09:05:00,2011-03-02 09:05:00,162.3,283,0,1.0
15734.0,2263.3,4,516,36,2011-08-17 10:50:00,2010-06-10 14:25:00,565.825,115,432,0.009259259259259259
15735.0,327.68,1,206,19,2010-10-14 13:38:00,2010-10-14 13:38:00,327.68,421,0,1.0
15736.0,1767.12,2,1208,95,2010-09-30 14:20:00,2010-09-30 14:19:00,883.56,435,0,2.0
15737.0,1188.1200000000001,8,597,60,2011-11-25 11:21:00,2011-04-11 10:01:00,148.51500000000001,15,228,0.03508771929824561
15738.0,13043.32,41,9030,70,2011-11-21 08:26:00,2009-12-10 15:52:00,318.12975609756097,19,710,0.057746478873239436
15739.0,449.12,1,472,8,2011-10-04 13:42:00,2011-10-04 13:42:00,449.12,66,0,1.0
15740.0,154.88,1,152,9,2011-10-21 14:29:00,2011-10-21 14:29:00,154.88,49,0,1.0
15741.0,208.62,2,70,11,2010-09-07 16:21:00,2010-03-31 11:55:00,104.31,458,160,0.0125
15742.0,156.87,1,51,41,2010-03-30 15:25:00,2010-03-30 15:25:00,156.87,619,0,1.0
15743.0,775.96,4,214,59,2011-11-23 17:19:00,2011-06-08 10:14:00,193.99,16,168,0.023809523809523808
15744.0,34.8,1,120,3,2011-09-23 09:52:00,2011-09-23 09:52:00,34.8,78,0,1.0
15745.0,1094.59,4,421,57,2011-11-20 13:45:00,2011-04-17 13:04:00,273.6475,19,217,0.018433179723502304
15746.0,196.88,1,178,28,2011-07-28 15:21:00,2011-07-28 15:21:00,196.88,134,0,1.0
15747.0,2499.81,9,1344,116,2011-11-27 12:26:00,2010-01-18 11:21:00,277.75666666666666,13,678,0.01327433628318584
15748.0,609.8100000000001,3,261,34,2011-10-30 12:51:00,2010-09-16 16:52:00,203.27,40,408,0.007352941176470588
15749.0,44534.3,3,18028,5,2011-04-18 13:20:00,2011-01-11 12:55:00,14844.766666666668,235,97,0.030927835051546393
15750.0,6452.99,18,4280,388,2011-12-07 12:34:00,2009-12-01 17:19:00,358.4994444444444,3,735,0.024489795918367346
15751.0,1380.44,11,443,90,2010-09-05 12:44:00,2009-12-06 13:08:00,125.49454545454546,461,272,0.04044117647058824
15752.0,3924.91,9,2792,359,2011-10-31 11:37:00,2010-09-08 11:56:00,436.1011111111111,40,417,0.02158273381294964
15753.0,79.2,1,144,1,2011-02-08 12:41:00,2011-02-08 12:41:00,79.2,305,0,1.0
15754.0,3037.61,9,1762,114,2011-10-19 14:40:00,2010-02-22 13:31:00,337.51222222222225,51,604,0.014900662251655629
15755.0,5993.12,17,4034,281,2011-11-29 14:57:00,2009-12-04 08:24:00,352.53647058823526,10,725,0.023448275862068966
15756.0,528.01,4,241,160,2011-10-09 13:30:00,2011-04-04 14:00:00,132.0025,61,187,0.0213903743315508
15757.0,2940.36,6,1757,162,2011-10-05 12:14:00,2010-06-10 13:47:00,490.06,66,481,0.012474012474012475
15758.0,205.25,1,47,9,2011-11-15 10:48:00,2011-11-15 10:48:00,205.25,25,0,1.0
15759.0,830.9300000000001,7,523,10,2011-05-05 15:13:00,2009-12-02 10:08:00,118.70428571428572,218,519,0.01348747591522158
15761.0,143.05,1,31,5,2010-09-23 09:33:00,2010-09-23 09:33:00,143.05,443,0,1.0
15762.0,583.75,2,251,37,2011-10-05 16:15:00,2011-09-23 15:17:00,291.875,65,12,0.16666666666666666
15763.0,1086.92,2,271,58,2011-11-08 09:44:00,2011-09-23 12:10:00,543.46,32,45,0.044444444444444446
15764.0,4503.08,8,2945,187,2011-09-12 17:58:00,2010-08-18 13:58:00,562.885,88,390,0.020512820512820513
15765.0,370.63,1,335,25,2010-02-11 10:25:00,2010-02-11 10:25:00,370.63,667,0,1.0
15766.0,831.06,3,334,21,2011-10-06 17:03:00,2010-01-26 15:55:00,277.02,64,618,0.0048543689320388345
15768.0,15308.89,34,4215,437,2011-08-16 10:48:00,2009-12-03 12:10:00,450.2614705882353,116,620,0.054838709677419356
15769.0,88612.52,46,49068,26,2011-12-02 13:52:00,2009-12-11 09:58:00,1926.3591304347826,7,721,0.0638002773925104
15770.0,321.45,1,67,18,2010-04-06 11:47:00,2010-04-06 11:47:00,321.45,613,0,1.0
15771.0,1006.54,3,512,26,2010-04-14 13:56:00,2010-01-15 12:14:00,335.5133333333333,604,89,0.033707865168539325
15772.0,280.88,1,110,16,2010-10-17 13:33:00,2010-10-17 13:33:00,280.88,418,0,1.0
15773.0,774.52,2,410,46,2011-12-04 12:48:00,2010-10-26 15:27:00,387.26,6,403,0.004962779156327543
15774.0,1287.09,6,464,87,2011-10-02 12:04:00,2010-02-21 12:57:00,214.515,69,587,0.010221465076660987
15775.0,150.5,2,260,9,2011-04-08 12:56:00,2010-03-18 07:32:00,75.25,245,386,0.0051813471502590676
15776.0,241.62,1,138,18,2011-07-29 13:46:00,2011-07-29 13:46:00,241.62,133,0,1.0
15777.0,1762.61,7,599,29,2011-04-12 16:43:00,2010-05-20 10:37:00,251.80142857142854,241,327,0.021406727828746176
15778.0,307.95,1,101,17,2010-10-04 15:10:00,2010-10-04 15:10:00,307.95,431,0,1.0
15779.0,124.08000000000001,2,20,8,2010-09-02 16:40:00,2010-06-25 15:55:00,62.040000000000006,463,69,0.028985507246376812
15780.0,475.28000000000003,3,220,26,2011-06-09 12:01:00,2010-12-17 11:43:00,158.42666666666668,184,174,0.017241379310344827
15781.0,345.46,3,180,20,2011-11-14 14:57:00,2011-02-07 09:15:00,115.15333333333332,25,280,0.010714285714285714
15782.0,4014.1,4,1844,51,2011-11-30 10:49:00,2010-10-05 15:43:00,1003.525,10,420,0.009523809523809525
15783.0,246.3,1,212,14,2011-11-29 09:50:00,2011-11-29 09:50:00,246.3,11,0,1.0
15784.0,848.3299999999999,2,381,33,2010-08-29 10:38:00,2010-02-05 14:42:00,424.16499999999996,468,204,0.00980392156862745
15785.0,5969.93,16,4479,102,2011-11-07 11:33:00,2009-12-15 16:28:00,373.120625,33,691,0.023154848046309694
15786.0,8501.62,5,5957,358,2011-10-24 14:13:00,2010-06-21 10:13:00,1700.324,46,490,0.01020408163265306
15787.0,933.26,3,534,156,2011-11-13 14:55:00,2011-10-09 13:11:00,311.08666666666664,26,35,0.08571428571428572
15788.0,221.82999999999998,1,115,14,2010-07-19 12:48:00,2010-07-19 12:48:00,221.82999999999998,509,0,1.0
15789.0,1962.01,6,2499,110,2010-12-16 14:35:00,2010-03-26 11:21:00,327.00166666666667,358,265,0.022641509433962263
15790.0,218.75,1,113,34,2011-11-29 14:53:00,2011-11-29 14:53:00,218.75,10,0,1.0
15791.0,3608.34,5,1970,121,2011-10-27 10:14:00,2010-03-08 09:41:00,721.668,44,598,0.008361204013377926
15792.0,933.84,2,606,57,2010-11-05 08:21:00,2010-03-31 09:42:00,466.92,400,218,0.009174311926605505
15793.0,2399.57,8,1685,12,2011-11-25 09:31:00,2009-12-01 12:54:00,299.94625,15,723,0.011065006915629323
15794.0,777.0,2,288,15,2009-12-03 13:04:00,2009-12-02 15:10:00,388.5,736,0,2.0
15795.0,1979.8700000000001,8,1411,111,2011-07-13 10:43:00,2010-01-18 11:31:00,247.48375000000001,150,540,0.014814814814814815
15796.0,5170.63,17,1732,137,2011-12-08 19:55:00,2010-03-31 13:10:00,304.15470588235297,1,617,0.027552674230145867
15797.0,2806.08,5,1280,11,2011-08-18 17:04:00,2010-01-27 13:12:00,561.216,113,568,0.008802816901408451
15798.0,1535.37,3,915,73,2010-08-04 09:13:00,2010-01-27 11:55:00,511.78999999999996,493,188,0.015957446808510637
15799.0,1421.34,4,1341,143,2011-09-25 12:46:00,2010-10-17 14:26:00,355.335,76,342,0.011695906432748537
15800.0,1227.07,7,575,198,2011-08-24 14:23:00,2010-03-31 13:17:00,175.29571428571427,107,511,0.0136986301369863
15801.0,1063.95,3,570,61,2011-10-24 13:52:00,2011-08-22 09:53:00,354.65000000000003,46,63,0.047619047619047616
15803.0,1929.66,4,1030,48,2011-10-19 14:56:00,2010-02-01 16:29:00,482.415,51,624,0.00641025641025641
15804.0,4206.39,13,2565,170,2011-12-09 12:31:00,2011-05-25 10:12:00,323.5684615384616,1,198,0.06565656565656566
15805.0,10148.93,30,6205,337,2011-11-16 16:32:00,2009-12-10 12:57:00,338.29766666666666,23,706,0.042492917847025496
15806.0,784.58,3,602,24,2011-10-24 14:35:00,2011-03-08 09:24:00,261.5266666666667,46,230,0.013043478260869565
15807.0,1817.52,5,1532,85,2011-10-20 14:10:00,2010-02-11 15:32:00,363.504,50,615,0.008130081300813009
15808.0,17180.25,21,6753,348,2011-02-06 14:33:00,2009-12-01 16:30:00,818.1071428571429,306,431,0.048723897911832945
15809.0,1274.44,7,700,51,2011-11-03 16:40:00,2010-06-22 14:23:00,182.06285714285715,36,499,0.014028056112224449
15810.0,2999.04,8,1653,89,2011-09-22 09:38:00,2010-02-04 18:18:00,374.88,79,594,0.013468013468013467
15811.0,3392.55,7,1733,204,2011-11-17 15:31:00,2010-11-16 16:46:00,484.65000000000003,22,365,0.019178082191780823
15812.0,5201.47,12,3450,87,2011-08-24 14:19:00,2009-12-15 13:40:00,433.4558333333334,107,617,0.019448946515397084
15813.0,1303.9099999999999,2,603,40,2011-05-16 08:13:00,2011-04-14 09:09:00,651.9549999999999,208,31,0.06451612903225806
15814.0,2634.44,6,1728,83,2011-11-23 08:17:00,2010-04-15 14:31:00,439.0733333333333,17,586,0.010238907849829351
15815.0,2100.6,5,1856,33,2011-10-07 12:42:00,2011-03-25 08:43:00,420.12,64,196,0.025510204081632654
15816.0,144.14999999999998,2,54,11,2010-06-15 13:36:00,2010-06-15 12:54:00,72.07499999999999,542,0,2.0
15817.0,2766.4,3,1596,133,2010-10-15 11:07:00,2010-06-14 13:31:00,922.1333333333333,421,122,0.02459016393442623
15818.0,340.5,1,284,11,2010-04-30 12:58:00,2010-04-30 12:58:00,340.5,588,0,1.0
15819.0,3934.79,10,2928,182,2011-10-21 14:50:00,2010-03-18 11:08:00,393.479,49,582,0.01718213058419244
15820.0,206.98,1,128,17,2011-01-24 12:00:00,2011-01-24 12:00:00,206.98,320,0,1.0
15821.0,570.96,2,202,57,2011-10-26 15:48:00,2011-10-09 13:28:00,285.48,44,17,0.11764705882352941
15822.0,1840.06,6,950,46,2011-12-06 14:50:00,2009-12-06 15:12:00,306.6766666666667,3,729,0.00823045267489712
15823.0,3867.17,2,1773,154,2009-12-10 18:03:00,2009-12-08 15:12:00,1933.585,729,2,1.0
15824.0,890.94,2,478,24,2010-09-12 13:20:00,2010-06-25 15:10:00,445.47,453,78,0.02564102564102564
15825.0,532.94,1,220,20,2011-06-20 13:27:00,2011-06-20 13:27:00,532.94,172,0,1.0
15826.0,2598.28,4,1824,100,2011-10-14 16:05:00,2010-05-20 17:00:00,649.57,56,511,0.007827788649706457
15827.0,3603.14,28,1715,124,2011-09-27 15:35:00,2010-01-08 11:25:00,128.6835714285714,73,627,0.044657097288676235
15828.0,1108.82,1,367,74,2010-11-29 16:41:00,2010-11-29 16:41:00,1108.82,375,0,1.0
15829.0,636.14,2,996,44,2011-09-01 16:45:00,2011-07-22 10:23:00,318.07,99,41,0.04878048780487805
15830.0,576.0,1,415,39,2011-11-02 10:40:00,2011-11-02 10:40:00,576.0,38,0,1.0
15831.0,794.64,3,1092,63,2011-10-12 13:14:00,2011-01-19 14:52:00,264.88,58,265,0.011320754716981131
15832.0,836.79,1,465,54,2011-03-30 15:29:00,2011-03-30 15:29:00,836.79,254,0,1.0
15833.0,80.4,1,24,5,2009-12-02 11:59:00,2009-12-02 11:59:00,80.4,738,0,1.0
15834.0,3761.89,7,1813,332,2011-09-30 14:41:00,2010-10-11 14:05:00,537.4128571428571,70,354,0.01977401129943503
15835.0,954.09,4,439,47,2011-10-26 15:47:00,2011-01-13 10:35:00,238.5225,44,286,0.013986013986013986
15836.0,137.37,1,26,10,2011-10-20 17:13:00,2011-10-20 17:13:00,137.37,50,0,1.0
15837.0,777.01,2,405,52,2011-10-06 09:01:00,2010-08-11 10:16:00,388.505,65,420,0.004761904761904762
15838.0,73205.5,34,64114,61,2011-11-28 14:00:00,2009-12-15 09:51:00,2153.1029411764707,11,713,0.047685834502103785
15839.0,1048.49,3,675,56,2011-11-06 13:54:00,2011-07-14 16:35:00,349.49666666666667,33,114,0.02631578947368421
15840.0,355.56,2,396,26,2011-10-12 09:08:00,2011-06-20 11:42:00,177.78,59,113,0.017699115044247787
15841.0,2742.41,9,2391,60,2011-09-28 12:15:00,2009-12-10 08:29:00,304.7122222222222,73,657,0.0136986301369863
15842.0,548.8,2,296,24,2010-11-11 14:08:00,2010-06-30 09:06:00,274.4,393,134,0.014925373134328358
15843.0,118.95000000000002,1,27,8,2011-02-09 10:19:00,2011-02-09 10:19:00,118.95000000000002,304,0,1.0
15844.0,130.73999999999998,1,134,11,2011-10-24 15:19:00,2011-10-24 15:19:00,130.73999999999998,46,0,1.0
15845.0,4426.28,11,2128,129,2011-11-22 09:42:00,2010-01-26 14:44:00,402.3890909090909,18,664,0.016566265060240965
15846.0,107.01,1,79,27,2010-11-19 14:40:00,2010-11-19 14:40:00,107.01,385,0,1.0
15847.0,822.57,5,643,39,2011-11-01 14:41:00,2010-03-08 08:47:00,164.514,38,603,0.008291873963515755
15848.0,137.99,1,45,34,2010-03-28 10:54:00,2010-03-28 10:54:00,137.99,622,0,1.0
15850.0,1006.75,6,1334,269,2011-11-20 14:14:00,2009-12-13 13:27:00,167.79166666666666,19,707,0.008486562942008486
15851.0,109.73,1,67,8,2010-07-01 12:34:00,2010-07-01 12:34:00,109.73,527,0,1.0
15852.0,257.26,3,60,31,2011-06-06 11:22:00,2010-07-01 10:16:00,85.75333333333333,187,340,0.008823529411764706
15853.0,110.8,1,135,29,2011-10-19 10:38:00,2011-10-19 10:38:00,110.8,52,0,1.0
15854.0,5578.28,21,1691,168,2011-12-05 13:39:00,2009-12-10 12:08:00,265.6323809523809,4,725,0.028965517241379312
15855.0,1052.72,6,712,72,2011-07-26 10:20:00,2010-08-20 17:15:00,175.45333333333335,137,339,0.017699115044247787
15856.0,32274.69,52,19547,383,2011-12-05 17:09:00,2009-12-03 14:02:00,620.6671153846154,4,732,0.07103825136612021
15857.0,570.48,2,584,21,2011-11-21 12:18:00,2010-10-05 16:43:00,285.24,19,411,0.004866180048661801
15858.0,3552.41,13,2715,273,2011-11-24 12:48:00,2009-12-10 11:42:00,273.2623076923077,16,714,0.018207282913165267
15859.0,438.46,1,174,22,2010-10-03 12:52:00,2010-10-03 12:52:00,438.46,432,0,1.0
15860.0,2358.8,17,1258,248,2011-10-30 11:25:00,2009-12-06 12:31:00,138.75294117647059,41,692,0.024566473988439308
15861.0,4360.9,12,3833,451,2011-11-27 15:59:00,2010-01-28 19:41:00,363.4083333333333,12,667,0.017991004497751123
15862.0,2507.14,13,1515,416,2011-12-01 13:28:00,2009-12-17 11:33:00,192.85692307692307,8,714,0.018207282913165267
15863.0,355.1,5,162,74,2011-11-14 12:49:00,2009-12-17 10:20:00,71.02000000000001,26,697,0.007173601147776184
15864.0,2180.76,7,1486,18,2011-11-17 13:32:00,2010-11-23 15:02:00,311.5371428571429,22,358,0.019553072625698324
15865.0,2241.42,5,1141,119,2011-10-30 12:43:00,2010-01-05 13:58:00,448.284,41,662,0.0075528700906344415
15866.0,211.89,1,124,43,2011-08-30 14:09:00,2011-08-30 14:09:00,211.89,101,0,1.0
15867.0,8869.87,31,4969,546,2011-12-04 13:32:00,2009-12-14 15:16:00,286.1248387096774,5,719,0.043115438108484005
15868.0,94.53,1,57,4,2010-05-05 14:11:00,2010-05-05 14:11:00,94.53,583,0,1.0
15869.0,321.11,3,273,29,2011-03-07 17:23:00,2010-03-23 16:50:00,107.03666666666668,277,349,0.008595988538681949
15870.0,857.46,4,504,127,2011-11-07 10:58:00,2010-09-19 16:22:00,214.365,33,413,0.009685230024213076
15871.0,33.099999999999994,1,5,5,2010-09-28 14:16:00,2010-09-28 14:16:00,33.099999999999994,437,0,1.0
15872.0,729.25,4,467,164,2011-11-25 11:55:00,2010-06-07 14:53:00,182.3125,15,535,0.007476635514018692
15873.0,313.91999999999996,4,1152,3,2010-07-28 12:41:00,2010-07-27 11:58:00,78.47999999999999,500,1,4.0
15874.0,11284.76,21,5102,262,2011-10-07 12:31:00,2010-01-07 13:56:00,537.3695238095238,64,637,0.03296703296703297
15875.0,108.52,1,74,18,2010-03-03 16:51:00,2010-03-03 16:51:00,108.52,646,0,1.0
15876.0,1449.1399999999999,2,886,11,2010-10-26 18:58:00,2010-09-17 15:26:00,724.5699999999999,409,39,0.05128205128205128
15877.0,490.33,2,368,122,2011-12-08 11:53:00,2011-11-22 11:18:00,245.165,2,16,0.125
15878.0,330.77,2,243,47,2010-05-27 12:17:00,2009-12-06 12:28:00,165.385,562,171,0.011695906432748537
15879.0,1137.8,4,639,171,2010-10-31 16:21:00,2009-12-17 19:54:00,284.45,404,317,0.012618296529968454
15880.0,329.03000000000003,1,202,95,2010-12-05 13:00:00,2010-12-05 13:00:00,329.03000000000003,369,0,1.0
15881.0,501.39000000000004,5,260,26,2011-01-31 16:59:00,2010-12-10 13:32:00,100.278,312,52,0.09615384615384616
15882.0,1122.38,8,638,48,2011-05-25 11:35:00,2009-12-10 15:33:00,140.2975,199,530,0.01509433962264151
15883.0,396.48,2,223,42,2011-12-07 17:05:00,2011-11-06 14:50:00,198.24,2,31,0.06451612903225806
15884.0,244.60000000000002,2,152,14,2010-10-03 15:55:00,2009-12-03 18:23:00,122.30000000000001,432,303,0.006600660066006601
15885.0,1921.82,13,620,81,2011-09-07 14:56:00,2010-01-21 12:47:00,147.8323076923077,93,594,0.021885521885521887
15886.0,1052.8700000000001,4,667,58,2011-10-10 14:25:00,2010-04-20 15:03:00,263.21750000000003,60,537,0.0074487895716946
15887.0,1027.15,3,605,27,2010-10-29 08:36:00,2010-06-02 11:53:00,342.3833333333334,407,148,0.02027027027027027
15888.0,423.49,3,130,32,2011-09-20 12:30:00,2010-07-01 11:51:00,141.16333333333333,81,446,0.006726457399103139
15889.0,1407.05,8,793,255,2011-07-06 11:10:00,2009-12-10 12:21:00,175.88125,157,572,0.013986013986013986
15890.0,535.65,5,119,10,2010-11-10 12:46:00,2010-04-14 08:43:00,107.13,395,210,0.023809523809523808
15891.0,509.13,1,417,59,2011-04-27 12:35:00,2011-04-27 12:35:00,509.13,227,0,1.0
15892.0,128.2,1,46,38,2010-02-08 16:23:00,2010-02-08 16:23:00,128.2,669,0,1.0
15893.0,305.28000000000003,1,288,1,2010-08-15 11:12:00,2010-08-15 11:12:00,305.28000000000003,482,0,1.0
15894.0,257.6,2,163,34,2011-03-31 13:50:00,2010-12-05 14:06:00,128.8,253,115,0.017391304347826087
15895.0,179.17,1,94,11,2011-07-13 10:27:00,2011-07-13 10:27:00,179.17,150,0,1.0
15897.0,208.59,2,223,17,2011-05-29 13:50:00,2011-05-29 13:32:00,104.295,194,0,2.0
15898.0,4992.7,25,2157,280,2011-12-08 15:23:00,2009-12-11 16:11:00,199.708,1,726,0.03443526170798898
15899.0,56.25,1,39,4,2010-12-06 10:36:00,2010-12-06 10:36:00,56.25,369,0,1.0
15900.0,886.5699999999999,4,656,100,2011-11-16 12:19:00,2010-05-26 11:27:00,221.64249999999998,24,539,0.0074211502782931356
15901.0,667.89,6,686,144,2011-11-23 12:43:00,2010-06-14 12:39:00,111.315,17,527,0.011385199240986717
15902.0,145.01,1,124,18,2010-11-24 16:57:00,2010-11-24 16:57:00,145.01,380,0,1.0
15903.0,8939.84,12,3926,58,2011-11-30 08:08:00,2010-01-14 10:57:00,744.9866666666667,10,684,0.017543859649122806
15904.0,164.68,1,84,30,2011-12-01 14:50:00,2011-12-01 14:50:00,164.68,8,0,1.0
15905.0,114.69,1,82,22,2010-06-14 16:00:00,2010-06-14 16:00:00,114.69,543,0,1.0
15906.0,2530.19,10,749,143,2011-11-20 12:24:00,2010-09-15 12:17:00,253.019,20,431,0.02320185614849188
15907.0,881.87,3,477,174,2011-12-06 12:21:00,2011-05-13 13:01:00,293.95666666666665,4,206,0.014563106796116505
15908.0,758.62,2,173,37,2010-08-06 11:56:00,2010-07-15 19:21:00,379.31,491,21,0.09523809523809523
15909.0,191.94,1,98,7,2011-06-19 10:38:00,2011-06-19 10:38:00,191.94,174,0,1.0
15910.0,2661.17,15,2158,394,2011-12-09 10:51:00,2010-01-21 11:51:00,177.41133333333335,1,686,0.021865889212827987
15911.0,1683.79,8,784,161,2010-03-26 12:06:00,2009-12-09 13:26:00,210.47375,624,106,0.07547169811320754
15912.0,1074.7,9,759,83,2011-06-14 14:29:00,2009-12-10 12:58:00,119.41111111111111,178,551,0.016333938294010888
15913.0,6.300000000000001,1,3,1,2010-06-23 16:31:00,2010-06-23 16:31:00,6.300000000000001,534,0,1.0
15914.0,205.99,2,149,13,2010-11-26 16:10:00,2010-11-26 16:09:00,102.995,378,0,2.0
15915.0,364.24,1,413,104,2010-11-03 11:13:00,2010-11-03 11:13:00,364.24,402,0,1.0
15916.0,3145.2400000000002,13,1618,227,2011-11-23 13:46:00,2009-12-10 16:21:00,241.94153846153847,16,712,0.018258426966292134
15917.0,530.17,5,248,127,2011-04-06 10:40:00,2009-12-02 14:55:00,106.03399999999999,248,489,0.010224948875255624
15918.0,582.88,3,240,49,2011-06-02 11:42:00,2010-03-18 11:40:00,194.29333333333332,191,441,0.006802721088435374
15919.0,525.69,2,385,103,2011-11-20 11:28:00,2010-12-06 11:26:00,262.845,20,349,0.0057306590257879654
15920.0,565.19,8,233,92,2011-07-08 15:25:00,2009-12-14 13:09:00,70.64875,154,571,0.014010507880910683
15921.0,765.61,4,333,68,2011-06-20 11:03:00,2010-03-09 11:03:00,191.4025,173,468,0.008547008547008548
15922.0,369.5,1,138,11,2010-12-01 13:51:00,2010-12-01 13:51:00,369.5,373,0,1.0
15923.0,127.08,1,122,21,2010-12-02 12:16:00,2010-12-02 12:16:00,127.08,373,0,1.0
15924.0,102.82,1,103,14,2009-12-08 15:00:00,2009-12-08 15:00:00,102.82,731,0,1.0
15925.0,207.15,1,93,12,2011-05-29 15:35:00,2011-05-29 15:35:00,207.15,194,0,1.0
15926.0,134.44,1,155,7,2010-06-15 15:23:00,2010-06-15 15:23:00,134.44,542,0,1.0
15927.0,106.54,1,66,13,2010-03-02 13:25:00,2010-03-02 13:25:00,106.54,647,0,1.0
15928.0,293.53,1,164,11,2010-02-21 15:16:00,2010-02-21 15:16:00,293.53,656,0,1.0
15929.0,594.0,1,120,1,2010-03-05 14:56:00,2010-03-05 14:56:00,594.0,644,0,1.0
15930.0,426.63,1,139,21,2011-10-03 14:52:00,2011-10-03 14:52:00,426.63,67,0,1.0
15931.0,239.9,1,118,14,2010-10-07 16:46:00,2010-10-07 16:46:00,239.9,428,0,1.0
15932.0,2495.87,8,2325,93,2011-12-05 17:13:00,2011-02-23 14:50:00,311.98375,4,285,0.028070175438596492
15933.0,1107.46,3,885,63,2011-11-18 13:14:00,2011-09-14 12:05:00,369.15333333333336,21,65,0.046153846153846156
15934.0,2190.66,2,2166,29,2010-10-18 10:13:00,2010-10-06 12:08:00,1095.33,418,11,0.18181818181818182
15935.0,108.03999999999999,1,114,11,2011-04-14 13:27:00,2011-04-14 13:27:00,108.03999999999999,239,0,1.0
15936.0,282.79,2,211,16,2010-11-25 16:39:00,2010-08-29 11:42:00,141.395,379,88,0.022727272727272728
15937.0,145.35,1,73,7,2011-10-06 15:48:00,2011-10-06 15:48:00,145.35,64,0,1.0
15938.0,734.81,9,449,27,2011-08-19 12:56:00,2010-06-01 09:42:00,81.64555555555555,112,444,0.02027027027027027
15939.0,9004.84,15,6227,50,2011-09-11 11:30:00,2010-11-30 12:07:00,600.3226666666667,90,284,0.0528169014084507
15940.0,35.8,1,4,1,2011-02-01 16:18:00,2011-02-01 16:18:00,35.8,311,0,1.0
15941.0,405.0,1,60,6,2010-03-12 14:45:00,2010-03-12 14:45:00,405.0,637,0,1.0
15942.0,337.44,1,232,14,2011-07-29 09:01:00,2011-07-29 09:01:00,337.44,134,0,1.0
15943.0,271.28999999999996,2,183,12,2010-02-28 12:49:00,2010-01-31 11:04:00,135.64499999999998,650,28,0.07142857142857142
15944.0,2164.24,4,859,25,2011-03-08 10:33:00,2009-12-13 12:57:00,541.06,277,449,0.008908685968819599
15945.0,646.27,4,345,24,2010-12-09 13:14:00,2009-12-01 13:47:00,161.5675,365,372,0.010752688172043012
15946.0,2304.18,3,1614,25,2010-07-25 12:18:00,2010-03-16 10:49:00,768.06,503,131,0.022900763358778626
15947.0,1708.24,1,898,29,2011-09-18 10:46:00,2011-09-18 10:46:00,1708.24,83,0,1.0
15948.0,1509.0900000000001,3,852,63,2011-12-01 15:32:00,2010-10-11 12:16:00,503.03000000000003,8,416,0.007211538461538462
15949.0,364.72,2,284,12,2011-11-23 09:09:00,2011-09-29 17:34:00,182.36,17,54,0.037037037037037035
15950.0,7120.91,10,3354,225,2011-11-08 11:09:00,2010-01-26 11:39:00,712.091,32,650,0.015384615384615385
15951.0,1013.17,3,420,44,2011-12-01 08:34:00,2010-11-23 18:20:00,337.7233333333333,9,372,0.008064516129032258
15952.0,781.91,4,391,65,2011-11-06 11:18:00,2011-04-28 12:55:00,195.4775,34,191,0.020942408376963352
15953.0,3440.3399999999997,18,1741,102,2011-11-24 15:32:00,2009-12-03 14:00:00,191.13,15,721,0.024965325936199722
15954.0,187.8,1,118,19,2010-04-29 13:35:00,2010-04-29 13:35:00,187.8,589,0,1.0
15955.0,8085.9800000000005,22,3967,222,2011-11-15 14:15:00,2010-02-23 16:36:00,367.54454545454547,24,629,0.034976152623211444
15956.0,617.6,2,278,18,2010-06-06 13:06:00,2009-12-13 11:16:00,308.8,551,175,0.011428571428571429
15957.0,921.25,3,453,121,2011-11-08 12:14:00,2010-10-15 12:11:00,307.0833333333333,32,389,0.007712082262210797
15958.0,462.12,4,154,50,2011-09-26 13:41:00,2010-06-07 10:59:00,115.53,74,476,0.008403361344537815
15959.0,542.89,3,269,58,2010-01-26 16:38:00,2010-01-26 16:19:00,180.96333333333334,682,0,3.0
15960.0,410.95,4,258,24,2010-11-30 15:57:00,2010-09-30 15:50:00,102.7375,374,61,0.06557377049180328
15961.0,451.28999999999996,1,154,42,2010-11-25 15:59:00,2010-11-25 15:59:00,451.28999999999996,379,0,1.0
15962.0,289.48,1,228,43,2010-09-16 13:48:00,2010-09-16 13:48:00,289.48,449,0,1.0
15963.0,470.76,2,298,26,2011-11-20 11:33:00,2011-10-25 13:05:00,235.38,20,25,0.08
15964.0,269.21000000000004,1,93,20,2010-02-14 15:30:00,2010-02-14 15:30:00,269.21000000000004,663,0,1.0
15965.0,2771.94,13,1313,202,2011-11-22 16:44:00,2009-12-03 11:45:00,213.22615384615386,17,719,0.01808066759388039
15966.0,426.53000000000003,1,275,27,2010-09-15 10:44:00,2010-09-15 10:44:00,426.53000000000003,451,0,1.0
15967.0,2966.0,12,1183,316,2011-11-16 15:41:00,2009-12-01 13:29:00,247.16666666666666,23,715,0.016783216783216783
15968.0,401.8,1,242,69,2010-11-16 13:04:00,2010-11-16 13:04:00,401.8,388,0,1.0
15969.0,1127.05,5,223,31,2011-12-07 11:06:00,2010-07-05 13:10:00,225.41,3,519,0.009633911368015413
15970.0,1017.32,2,498,19,2011-02-09 12:08:00,2010-04-20 11:30:00,508.66,304,295,0.006779661016949152
15971.0,5897.88,18,2250,11,2011-11-22 12:50:00,2009-12-08 09:46:00,327.66,18,714,0.025210084033613446
15972.0,1769.33,5,468,104,2010-09-09 13:20:00,2010-04-18 14:06:00,353.866,456,143,0.03496503496503497
15973.0,665.62,2,194,7,2010-12-08 11:42:00,2010-10-07 08:33:00,332.81,367,62,0.03225806451612903
15974.0,3442.15,7,2262,141,2011-10-31 13:13:00,2011-02-24 10:10:00,491.7357142857143,39,249,0.028112449799196786
15975.0,371.01,1,243,24,2011-09-16 13:33:00,2011-09-16 13:33:00,371.01,84,0,1.0
15976.0,1680.31,6,1044,264,2011-06-27 13:00:00,2010-06-06 14:01:00,280.0516666666667,165,385,0.015584415584415584
15977.0,1054.73,2,1016,48,2011-11-22 13:29:00,2011-10-31 16:24:00,527.365,17,21,0.09523809523809523
15978.0,3279.42,3,2444,107,2011-09-23 15:21:00,2010-03-05 14:39:00,1093.14,77,567,0.005291005291005291
15979.0,329.22,1,450,22,2010-04-16 11:35:00,2010-04-16 11:35:00,329.22,603,0,1.0
15980.0,6543.68,7,4822,101,2011-09-12 09:41:00,2010-06-01 14:40:00,934.8114285714286,89,467,0.014989293361884369
15981.0,9362.77,21,4827,151,2011-11-15 08:00:00,2010-03-29 10:07:00,445.8461904761905,25,595,0.03529411764705882
15982.0,324.51,1,131,45,2010-04-13 15:47:00,2010-04-13 15:47:00,324.51,605,0,1.0
15983.0,3110.37,8,1872,137,2011-11-17 17:34:00,2009-12-06 12:52:00,388.79625,22,711,0.011251758087201125
15984.0,8393.02,30,5730,458,2011-12-07 12:16:00,2009-12-01 13:38:00,279.76733333333334,3,735,0.04081632653061224
15985.0,2715.28,7,2750,50,2011-08-08 16:31:00,2010-05-27 15:51:00,387.8971428571429,123,438,0.01598173515981735
15986.0,354.42,2,368,25,2011-11-09 15:17:00,2010-11-23 10:02:00,177.21,30,351,0.005698005698005698
15987.0,1535.99,8,1599,143,2011-11-27 15:38:00,2010-11-25 12:56:00,191.99875,12,367,0.021798365122615803
15988.0,736.39,3,474,113,2011-11-20 13:23:00,2010-02-21 11:36:00,245.46333333333334,19,637,0.004709576138147566
15989.0,368.31,2,169,81,2010-11-29 12:03:00,2009-12-02 15:51:00,184.155,376,361,0.00554016620498615
15990.0,1997.75,7,1086,117,2011-10-26 15:58:00,2010-02-28 12:30:00,285.39285714285717,44,605,0.011570247933884297
15991.0,150.55,1,41,6,2010-06-23 15:50:00,2010-06-23 15:50:00,150.55,534,0,1.0
15992.0,896.6,3,514,53,2011-12-06 11:00:00,2010-09-12 11:52:00,298.8666666666667,4,449,0.0066815144766146995
15993.0,2768.97,7,2031,334,2011-12-01 10:45:00,2011-10-26 16:21:00,395.5671428571428,9,35,0.2
15994.0,1175.68,3,462,93,2011-10-16 12:28:00,2010-03-14 11:55:00,391.8933333333334,55,581,0.0051635111876075735
15995.0,694.54,1,352,108,2010-10-21 13:57:00,2010-10-21 13:57:00,694.54,414,0,1.0
15996.0,1386.4,7,643,140,2011-09-12 15:14:00,2010-11-07 15:49:00,198.05714285714288,88,308,0.022727272727272728
15998.0,8274.14,16,5350,682,2011-11-03 12:45:00,2009-12-01 11:45:00,517.13375,37,702,0.022792022792022793
15999.0,20.4,1,24,1,2009-12-04 12:31:00,2009-12-04 12:31:00,20.4,736,0,1.0
16000.0,12393.7,3,5110,9,2011-12-07 12:17:00,2011-12-07 12:14:00,4131.233333333334,3,0,3.0
16001.0,583.39,1,337,29,2010-11-23 17:10:00,2010-11-23 17:10:00,583.39,381,0,1.0
16002.0,169.21,1,70,42,2010-03-24 13:08:00,2010-03-24 13:08:00,169.21,625,0,1.0
16003.0,5613.83,10,2210,146,2011-11-10 09:57:00,2009-12-03 18:51:00,561.383,30,706,0.014164305949008499
16004.0,2146.39,5,1076,63,2010-08-22 11:48:00,2010-01-25 13:56:00,429.27799999999996,475,208,0.02403846153846154
16005.0,2365.07,10,1267,314,2011-11-27 13:47:00,2010-09-15 13:21:00,236.507,12,438,0.0228310502283105
16006.0,332.82,2,205,75,2011-05-12 13:12:00,2010-11-17 12:03:00,166.41,211,176,0.011363636363636364
16007.0,3053.06,7,2631,337,2011-10-23 11:05:00,2010-06-14 13:18:00,436.15142857142854,48,495,0.014141414141414142
16008.0,5339.13,15,3237,63,2011-11-16 10:32:00,2010-03-19 11:07:00,355.942,24,606,0.024752475247524754
16009.0,972.11,4,366,68,2011-11-17 16:51:00,2011-07-03 11:26:00,243.0275,22,137,0.029197080291970802
16010.0,1694.86,11,919,122,2011-04-08 10:14:00,2010-10-24 10:54:00,154.0781818181818,246,165,0.06666666666666667
16011.0,5599.31,29,3321,180,2011-12-01 16:31:00,2009-12-01 12:02:00,193.0796551724138,8,730,0.03972602739726028
16012.0,2978.59,5,1760,207,2011-11-04 13:25:00,2010-06-28 11:39:00,595.7180000000001,35,494,0.010121457489878543
16013.0,56078.44,84,25520,54,2011-12-06 10:36:00,2009-12-08 10:24:00,667.6004761904762,4,728,0.11538461538461539
16014.0,1100.28,5,462,219,2011-11-02 12:04:00,2010-01-31 12:43:00,220.05599999999998,38,639,0.00782472613458529
16015.0,704.26,3,906,145,2011-12-06 10:58:00,2011-10-21 12:56:00,234.75333333333333,4,45,0.06666666666666667
16016.0,2083.4,11,881,181,2011-12-06 14:35:00,2010-11-02 13:27:00,189.4,3,399,0.02756892230576441
16017.0,1545.58,5,635,99,2011-10-23 12:56:00,2010-01-05 12:06:00,309.116,47,656,0.007621951219512195
16018.0,698.13,4,503,48,2011-10-31 14:13:00,2009-12-07 13:57:00,174.5325,39,693,0.005772005772005772
16019.0,17329.16,27,6959,256,2011-10-24 11:51:00,2009-12-14 14:12:00,641.8207407407407,47,678,0.03982300884955752
16020.0,851.01,3,487,42,2011-11-23 11:18:00,2011-10-05 13:54:00,283.67,17,48,0.0625
16021.0,487.03,2,276,117,2010-11-09 14:48:00,2010-06-13 11:05:00,243.515,395,149,0.013422818791946308
16022.0,602.63,1,255,68,2011-03-24 13:16:00,2011-03-24 13:16:00,602.63,260,0,1.0
16023.0,719.81,3,358,90,2011-10-24 16:34:00,2011-03-18 13:32:00,239.93666666666664,46,220,0.013636363636363636
16024.0,478.71,3,484,77,2011-11-27 13:26:00,2010-10-24 11:40:00,159.57,12,399,0.007518796992481203
16025.0,439.65999999999997,1,338,28,2011-11-10 11:45:00,2011-11-10 11:45:00,439.65999999999997,30,0,1.0
16026.0,236.09,1,243,30,2011-10-27 13:53:00,2011-10-27 13:53:00,236.09,43,0,1.0
16027.0,2048.36,15,2099,20,2011-09-09 10:47:00,2010-01-08 13:21:00,136.55733333333333,92,608,0.024671052631578948
16028.0,82.2,1,18,5,2010-04-23 11:45:00,2010-04-23 11:45:00,82.2,596,0,1.0
16029.0,109620.87,106,54449,56,2011-11-01 10:27:00,2009-12-08 11:23:00,1034.159150943396,39,692,0.1531791907514451
16030.0,331.24,1,283,28,2011-02-03 11:28:00,2011-02-03 11:28:00,331.24,310,0,1.0
16031.0,547.9,2,421,91,2011-09-08 13:07:00,2011-04-06 14:23:00,273.95,92,154,0.012987012987012988
16032.0,1965.72,6,1467,130,2010-09-09 18:00:00,2010-07-04 13:31:00,327.62,456,67,0.08955223880597014
16033.0,10608.81,27,4200,605,2011-12-04 12:44:00,2010-08-11 16:44:00,392.9188888888889,6,479,0.05636743215031315
16034.0,911.3199999999999,6,585,43,2011-05-27 16:17:00,2010-10-26 13:00:00,151.88666666666666,196,213,0.028169014084507043
16035.0,217.73,1,33,21,2010-05-28 15:09:00,2010-05-28 15:09:00,217.73,560,0,1.0
16036.0,2556.84,4,1369,120,2011-09-13 14:53:00,2010-03-29 14:47:00,639.21,87,533,0.0075046904315197
16037.0,1509.34,5,766,62,2011-03-15 09:13:00,2010-03-01 12:31:00,301.868,270,378,0.013227513227513227
16038.0,471.78000000000003,3,244,24,2011-12-02 12:40:00,2011-05-22 11:29:00,157.26000000000002,8,194,0.015463917525773196
16039.0,456.4,2,409,27,2010-10-12 10:44:00,2010-03-21 15:17:00,228.2,424,204,0.00980392156862745
16040.0,2416.9,7,1185,95,2011-10-05 13:47:00,2010-04-09 10:12:00,345.2714285714286,65,544,0.012867647058823529
16041.0,3166.4,3,1584,6,2011-11-09 12:25:00,2011-07-21 16:27:00,1055.4666666666667,31,110,0.02727272727272727
16042.0,2245.32,8,1430,88,2011-11-17 17:50:00,2010-09-12 12:00:00,280.665,22,431,0.018561484918793503
16043.0,1856.5900000000001,8,1011,56,2011-11-02 12:50:00,2010-08-15 11:26:00,232.07375000000002,38,444,0.018018018018018018
16044.0,340.84000000000003,1,170,19,2010-09-30 18:12:00,2010-09-30 18:12:00,340.84000000000003,435,0,1.0
16045.0,3434.9300000000003,8,2108,111,2011-08-12 12:41:00,2010-07-29 12:50:00,429.36625000000004,120,378,0.021164021164021163
16046.0,235.78,1,248,22,2010-05-26 13:18:00,2010-05-26 13:18:00,235.78,562,0,1.0
16047.0,107.14,1,1,1,2010-01-26 16:34:00,2010-01-26 16:34:00,107.14,682,0,1.0
16048.0,818.7900000000001,4,425,30,2010-12-01 15:28:00,2010-06-08 12:36:00,204.69750000000002,373,176,0.022727272727272728
16049.0,1852.15,6,1132,383,2011-10-30 13:19:00,2010-07-11 13:53:00,308.69166666666666,40,475,0.01263157894736842
16050.0,300.7,3,388,19,2011-06-19 11:44:00,2010-11-03 15:55:00,100.23333333333333,174,227,0.013215859030837005
16051.0,188.44,1,80,12,2010-01-27 09:38:00,2010-01-27 09:38:00,188.44,682,0,1.0
16052.0,362.06,1,282,34,2011-10-16 15:13:00,2011-10-16 15:13:00,362.06,54,0,1.0
16053.0,3634.84,6,3067,169,2011-11-07 11:21:00,2010-04-08 11:11:00,605.8066666666667,33,578,0.010380622837370242
16054.0,2111.88,4,791,109,2011-07-17 13:08:00,2010-04-01 18:37:00,527.97,145,471,0.008492569002123142
16055.0,134.8,1,22,8,2011-05-03 09:26:00,2011-05-03 09:26:00,134.8,221,0,1.0
16056.0,650.75,1,345,66,2011-10-25 15:19:00,2011-10-25 15:19:00,650.75,45,0,1.0
16057.0,3854.85,10,1691,175,2011-11-23 15:23:00,2010-01-07 17:11:00,385.485,16,684,0.014619883040935672
16058.0,62.7,1,18,2,2010-10-29 16:48:00,2010-10-29 16:48:00,62.7,406,0,1.0
16059.0,3053.57,12,1431,233,2011-10-05 09:56:00,2010-05-19 13:04:00,254.46416666666667,66,503,0.02385685884691849
16060.0,541.95,3,243,22,2010-11-04 12:10:00,2010-08-02 15:26:00,180.65,401,93,0.03225806451612903
16061.0,89.65,1,19,3,2010-10-04 15:29:00,2010-10-04 15:29:00,89.65,431,0,1.0
16062.0,2863.45,8,2035,134,2011-11-30 12:15:00,2010-06-21 13:32:00,357.93125,10,526,0.015209125475285171
16063.0,335.32,1,262,23,2011-03-24 14:56:00,2011-03-24 14:55:00,335.32,260,0,1.0
16064.0,109.31,1,55,17,2009-12-14 16:11:00,2009-12-14 16:11:00,109.31,725,0,1.0
16065.0,1992.13,8,1207,214,2010-12-09 13:03:00,2010-09-02 13:27:00,249.01625,365,97,0.08247422680412371
16066.0,1521.04,5,935,77,2011-11-23 11:54:00,2011-08-07 14:33:00,304.20799999999997,17,107,0.04672897196261682
16067.0,3269.11,3,1236,60,2010-05-26 12:33:00,2010-02-02 18:01:00,1089.7033333333334,563,112,0.026785714285714284
16068.0,115.73,1,48,34,2010-04-25 11:52:00,2010-04-25 11:52:00,115.73,594,0,1.0
16069.0,457.7,1,138,25,2010-10-18 10:32:00,2010-10-18 10:32:00,457.7,418,0,1.0
16070.0,852.15,2,457,32,2011-11-17 15:50:00,2011-11-07 16:36:00,426.075,22,9,0.2222222222222222
16071.0,1076.8,4,697,62,2011-10-26 11:14:00,2010-02-22 14:48:00,269.2,45,610,0.006557377049180328
16072.0,4180.09,4,1580,414,2011-02-24 14:32:00,2010-06-08 16:47:00,1045.0225,288,260,0.015384615384615385
16073.0,122.39999999999999,1,48,1,2011-02-15 15:41:00,2011-02-15 15:41:00,122.39999999999999,297,0,1.0
16074.0,252.5,1,38,23,2010-11-14 13:19:00,2010-11-14 13:19:00,252.5,390,0,1.0
16075.0,736.9300000000001,2,271,41,2010-07-25 11:31:00,2010-05-24 15:57:00,368.46500000000003,503,61,0.03278688524590164
16076.0,2234.73,10,1435,71,2011-12-06 14:59:00,2011-05-15 12:31:00,223.473,3,205,0.04878048780487805
16077.0,2300.4,1,840,8,2010-03-24 10:42:00,2010-03-24 10:42:00,2300.4,626,0,1.0
16078.0,362.99,2,200,39,2011-03-01 09:47:00,2010-02-08 13:29:00,181.495,284,385,0.005194805194805195
16079.0,1352.0,3,864,18,2011-11-23 12:48:00,2011-10-30 13:06:00,450.6666666666667,17,23,0.13043478260869565
16080.0,602.5600000000001,4,298,29,2011-09-19 10:42:00,2010-09-15 14:19:00,150.64000000000001,82,368,0.010869565217391304
16081.0,4278.96,8,2177,235,2011-10-14 13:06:00,2010-02-03 12:46:00,534.87,56,618,0.012944983818770227
16082.0,106.75,1,39,16,2010-02-07 15:16:00,2010-02-07 15:16:00,106.75,670,0,1.0
16083.0,2351.42,4,1514,61,2011-08-31 10:47:00,2010-11-16 11:53:00,587.855,101,287,0.013937282229965157
16084.0,436.18,1,216,38,2011-02-13 16:05:00,2011-02-13 16:05:00,436.18,299,0,1.0
16085.0,2324.71,12,1379,258,2011-11-16 13:24:00,2010-01-20 14:03:00,193.72583333333333,23,664,0.018072289156626505
16086.0,2687.73,10,1450,66,2011-10-11 13:09:00,2009-12-02 13:20:00,268.773,59,677,0.014771048744460856
16087.0,1739.92,5,664,6,2010-11-15 16:44:00,2010-01-19 12:30:00,347.98400000000004,389,300,0.016666666666666666
16088.0,1437.43,2,373,3,2010-05-13 10:16:00,2010-04-27 10:56:00,718.715,576,15,0.13333333333333333
16089.0,263.49,2,119,42,2010-11-18 13:51:00,2010-07-18 15:51:00,131.745,386,122,0.01639344262295082
16090.0,180.56,1,58,18,2010-03-25 13:05:00,2010-03-25 13:05:00,180.56,624,0,1.0
16091.0,315.06,2,154,16,2011-07-08 08:45:00,2011-05-25 09:18:00,157.53,155,43,0.046511627906976744
16092.0,1587.94,6,1188,60,2011-08-17 10:46:00,2010-05-09 16:10:00,264.6566666666667,115,464,0.01293103448275862
16093.0,17.0,1,20,1,2011-08-25 11:09:00,2011-08-25 11:09:00,17.0,107,0,1.0
16094.0,3695.56,11,2020,101,2011-11-28 12:45:00,2010-04-16 14:00:00,335.96,12,590,0.01864406779661017
16095.0,447.05,1,265,30,2010-09-09 16:54:00,2010-09-09 16:54:00,447.05,456,0,1.0
16096.0,1584.97,4,700,58,2011-03-20 13:38:00,2010-03-04 15:44:00,396.2425,264,380,0.010526315789473684
16097.0,185.04999999999998,1,87,10,2011-04-13 13:47:00,2011-04-13 13:47:00,185.04999999999998,240,0,1.0
16098.0,4010.7,14,2008,83,2011-09-13 09:59:00,2009-12-15 09:40:00,286.4785714285714,88,637,0.02197802197802198
16099.0,1573.2,7,960,44,2011-10-20 13:13:00,2010-03-03 11:13:00,224.74285714285716,50,596,0.01174496644295302
16100.0,582.64,1,438,37,2010-09-03 11:39:00,2010-09-03 11:39:00,582.64,463,0,1.0
16101.0,3229.16,4,1844,153,2011-09-30 10:18:00,2010-05-27 12:50:00,807.29,71,490,0.00816326530612245
16102.0,1842.14,3,942,41,2011-10-28 13:19:00,2011-08-03 12:50:00,614.0466666666667,42,86,0.03488372093023256
16103.0,6191.71,22,2639,111,2011-12-02 14:16:00,2010-01-08 12:08:00,281.44136363636363,7,693,0.031746031746031744
16104.0,2774.46,9,1047,187,2011-10-09 10:23:00,2009-12-06 10:41:00,308.2733333333333,62,671,0.013412816691505217
16105.0,2386.19,5,2125,92,2011-04-05 10:13:00,2010-04-14 13:27:00,477.238,249,355,0.014084507042253521
16106.0,108.38,1,74,6,2011-10-05 10:37:00,2011-10-05 10:37:00,108.38,66,0,1.0
16107.0,3204.1600000000003,7,1176,16,2011-11-22 09:40:00,2011-06-09 18:42:00,457.7371428571429,18,165,0.04242424242424243
16108.0,2235.92,4,1473,124,2011-09-16 11:48:00,2010-03-18 14:14:00,558.98,85,546,0.007326007326007326
16109.0,939.48,3,1092,30,2011-05-05 09:17:00,2010-01-10 10:37:00,313.16,219,479,0.006263048016701462
16110.0,1781.59,4,880,343,2011-10-25 14:35:00,2010-07-05 13:04:00,445.3975,45,477,0.008385744234800839
16111.0,549.33,1,233,72,2010-10-07 19:51:00,2010-10-07 19:51:00,549.33,428,0,1.0
16112.0,195.73999999999998,4,574,15,2011-07-19 14:28:00,2011-01-05 11:47:00,48.934999999999995,143,195,0.020512820512820513
16113.0,161.38,1,176,30,2011-06-09 16:16:00,2011-06-09 16:16:00,161.38,183,0,1.0
16114.0,135.75000000000003,1,43,8,2011-06-22 10:13:00,2011-06-22 10:13:00,135.75000000000003,171,0,1.0
16115.0,2553.8,12,1589,230,2011-11-30 11:32:00,2010-05-14 11:59:00,212.8166666666667,10,564,0.02127659574468085
16116.0,612.78,1,248,34,2011-05-12 12:01:00,2011-05-12 12:01:00,612.78,212,0,1.0
16117.0,654.4,3,321,64,2011-06-03 11:42:00,2010-04-27 11:50:00,218.13333333333333,190,401,0.007481296758104738
16118.0,4376.25,1,2851,41,2010-02-25 09:40:00,2010-02-25 09:40:00,4376.25,653,0,1.0
16119.0,1720.81,8,811,37,2011-12-01 15:11:00,2009-12-16 11:56:00,215.10125,8,715,0.011188811188811189
16120.0,2967.51,6,2161,84,2011-10-11 14:22:00,2010-10-13 15:07:00,494.58500000000004,59,362,0.016574585635359115
16121.0,1450.04,5,879,256,2011-10-13 12:59:00,2010-05-23 10:52:00,290.008,57,508,0.00984251968503937
16122.0,895.62,6,1280,28,2011-09-27 15:34:00,2010-10-10 15:26:00,149.27,73,352,0.017045454545454544
16123.0,307.78,1,170,16,2011-10-19 09:18:00,2011-10-19 09:18:00,307.78,52,0,1.0
16124.0,1772.49,4,797,63,2011-01-26 14:45:00,2009-12-07 10:33:00,443.1225,317,415,0.00963855421686747
16125.0,4292.35,14,1819,168,2010-12-07 15:48:00,2009-12-14 15:38:00,306.5964285714286,367,358,0.03910614525139665
16126.0,14644.6,15,6140,144,2011-11-10 16:03:00,2009-12-02 13:34:00,976.3066666666667,29,708,0.0211864406779661
16127.0,801.31,2,391,75,2011-10-31 13:58:00,2009-12-13 12:19:00,400.655,39,687,0.002911208151382824
16128.0,3801.05,11,2445,155,2011-11-22 11:14:00,2010-07-16 16:30:00,345.55,18,493,0.02231237322515213
16129.0,1396.05,3,1261,91,2010-10-28 14:29:00,2010-07-20 12:32:00,465.34999999999997,407,100,0.03
16130.0,987.48,4,296,53,2010-10-13 15:14:00,2010-04-01 13:58:00,246.87,422,195,0.020512820512820513
16131.0,9957.42,12,4768,131,2011-10-19 11:53:00,2009-12-02 10:09:00,829.785,52,686,0.01749271137026239
16132.0,664.1999999999999,2,280,14,2010-06-13 13:49:00,2010-03-22 10:25:00,332.09999999999997,544,83,0.024096385542168676
16133.0,22992.260000000002,56,13653,303,2011-12-06 11:24:00,2010-03-31 12:21:00,410.5760714285715,4,614,0.09120521172638436
16134.0,2145.34,5,1637,85,2011-11-18 10:05:00,2010-06-17 09:48:00,429.06800000000004,22,519,0.009633911368015413
16135.0,819.45,2,395,35,2011-03-22 12:30:00,2010-05-05 09:35:00,409.725,263,321,0.006230529595015576
16136.0,946.8,4,674,44,2011-10-11 09:10:00,2010-02-14 12:49:00,236.7,60,603,0.006633499170812604
16137.0,422.7,1,210,28,2010-01-28 15:04:00,2010-01-28 15:04:00,422.7,680,0,1.0
16138.0,910.35,3,774,35,2010-11-26 12:13:00,2010-04-28 09:51:00,303.45,379,212,0.014150943396226415
16139.0,1111.15,5,602,47,2011-11-21 08:37:00,2009-12-03 13:51:00,222.23000000000002,19,717,0.00697350069735007
16140.0,1433.46,3,1272,50,2011-10-05 12:15:00,2010-09-24 12:03:00,477.82,66,376,0.007978723404255319
16141.0,955.94,2,410,47,2011-09-12 13:11:00,2010-10-18 14:12:00,477.97,88,328,0.006097560975609756
16142.0,535.34,1,422,37,2011-04-04 10:16:00,2011-04-04 10:16:00,535.34,250,0,1.0
16143.0,4555.08,12,1866,107,2011-12-06 14:13:00,2009-12-10 09:44:00,379.59,3,726,0.01652892561983471
16144.0,175.2,1,16,1,2011-04-07 10:09:00,2011-04-07 10:09:00,175.2,247,0,1.0
16145.0,6805.4400000000005,19,5270,217,2011-12-01 10:33:00,2010-05-04 13:31:00,358.18105263157895,9,575,0.03304347826086956
16146.0,946.38,4,544,34,2011-07-05 14:20:00,2010-09-17 10:46:00,236.595,157,291,0.013745704467353952
16147.0,2398.91,5,1395,113,2011-07-29 09:57:00,2010-02-05 12:26:00,479.782,134,538,0.00929368029739777
16148.0,386.62,2,250,9,2011-02-16 14:01:00,2010-09-29 10:12:00,193.31,296,140,0.014285714285714285
16149.0,422.22,3,598,30,2011-12-05 11:29:00,2010-10-06 15:54:00,140.74,5,424,0.007075471698113208
16150.0,4002.17,10,1990,143,2011-10-28 12:39:00,2009-12-17 15:33:00,400.217,43,679,0.014727540500736377
16152.0,1829.04,1,642,29,2011-03-16 09:47:00,2011-03-16 09:47:00,1829.04,269,0,1.0
16153.0,5133.49,11,3693,161,2011-10-21 10:50:00,2010-05-26 12:41:00,466.6809090909091,50,512,0.021484375
16155.0,796.9,5,495,45,2010-11-23 12:03:00,2010-06-18 11:23:00,159.38,382,158,0.03164556962025317
16156.0,6188.18,20,3205,199,2011-12-01 12:42:00,2009-12-02 17:06:00,309.409,9,728,0.027472527472527472
16157.0,656.69,3,347,12,2011-11-24 11:41:00,2011-09-28 11:48:00,218.89666666666668,16,56,0.05357142857142857
16158.0,628.32,9,182,29,2010-07-05 13:55:00,2009-12-05 15:00:00,69.81333333333333,522,211,0.04265402843601896
16159.0,1232.79,4,635,31,2011-03-03 12:27:00,2009-12-03 11:51:00,308.1975,282,455,0.008791208791208791
16160.0,1025.44,2,1162,20,2011-10-05 14:19:00,2011-09-15 10:53:00,512.72,65,20,0.1
16161.0,12580.06,43,6255,458,2011-12-08 12:10:00,2010-02-08 11:06:00,292.5595348837209,2,668,0.06437125748502993
16162.0,37.4,1,4,2,2011-04-01 15:03:00,2011-04-01 15:03:00,37.4,252,0,1.0
16163.0,2407.98,6,676,59,2011-04-21 15:15:00,2009-12-02 10:00:00,401.33,232,505,0.011881188118811881
16164.0,822.48,3,433,27,2011-11-22 15:04:00,2011-10-28 09:12:00,274.16,17,25,0.12
16165.0,79.9,1,2,1,2010-07-22 14:17:00,2010-07-22 14:17:00,79.9,505,0,1.0
16166.0,435.83,2,173,18,2010-10-07 15:44:00,2010-01-17 14:16:00,217.915,428,263,0.0076045627376425855
16167.0,1386.1200000000001,5,1494,51,2010-10-21 15:33:00,2009-12-01 10:46:00,277.22400000000005,414,324,0.015432098765432098
16168.0,10360.67,66,4975,131,2011-11-29 12:45:00,2009-12-03 12:38:00,156.97984848484847,11,726,0.09090909090909091
16169.0,1822.97,4,1325,71,2011-12-01 15:28:00,2011-09-25 11:33:00,455.7425,8,67,0.05970149253731343
16170.0,6869.0,20,6056,254,2011-10-20 08:21:00,2010-02-18 13:50:00,343.45,51,608,0.03289473684210526
16171.0,73.2,1,24,3,2011-10-11 14:51:00,2011-10-11 14:51:00,73.2,59,0,1.0
16172.0,1884.55,8,1419,81,2011-09-05 13:22:00,2010-07-14 15:34:00,235.56875,95,417,0.019184652278177457
16173.0,1418.32,6,575,70,2011-11-24 10:53:00,2011-09-02 15:23:00,236.38666666666666,16,82,0.07317073170731707
16174.0,2246.75,7,1431,28,2011-08-05 13:26:00,2010-04-15 15:12:00,320.9642857142857,126,476,0.014705882352941176
16175.0,1836.44,7,932,59,2011-09-06 14:32:00,2010-05-25 12:01:00,262.34857142857146,94,469,0.014925373134328358
16176.0,2052.69,4,952,53,2010-10-14 13:54:00,2010-03-29 14:52:00,513.1725,421,198,0.020202020202020204
16177.0,2247.31,8,1021,79,2011-10-20 12:57:00,2010-03-02 14:03:00,280.91375,50,596,0.013422818791946308
16178.0,612.6,2,304,24,2011-07-24 16:05:00,2010-11-03 14:46:00,306.3,138,263,0.0076045627376425855
16179.0,215.83,1,99,11,2011-10-10 09:41:00,2011-10-10 09:41:00,215.83,61,0,1.0
16180.0,16249.87,13,9813,171,2011-08-31 16:28:00,2010-06-23 13:19:00,1249.99,100,434,0.029953917050691243
16181.0,305.54,1,152,11,2011-09-27 13:38:00,2011-09-27 13:38:00,305.54,73,0,1.0
16182.0,9971.65,9,5887,20,2011-09-28 13:23:00,2010-03-09 09:34:00,1107.961111111111,72,568,0.01584507042253521
16183.0,1077.81,4,351,32,2011-10-03 14:59:00,2010-10-28 14:43:00,269.4525,67,340,0.011764705882352941
16184.0,1158.79,6,561,26,2011-10-06 17:43:00,2011-05-12 13:33:00,193.13166666666666,64,147,0.04081632653061224
16185.0,644.72,3,321,39,2011-11-23 09:41:00,2010-05-24 11:04:00,214.90666666666667,17,547,0.005484460694698354
16186.0,8718.43,26,6594,172,2011-11-17 12:43:00,2009-12-09 15:36:00,335.3242307692308,23,707,0.036775106082036775
16187.0,6911.4400000000005,15,5048,160,2011-11-08 09:50:00,2011-02-28 13:34:00,460.7626666666667,32,252,0.05952380952380952
16188.0,1087.66,5,838,72,2011-10-26 12:19:00,2010-10-27 11:50:00,217.532,45,364,0.013736263736263736
16189.0,215.48,2,134,9,2011-11-24 11:47:00,2011-09-15 15:21:00,107.74,16,69,0.028985507246376812
16190.0,2723.55,8,1231,89,2011-10-30 15:59:00,2009-12-14 11:59:00,340.44375,40,685,0.01167883211678832
16191.0,15677.82,24,9348,113,2011-12-07 11:26:00,2009-12-11 12:24:00,653.2425,3,725,0.03310344827586207
16192.0,351.3,1,208,11,2009-12-04 12:28:00,2009-12-04 12:28:00,351.3,736,0,1.0
16193.0,630.43,2,379,38,2011-04-17 11:45:00,2010-10-25 10:25:00,315.215,237,174,0.011494252873563218
16194.0,308.59999999999997,1,140,8,2010-11-29 13:28:00,2010-11-29 13:28:00,308.59999999999997,375,0,1.0
16195.0,323.25,1,123,16,2009-12-16 14:09:00,2009-12-16 14:09:00,323.25,723,0,1.0
16196.0,93.3,1,26,4,2010-08-08 11:40:00,2010-08-08 11:40:00,93.3,489,0,1.0
16197.0,2016.71,9,1420,52,2010-08-27 12:56:00,2009-12-16 11:44:00,224.07888888888888,469,254,0.03543307086614173
16198.0,1030.04,2,383,30,2011-09-25 14:58:00,2010-09-28 13:59:00,515.02,75,362,0.0055248618784530384
16199.0,942.75,7,321,2,2010-11-12 12:55:00,2010-03-18 18:47:00,134.67857142857142,392,238,0.029411764705882353
16200.0,5608.1,12,3068,361,2011-12-05 14:40:00,2009-12-02 15:04:00,467.3416666666667,4,732,0.01639344262295082
16201.0,2112.12,5,1421,86,2011-12-06 16:02:00,2010-10-20 12:00:00,422.424,3,412,0.012135922330097087
16202.0,2501.9900000000002,9,1307,105,2010-12-14 10:43:00,2009-12-02 10:48:00,277.9988888888889,361,376,0.023936170212765957
16203.0,943.84,6,537,56,2011-10-12 12:31:00,2010-07-23 13:09:00,157.30666666666667,59,445,0.01348314606741573
16204.0,918.71,3,671,86,2011-11-16 13:40:00,2009-12-08 17:44:00,306.2366666666667,23,707,0.004243281471004243
16205.0,1813.51,7,1448,146,2011-11-09 09:32:00,2010-06-15 11:58:00,259.0728571428571,31,511,0.0136986301369863
16206.0,2577.12,13,1378,186,2011-10-16 10:41:00,2010-01-24 15:25:00,198.23999999999998,55,629,0.02066772655007949
16207.0,394.38,1,140,19,2011-11-14 13:51:00,2011-11-14 13:51:00,394.38,25,0,1.0
16208.0,3440.45,10,1541,180,2011-10-26 11:36:00,2010-02-24 14:24:00,344.04499999999996,45,608,0.01644736842105263
16209.0,4146.78,9,1895,51,2011-09-12 11:58:00,2010-06-11 11:58:00,460.75333333333333,89,458,0.019650655021834062
16210.0,33730.97,33,12395,144,2011-12-08 12:36:00,2009-12-02 12:54:00,1022.1506060606062,2,735,0.044897959183673466
16211.0,1090.59,3,519,35,2011-09-12 12:11:00,2010-09-27 15:24:00,363.53,89,349,0.008595988538681949
16212.0,1293.71,4,571,71,2011-11-20 13:00:00,2010-02-07 15:26:00,323.4275,19,650,0.006153846153846154
16213.0,159.0,1,48,6,2011-09-22 10:03:00,2011-09-22 10:03:00,159.0,79,0,1.0
16214.0,2038.25,4,1308,84,2011-06-22 11:30:00,2010-09-30 13:57:00,509.5625,171,264,0.015151515151515152
16215.0,242.35,1,104,14,2011-09-20 10:18:00,2011-09-20 10:18:00,242.35,81,0,1.0
16216.0,914.9300000000001,1,254,37,2011-03-17 15:34:00,2011-03-17 15:34:00,914.9300000000001,267,0,1.0
16217.0,304.25,2,91,13,2011-04-18 13:31:00,2011-03-02 15:28:00,152.125,235,46,0.043478260869565216
16218.0,3968.67,13,2799,82,2011-11-10 09:59:00,2010-05-27 16:09:00,305.2823076923077,30,531,0.02448210922787194
16219.0,40.8,1,48,1,2010-07-27 11:44:00,2010-07-27 11:44:00,40.8,501,0,1.0
16221.0,2018.47,9,1448,176,2011-11-03 11:43:00,2010-08-10 13:32:00,224.27444444444444,37,449,0.0200445434298441
16222.0,1272.05,2,463,133,2011-01-25 13:38:00,2009-12-18 14:31:00,636.025,318,402,0.004975124378109453
16223.0,1087.05,2,643,101,2010-11-30 11:50:00,2010-11-09 12:07:00,543.525,375,20,0.1
16224.0,1616.54,5,1555,107,2011-10-13 17:51:00,2010-11-17 13:14:00,323.308,57,330,0.015151515151515152
16225.0,2859.31,15,1281,189,2011-10-26 08:30:00,2010-02-07 12:41:00,190.62066666666666,45,625,0.024
16226.0,672.1700000000001,5,521,23,2011-05-20 14:41:00,2010-10-22 11:19:00,134.43400000000003,203,210,0.023809523809523808
16227.0,1027.22,3,436,28,2011-04-28 13:33:00,2010-06-22 13:28:00,342.4066666666667,225,310,0.00967741935483871
16228.0,885.71,3,555,45,2010-11-19 14:20:00,2010-11-04 18:54:00,295.2366666666667,385,14,0.21428571428571427
16229.0,2867.86,6,1292,144,2011-09-13 17:16:00,2010-05-24 12:59:00,477.9766666666667,87,477,0.012578616352201259
16230.0,542.03,2,365,32,2011-06-03 10:06:00,2011-05-03 15:12:00,271.015,190,30,0.06666666666666667
16231.0,1074.47,4,563,69,2010-11-25 15:00:00,2010-04-21 12:06:00,268.6175,379,218,0.01834862385321101
16232.0,2712.97,7,1849,60,2011-10-27 12:16:00,2010-06-07 14:04:00,387.5671428571428,44,506,0.01383399209486166
16233.0,1818.31,9,677,49,2011-09-29 17:27:00,2009-12-02 13:23:00,202.03444444444443,71,666,0.013513513513513514
16234.0,333.18,3,170,13,2010-08-20 14:33:00,2010-05-27 10:39:00,111.06,476,85,0.03529411764705882
16235.0,2043.71,8,787,79,2011-10-30 10:56:00,2010-08-26 12:10:00,255.46375,41,429,0.018648018648018648
16236.0,432.2,1,184,20,2011-09-22 14:10:00,2011-09-22 14:10:00,432.2,78,0,1.0
16237.0,136.65,1,57,7,2010-09-28 17:02:00,2010-09-28 17:02:00,136.65,437,0,1.0
16238.0,63.66,1,85,6,2010-10-13 12:36:00,2010-10-13 12:36:00,63.66,423,0,1.0
16239.0,1492.2,6,692,24,2011-10-14 08:29:00,2010-09-02 19:17:00,248.70000000000002,57,406,0.014778325123152709
16240.0,3718.8,2,1641,126,2011-11-15 14:30:00,2011-09-23 13:44:00,1859.4,24,53,0.03773584905660377
16241.0,3989.81,16,2250,499,2011-11-30 11:08:00,2010-10-25 13:40:00,249.363125,10,400,0.04
16242.0,7404.65,14,3921,348,2011-12-01 15:12:00,2010-03-15 16:02:00,528.9035714285714,8,625,0.0224
16243.0,409.1,2,110,49,2011-11-06 12:32:00,2011-10-16 12:09:00,204.55,34,21,0.09523809523809523
16244.0,1522.75,2,855,88,2011-05-12 10:18:00,2010-12-02 11:41:00,761.375,212,160,0.0125
16245.0,1413.66,3,1014,80,2011-11-16 10:14:00,2011-03-28 09:30:00,471.22,24,233,0.012875536480686695
16246.0,821.35,2,336,79,2010-09-06 12:04:00,2010-02-08 12:32:00,410.675,460,209,0.009569377990430622
16247.0,114.56,1,182,16,2011-06-22 14:23:00,2011-06-22 14:23:00,114.56,170,0,1.0
16248.0,152.94,1,78,7,2011-10-09 11:32:00,2011-10-09 11:32:00,152.94,62,0,1.0
16249.0,1800.07,5,950,67,2011-10-18 10:07:00,2011-04-14 13:50:00,360.014,53,186,0.026881720430107527
16250.0,565.24,3,268,29,2011-03-23 15:07:00,2010-11-18 10:43:00,188.41333333333333,261,125,0.024
16251.0,128.31,1,44,20,2010-07-15 14:55:00,2010-07-15 14:55:00,128.31,512,0,1.0
16252.0,295.09000000000003,1,158,21,2010-11-22 11:57:00,2010-11-22 11:57:00,295.09000000000003,383,0,1.0
16253.0,7222.2,7,6029,217,2011-10-04 09:09:00,2009-12-08 17:24:00,1031.742857142857,67,664,0.010542168674698794
16254.0,967.44,3,543,65,2010-11-26 13:22:00,2010-03-17 15:43:00,322.48,378,253,0.011857707509881422
16255.0,4530.0,15,2876,231,2011-11-23 12:40:00,2010-01-24 12:21:00,302.0,17,668,0.02245508982035928
16256.0,1579.37,3,1589,26,2011-03-18 12:18:00,2010-04-21 10:34:00,526.4566666666666,267,331,0.00906344410876133
16257.0,21.95,1,1,1,2011-06-16 10:11:00,2011-06-16 10:11:00,21.95,177,0,1.0
16258.0,11942.52,15,7200,253,2011-10-25 13:30:00,2010-03-10 14:19:00,796.168,45,593,0.025295109612141653
16259.0,340.94,3,143,75,2010-10-25 14:27:00,2010-04-13 16:57:00,113.64666666666666,410,194,0.015463917525773196
16260.0,1035.45,1,311,18,2011-10-20 09:40:00,2011-10-20 09:40:00,1035.45,51,0,1.0
16261.0,1041.16,6,454,118,2011-11-22 17:23:00,2010-09-23 16:40:00,173.52666666666667,17,425,0.01411764705882353
16262.0,755.15,1,446,46,2010-11-26 13:22:00,2010-11-26 13:22:00,755.15,378,0,1.0
16263.0,348.16,1,197,19,2010-10-12 14:52:00,2010-10-12 14:52:00,348.16,423,0,1.0
16264.0,823.53,2,616,62,2010-09-27 15:00:00,2010-09-19 16:14:00,411.765,438,7,0.2857142857142857
16265.0,6685.17,12,3209,191,2011-11-30 16:41:00,2010-10-28 15:18:00,557.0975,9,398,0.03015075376884422
16266.0,1757.95,14,791,73,2011-09-27 12:08:00,2010-02-04 16:21:00,125.56785714285715,74,599,0.02337228714524207
16267.0,186.66,1,198,7,2010-04-27 14:10:00,2010-04-27 14:10:00,186.66,591,0,1.0
16268.0,617.65,2,532,44,2011-09-29 18:30:00,2011-09-29 18:30:00,308.825,71,0,2.0
16269.0,717.57,1,579,53,2010-09-28 11:50:00,2010-09-28 11:50:00,717.57,438,0,1.0
16270.0,1141.24,1,688,54,2010-12-21 14:26:00,2010-12-21 14:26:00,1141.24,353,0,1.0
16271.0,3367.82,8,2357,175,2011-11-24 12:12:00,2010-03-07 12:03:00,420.9775,16,627,0.012759170653907496
16272.0,411.7,1,224,25,2011-08-15 10:54:00,2011-08-15 10:53:00,411.7,117,0,1.0
16273.0,318.34000000000003,2,40,15,2010-03-01 13:24:00,2010-02-21 16:02:00,159.17000000000002,648,7,0.2857142857142857
16274.0,331.55,1,151,63,2010-12-01 15:35:00,2010-12-01 15:35:00,331.55,373,0,1.0
16275.0,2151.11,3,1268,105,2011-05-27 12:41:00,2010-03-08 14:41:00,717.0366666666667,197,444,0.006756756756756757
16276.0,2629.3900000000003,3,1467,20,2011-06-16 09:34:00,2010-04-11 12:02:00,876.4633333333335,177,430,0.0069767441860465115
16277.0,188.69,1,33,23,2009-12-06 11:27:00,2009-12-06 11:27:00,188.69,734,0,1.0
16278.0,1117.84,3,342,50,2011-08-31 17:12:00,2010-07-28 15:40:00,372.6133333333333,100,399,0.007518796992481203
16279.0,5698.28,9,3683,243,2011-11-18 15:00:00,2010-04-22 14:09:00,633.1422222222222,21,575,0.01565217391304348
16280.0,238.05,1,101,16,2009-12-14 15:49:00,2009-12-14 15:49:00,238.05,725,0,1.0
16281.0,3424.02,3,1570,27,2011-09-28 14:57:00,2010-01-26 13:41:00,1141.34,72,610,0.004918032786885246
16282.0,1307.58,3,790,31,2011-01-04 11:42:00,2009-12-21 11:52:00,435.85999999999996,340,378,0.007936507936507936
16283.0,4348.62,8,2865,384,2011-12-04 12:08:00,2010-02-28 14:12:00,543.5775,6,643,0.012441679626749611
16284.0,1018.48,3,674,108,2011-11-08 16:12:00,2010-11-11 13:27:00,339.49333333333334,31,362,0.008287292817679558
16285.0,176.9,1,60,31,2010-03-03 16:03:00,2010-03-03 16:03:00,176.9,646,0,1.0
16286.0,328.95,2,101,17,2010-08-19 14:48:00,2010-03-26 09:58:00,164.475,477,146,0.0136986301369863
16287.0,1006.98,5,1426,18,2011-06-23 09:08:00,2010-01-19 09:46:00,201.39600000000002,170,519,0.009633911368015413
16288.0,129.85,1,19,7,2010-08-26 14:45:00,2010-08-26 14:45:00,129.85,470,0,1.0
16289.0,136.31,1,97,21,2010-09-03 14:02:00,2010-09-03 14:02:00,136.31,462,0,1.0
16290.0,1957.7,4,957,85,2010-09-01 11:52:00,2010-05-23 11:46:00,489.425,465,101,0.039603960396039604
16291.0,117.72,1,1,1,2010-01-26 16:26:00,2010-01-26 16:26:00,117.72,682,0,1.0
16292.0,1253.76,5,688,51,2011-08-10 12:24:00,2010-04-14 13:29:00,250.752,122,482,0.01037344398340249
16293.0,4279.2,15,1833,168,2011-11-18 09:58:00,2009-12-11 09:58:00,285.28,22,707,0.021216407355021217
16294.0,126.05000000000001,1,54,8,2010-08-20 12:01:00,2010-08-20 12:01:00,126.05000000000001,477,0,1.0
16295.0,1328.55,4,841,70,2011-11-30 08:17:00,2011-10-06 10:45:00,332.1375,10,54,0.07407407407407407
16296.0,1313.67,4,645,56,2010-03-23 13:11:00,2009-12-18 12:03:00,328.4175,626,95,0.042105263157894736
16297.0,301.9,1,206,20,2011-03-16 08:29:00,2011-03-16 08:29:00,301.9,269,0,1.0
16298.0,1085.7,7,308,32,2011-11-17 11:59:00,2010-09-23 15:23:00,155.1,23,419,0.016706443914081145
16299.0,193.65,1,107,12,2010-08-19 17:46:00,2010-08-19 17:46:00,193.65,477,0,1.0
16300.0,1367.32,3,643,190,2010-10-05 13:14:00,2010-02-02 11:40:00,455.7733333333333,430,245,0.012244897959183673
16301.0,107.33,1,41,6,2009-12-03 10:20:00,2009-12-03 10:20:00,107.33,737,0,1.0
16302.0,233.22,1,158,11,2011-08-05 09:44:00,2011-08-05 09:44:00,233.22,127,0,1.0
16303.0,7928.27,7,3859,156,2011-11-14 10:49:00,2010-03-18 14:12:00,1132.6100000000001,26,605,0.011570247933884297
16304.0,381.66,1,228,25,2010-01-14 08:30:00,2010-01-14 08:30:00,381.66,695,0,1.0
16305.0,361.21999999999997,1,256,22,2011-07-24 12:18:00,2011-07-24 12:18:00,361.21999999999997,139,0,1.0
16306.0,1124.72,7,712,55,2011-05-10 12:12:00,2010-10-01 09:36:00,160.67428571428573,214,221,0.03167420814479638
16307.0,1194.92,3,1123,69,2010-10-06 14:31:00,2010-05-11 14:40:00,398.3066666666667,429,147,0.02040816326530612
16308.0,5120.0,7,16000,1,2011-11-02 11:24:00,2009-12-15 15:48:00,731.4285714285714,38,686,0.01020408163265306
16309.0,706.57,2,467,39,2011-08-25 15:35:00,2011-04-13 11:46:00,353.285,106,134,0.014925373134328358
16310.0,460.08,2,270,26,2010-10-21 14:47:00,2010-03-07 15:41:00,230.04,414,227,0.00881057268722467
16311.0,616.26,2,394,35,2011-11-22 08:54:00,2011-10-21 13:13:00,308.13,18,31,0.06451612903225806
16312.0,171.15,1,53,10,2010-10-03 14:15:00,2010-10-03 14:15:00,171.15,432,0,1.0
16313.0,274.15000000000003,2,165,16,2011-12-06 13:02:00,2011-10-21 09:04:00,137.07500000000002,3,46,0.043478260869565216
16314.0,1491.4,3,636,58,2010-11-15 12:06:00,2010-08-24 11:52:00,497.1333333333334,390,83,0.03614457831325301
16315.0,402.71,2,143,21,2011-01-13 11:57:00,2010-06-21 13:53:00,201.355,331,205,0.00975609756097561
16316.0,5744.91,13,3057,193,2011-10-06 13:48:00,2010-08-03 14:38:00,441.91615384615386,64,428,0.030373831775700934
16317.0,2192.51,5,1236,103,2011-08-12 12:46:00,2010-05-04 10:17:00,438.50200000000007,120,465,0.010752688172043012
16318.0,328.15,1,199,19,2011-11-04 13:05:00,2011-11-04 13:05:00,328.15,35,0,1.0
16319.0,404.40000000000003,1,72,3,2011-05-06 11:27:00,2011-05-06 11:27:00,404.40000000000003,218,0,1.0
16320.0,5628.99,6,3319,193,2011-06-20 15:25:00,2010-01-27 13:29:00,938.165,172,509,0.011787819253438114
16321.0,604.5500000000001,7,259,15,2011-09-28 14:55:00,2009-12-01 10:36:00,86.36428571428573,72,666,0.010510510510510511
16322.0,326.75,2,231,28,2011-12-08 15:41:00,2011-11-03 14:33:00,163.375,1,35,0.05714285714285714
16323.0,353.66,2,146,4,2011-05-27 14:48:00,2010-05-11 09:48:00,176.83,196,381,0.005249343832020997
16324.0,408.59000000000003,3,270,100,2011-08-03 12:58:00,2011-06-15 14:26:00,136.1966666666667,128,48,0.0625
16325.0,3597.5,12,2464,104,2011-10-24 08:48:00,2009-12-04 13:21:00,299.7916666666667,47,688,0.01744186046511628
16326.0,4626.25,24,1082,242,2011-12-04 10:11:00,2010-01-28 13:23:00,192.76041666666666,6,674,0.03560830860534125
16327.0,10129.04,16,8088,288,2011-11-25 13:23:00,2009-12-14 13:06:00,633.065,14,711,0.02250351617440225
16328.0,310.83,1,141,16,2010-05-25 14:02:00,2010-05-25 14:02:00,310.83,563,0,1.0
16329.0,1664.92,4,797,83,2010-10-08 12:44:00,2009-12-01 11:34:00,416.23,428,311,0.012861736334405145
16330.0,625.38,7,326,105,2011-11-22 12:24:00,2010-02-15 12:36:00,89.34,18,644,0.010869565217391304
16331.0,2037.7,6,756,33,2010-10-03 13:47:00,2010-03-07 10:55:00,339.6166666666667,432,210,0.02857142857142857
16332.0,1997.49,11,1122,157,2011-11-11 14:22:00,2010-04-29 13:41:00,181.59,28,561,0.0196078431372549
16333.0,26626.8,22,32184,9,2011-12-02 12:19:00,2011-02-03 10:50:00,1210.3090909090909,8,302,0.0728476821192053
16334.0,263.73,1,206,54,2010-08-04 16:38:00,2010-08-04 16:38:00,263.73,492,0,1.0
16335.0,2753.52,7,1004,193,2010-06-06 11:35:00,2009-12-04 10:18:00,393.36,552,184,0.03804347826086957
16336.0,3517.69,4,1473,64,2010-10-15 12:32:00,2010-03-18 08:05:00,879.4225,421,211,0.018957345971563982
16337.0,151.05,1,87,10,2011-11-03 10:03:00,2011-11-03 10:03:00,151.05,37,0,1.0
16338.0,214.79999999999998,1,94,11,2011-07-05 13:56:00,2011-07-05 13:56:00,214.79999999999998,157,0,1.0
16339.0,94.05,1,21,17,2011-02-28 13:41:00,2011-02-28 13:41:00,94.05,284,0,1.0
16340.0,1496.24,3,1319,277,2011-08-24 14:53:00,2010-06-06 13:26:00,498.74666666666667,107,444,0.006756756756756757
16341.0,3850.79,7,3022,103,2011-11-15 09:12:00,2010-04-09 10:30:00,550.1128571428571,25,584,0.011986301369863013
16342.0,322.41,4,157,10,2011-09-25 14:36:00,2011-06-13 10:10:00,80.6025,75,104,0.038461538461538464
16343.0,614.12,3,345,54,2011-11-23 17:45:00,2010-10-28 14:15:00,204.70666666666668,16,391,0.0076726342710997444
16344.0,842.42,4,706,43,2011-07-04 15:50:00,2010-02-09 12:16:00,210.605,158,510,0.00784313725490196
16345.0,1178.79,2,611,95,2011-10-26 16:03:00,2010-08-13 17:13:00,589.395,44,438,0.0045662100456621
16346.0,224.51,1,289,15,2010-11-19 15:55:00,2010-11-19 15:55:00,224.51,385,0,1.0
16347.0,3442.96,11,1715,209,2011-11-28 13:14:00,2010-03-12 12:41:00,312.99636363636364,11,626,0.01757188498402556
16348.0,1742.08,8,1158,179,2011-11-07 15:44:00,2010-10-05 13:57:00,217.76,32,398,0.020100502512562814
16349.0,53.5,1,9,9,2011-02-22 12:40:00,2011-02-22 12:40:00,53.5,291,0,1.0
16350.0,2253.89,9,1077,72,2011-11-18 15:53:00,2010-10-07 16:33:00,250.4322222222222,21,406,0.022167487684729065
16351.0,3330.0299999999997,13,2165,124,2011-01-11 10:26:00,2009-12-04 16:12:00,256.1561538461538,333,402,0.03233830845771144
16352.0,494.44,2,300,28,2011-11-22 10:32:00,2011-11-02 08:44:00,247.22,18,20,0.1
16353.0,9795.460000000001,38,3483,76,2011-12-06 12:23:00,2009-12-07 13:55:00,257.77526315789476,4,728,0.0521978021978022
16354.0,1119.46,5,592,116,2011-10-07 14:28:00,2010-04-27 13:33:00,223.892,63,528,0.00946969696969697
16355.0,416.35,1,179,47,2010-11-29 14:21:00,2010-11-29 14:21:00,416.35,375,0,1.0
16356.0,415.87,6,190,27,2011-05-26 11:51:00,2010-06-06 11:26:00,69.31166666666667,198,354,0.01694915254237288
16357.0,868.37,4,389,43,2011-11-06 16:04:00,2010-11-23 18:52:00,217.0925,33,347,0.011527377521613832
16358.0,2919.65,5,2065,118,2011-12-08 15:09:00,2010-11-10 11:36:00,583.9300000000001,1,393,0.01272264631043257
16359.0,2697.75,16,1764,78,2011-12-02 17:04:00,2010-02-16 10:39:00,168.609375,7,654,0.024464831804281346
16360.0,3450.41,6,2110,365,2011-12-05 12:16:00,2011-09-12 13:50:00,575.0683333333333,5,83,0.07228915662650602
16361.0,891.21,4,418,87,2011-11-30 12:32:00,2011-09-29 13:13:00,222.8025,10,61,0.06557377049180328
16362.0,922.16,6,467,67,2011-11-07 13:01:00,2010-09-28 09:24:00,153.69333333333333,32,405,0.014814814814814815
16363.0,109.36000000000001,1,52,5,2011-10-17 14:14:00,2011-10-17 14:14:00,109.36000000000001,53,0,1.0
16364.0,705.79,2,279,48,2011-11-28 11:27:00,2011-07-25 14:35:00,352.895,12,125,0.016
16365.0,3167.34,15,1034,97,2011-11-22 11:24:00,2009-12-11 12:41:00,211.156,18,710,0.02112676056338028
16366.0,1548.1299999999999,4,882,74,2011-11-21 08:19:00,2009-12-16 10:39:00,387.03249999999997,19,704,0.005681818181818182
16367.0,1350.48,3,1103,196,2011-11-02 13:13:00,2010-11-21 13:23:00,450.16,37,345,0.008695652173913044
16368.0,621.44,3,307,74,2011-12-07 13:12:00,2010-09-30 11:30:00,207.14666666666668,2,433,0.006928406466512702
16369.0,2654.48,7,1585,114,2011-11-21 16:25:00,2010-04-07 16:52:00,379.2114285714286,18,592,0.011824324324324325
16370.0,1301.91,4,640,143,2011-09-18 15:55:00,2011-04-28 16:40:00,325.4775,82,142,0.028169014084507043
16371.0,157.2,1,108,11,2010-09-17 12:09:00,2010-09-17 12:09:00,157.2,449,0,1.0
16372.0,1290.31,5,722,271,2011-11-06 13:08:00,2010-04-11 15:20:00,258.062,33,573,0.008726003490401396
16373.0,309.49,2,119,25,2010-11-22 15:50:00,2010-10-24 13:10:00,154.745,382,29,0.06896551724137931
16374.0,1709.55,5,768,275,2011-10-04 15:21:00,2010-04-30 13:10:00,341.90999999999997,66,522,0.009578544061302681
16375.0,104.0,2,74,11,2010-08-26 14:25:00,2010-08-26 14:12:00,52.0,470,0,2.0
16376.0,974.96,2,691,104,2011-12-01 11:38:00,2011-11-22 16:47:00,487.48,9,8,0.25
16377.0,1308.48,2,2928,6,2011-03-17 15:41:00,2010-04-01 10:36:00,654.24,267,350,0.005714285714285714
16378.0,362.95,3,267,22,2011-04-06 15:07:00,2011-02-02 12:42:00,120.98333333333333,247,63,0.047619047619047616
16379.0,2157.4,4,1410,87,2011-12-05 15:38:00,2011-09-22 09:33:00,539.35,4,74,0.05405405405405406
16380.0,1743.1499999999999,1,1428,28,2011-10-09 15:40:00,2011-10-09 15:40:00,1743.1499999999999,61,0,1.0
16381.0,247.85,2,108,60,2010-11-09 09:56:00,2010-10-17 13:06:00,123.925,396,22,0.09090909090909091
16382.0,353.1,2,167,42,2010-10-27 16:23:00,2010-06-07 12:42:00,176.55,408,142,0.014084507042253521
16383.0,2887.99,7,1590,238,2011-09-26 12:45:00,2010-02-04 13:18:00,412.57,75,598,0.011705685618729096
16384.0,1358.95,4,861,80,2011-09-11 11:19:00,2010-04-28 14:01:00,339.7375,90,500,0.008
16385.0,881.35,5,476,94,2011-10-10 13:12:00,2010-03-18 12:45:00,176.27,60,571,0.008756567425569177
16386.0,1068.16,3,700,127,2011-11-11 12:28:00,2010-11-17 11:19:00,356.05333333333334,29,359,0.008356545961002786
16387.0,882.46,5,448,68,2011-01-21 11:34:00,2010-03-11 12:22:00,176.49200000000002,323,315,0.015873015873015872
16388.0,186.05,1,83,13,2010-02-24 10:20:00,2010-02-24 10:20:00,186.05,654,0,1.0
16389.0,1382.07,4,1242,33,2011-10-17 14:41:00,2011-03-01 15:47:00,345.5175,53,229,0.017467248908296942
16390.0,467.5,3,122,16,2010-06-21 10:11:00,2010-01-29 15:25:00,155.83333333333334,537,142,0.02112676056338028
16391.0,1048.86,4,713,260,2010-11-04 12:27:00,2010-05-27 11:27:00,262.215,401,161,0.024844720496894408
16392.0,755.45,3,603,124,2011-03-15 12:11:00,2010-05-27 11:17:00,251.8166666666667,270,292,0.010273972602739725
16393.0,5297.77,23,3001,313,2011-12-07 12:51:00,2009-12-01 12:13:00,230.33782608695654,2,736,0.03125
16394.0,1555.34,5,2604,61,2011-10-14 09:48:00,2011-02-23 10:58:00,311.068,57,232,0.021551724137931036
16395.0,3517.56,14,2900,415,2011-10-10 12:50:00,2009-12-06 12:26:00,251.25428571428571,61,673,0.020802377414561663
16396.0,137.8,1,80,8,2010-08-20 14:17:00,2010-08-20 14:17:00,137.8,476,0,1.0
16397.0,123.13,1,43,9,2010-03-21 15:36:00,2010-03-21 15:36:00,123.13,628,0,1.0
16398.0,1705.8,2,758,75,2011-07-08 15:16:00,2011-03-31 09:38:00,852.9,154,99,0.020202020202020204
16399.0,628.42,3,434,96,2011-11-20 16:12:00,2010-11-15 15:03:00,209.47333333333333,19,370,0.008108108108108109
16400.0,3059.85,9,2066,214,2011-09-06 12:27:00,2009-12-08 12:38:00,339.98333333333335,95,636,0.014150943396226415
16401.0,6847.45,23,6033,109,2011-12-08 18:15:00,2010-06-02 13:13:00,297.71521739130435,1,554,0.04151624548736462
16402.0,293.45,2,146,55,2011-03-20 12:25:00,2010-12-05 13:42:00,146.725,265,104,0.019230769230769232
16403.0,177.5,1,114,10,2011-01-31 13:39:00,2011-01-31 13:39:00,177.5,312,0,1.0
16404.0,443.05,1,157,23,2011-09-30 14:55:00,2011-09-30 14:55:00,443.05,70,0,1.0
16405.0,167.25,2,187,3,2011-02-10 15:24:00,2011-02-02 17:08:00,83.625,302,7,0.2857142857142857
16406.0,528.36,3,257,135,2011-11-21 11:57:00,2010-02-24 11:51:00,176.12,19,635,0.004724409448818898
16407.0,2761.65,14,1448,120,2011-11-27 11:05:00,2010-10-03 13:56:00,197.2607142857143,13,419,0.03341288782816229
16408.0,231.93,1,227,45,2010-04-27 14:08:00,2010-04-27 14:08:00,231.93,591,0,1.0
16409.0,5652.74,12,3664,335,2011-11-03 16:45:00,2009-12-13 15:38:00,471.06166666666667,36,690,0.017391304347826087
16410.0,130.32,1,348,5,2009-12-05 14:51:00,2009-12-05 14:51:00,130.32,734,0,1.0
16411.0,756.39,4,461,139,2011-11-20 13:23:00,2010-10-07 15:09:00,189.0975,19,408,0.00980392156862745
16412.0,593.19,5,288,84,2011-10-17 12:35:00,2010-02-04 13:46:00,118.638,54,619,0.008077544426494346
16413.0,522.03,2,283,55,2011-10-14 12:08:00,2010-11-29 12:49:00,261.015,57,318,0.006289308176100629
16414.0,551.21,5,201,58,2011-11-18 09:42:00,2010-01-14 10:21:00,110.242,22,672,0.00744047619047619
16415.0,696.76,3,508,120,2011-10-26 13:35:00,2010-02-01 12:30:00,232.25333333333333,44,632,0.004746835443037975
16416.0,2957.88,9,2198,146,2011-11-13 12:50:00,2010-02-23 12:00:00,328.65333333333336,27,628,0.014331210191082803
16417.0,35.7,1,6,1,2010-08-04 09:08:00,2010-08-04 09:08:00,35.7,493,0,1.0
16418.0,1028.74,5,564,121,2011-10-26 12:39:00,2010-10-13 12:31:00,205.748,45,378,0.013227513227513227
16419.0,1463.7,8,701,62,2011-08-19 12:33:00,2010-02-09 13:26:00,182.9625,113,555,0.014414414414414415
16420.0,75.0,1,120,2,2010-11-08 15:15:00,2010-11-08 15:15:00,75.0,396,0,1.0
16421.0,526.27,3,123,35,2010-11-28 13:31:00,2010-08-27 12:02:00,175.42333333333332,376,93,0.03225806451612903
16422.0,61728.87,108,64033,110,2011-11-22 14:00:00,2010-01-12 11:57:00,571.5636111111112,17,679,0.15905743740795286
16423.0,346.12,1,230,18,2011-11-15 09:21:00,2011-11-15 09:21:00,346.12,25,0,1.0
16424.0,443.06,2,212,10,2011-06-01 13:40:00,2010-11-22 11:24:00,221.53,191,191,0.010471204188481676
16425.0,302.7,1,199,21,2011-02-10 14:30:00,2011-02-10 14:30:00,302.7,302,0,1.0
16426.0,1863.76,10,1215,211,2011-12-07 14:01:00,2011-03-08 15:45:00,186.376,2,273,0.03663003663003663
16427.0,241.06,2,156,8,2011-03-21 17:10:00,2011-02-28 15:18:00,120.53,263,21,0.09523809523809523
16428.0,638.49,3,575,121,2010-10-22 12:22:00,2010-07-30 12:10:00,212.83,414,84,0.03571428571428571
16429.0,284.55,1,9,2,2011-08-25 13:54:00,2011-08-25 13:54:00,284.55,106,0,1.0
16430.0,1102.94,6,306,18,2011-10-13 14:47:00,2010-01-27 12:45:00,183.82333333333335,57,624,0.009615384615384616
16431.0,623.28,3,442,51,2011-05-10 14:09:00,2011-02-15 14:02:00,207.76,213,84,0.03571428571428571
16432.0,287.4,1,276,8,2011-10-06 13:59:00,2011-10-06 13:59:00,287.4,64,0,1.0
16433.0,384.52,2,214,33,2011-11-11 14:09:00,2010-10-27 12:26:00,192.26,28,380,0.005263157894736842
16434.0,2673.69,12,1310,126,2011-11-10 14:28:00,2010-01-17 14:51:00,222.8075,29,661,0.018154311649016642
16435.0,1003.0699999999999,3,608,119,2010-07-15 18:22:00,2010-07-13 13:29:00,334.3566666666666,512,2,1.5
16436.0,319.14,3,227,37,2010-02-09 13:19:00,2009-12-06 16:02:00,106.38,668,64,0.046875
16437.0,301.25,2,197,17,2010-11-23 16:59:00,2010-10-06 12:34:00,150.625,381,48,0.041666666666666664
16438.0,798.35,5,463,74,2011-12-04 10:51:00,2011-09-18 13:31:00,159.67000000000002,6,76,0.06578947368421052
16439.0,310.70000000000005,1,74,9,2009-12-17 14:22:00,2009-12-17 14:22:00,310.70000000000005,722,0,1.0
16440.0,3856.9700000000003,6,2108,202,2011-12-02 12:02:00,2010-08-03 11:32:00,642.8283333333334,8,486,0.012345679012345678
16441.0,1013.18,5,477,66,2011-10-03 17:48:00,2010-03-22 18:00:00,202.636,67,559,0.008944543828264758
16442.0,891.98,5,580,226,2011-12-08 11:43:00,2009-12-13 11:05:00,178.39600000000002,2,725,0.006896551724137931
16443.0,162.24,1,96,1,2010-07-07 11:57:00,2010-07-07 11:57:00,162.24,521,0,1.0
16444.0,3625.88,17,1945,217,2011-10-24 13:50:00,2010-03-24 14:06:00,213.2870588235294,46,578,0.029411764705882353
16445.0,583.16,4,287,143,2011-11-06 12:32:00,2010-10-24 12:39:00,145.79,34,377,0.010610079575596816
16446.0,168472.5,2,80997,3,2011-12-09 09:15:00,2011-05-18 09:52:00,84236.25,1,204,0.00980392156862745
16447.0,727.1,3,315,59,2011-07-27 12:45:00,2010-02-17 14:09:00,242.36666666666667,136,524,0.0057251908396946565
16448.0,361.12,2,176,45,2011-05-25 16:28:00,2010-08-25 16:58:00,180.56,198,272,0.007352941176470588
16449.0,707.69,2,367,40,2011-05-26 10:25:00,2011-03-04 12:15:00,353.845,198,82,0.024390243902439025
16450.0,1505.73,3,681,36,2011-07-13 11:47:00,2010-02-21 15:46:00,501.91,150,506,0.005928853754940711
16451.0,1013.15,3,524,61,2011-09-13 09:17:00,2009-12-04 15:11:00,337.71666666666664,88,647,0.00463678516228748
16452.0,332.17,2,199,14,2010-03-19 12:39:00,2010-01-15 12:22:00,166.085,631,63,0.031746031746031744
16453.0,251.71,2,139,15,2010-06-27 12:46:00,2010-06-09 13:15:00,125.855,531,17,0.11764705882352941
16454.0,29.950000000000003,3,8,3,2011-10-06 16:57:00,2010-04-07 15:54:00,9.983333333333334,64,547,0.005484460694698354
16455.0,3995.57,11,2851,111,2011-10-07 12:17:00,2010-03-30 10:31:00,363.2336363636364,64,556,0.019784172661870502
16456.0,6000.94,13,3296,226,2011-09-01 13:50:00,2010-03-29 11:16:00,461.6107692307692,99,521,0.02495201535508637
16457.0,208.36,1,140,9,2011-05-05 13:19:00,2011-05-05 13:19:00,208.36,218,0,1.0
16458.0,5690.89,30,3395,91,2011-12-07 09:34:00,2010-05-26 14:38:00,189.69633333333334,3,559,0.05366726296958855
16459.0,71.78999999999999,1,59,5,2009-12-10 12:42:00,2009-12-10 12:42:00,71.78999999999999,730,0,1.0
16460.0,811.23,3,876,128,2011-11-11 13:46:00,2011-09-19 10:15:00,270.41,28,53,0.05660377358490566
16461.0,1539.83,3,927,222,2011-06-15 12:07:00,2010-03-03 13:57:00,513.2766666666666,178,468,0.00641025641025641
16462.0,136.0,3,16,1,2011-09-27 10:24:00,2011-03-01 08:58:00,45.333333333333336,74,210,0.014285714285714285
16463.0,1422.4,4,1163,74,2011-11-18 14:01:00,2011-05-19 14:45:00,355.6,21,182,0.02197802197802198
16464.0,1298.66,3,952,152,2011-11-20 12:11:00,2011-07-20 13:53:00,432.8866666666667,20,122,0.02459016393442623
16465.0,746.24,2,504,45,2010-10-15 09:27:00,2010-09-21 10:46:00,373.12,421,23,0.08695652173913043
16466.0,3767.09,15,1777,207,2011-11-06 11:35:00,2010-03-07 14:31:00,251.13933333333335,34,608,0.024671052631578948
16467.0,2869.16,7,7384,14,2010-07-19 11:49:00,2009-12-02 11:59:00,409.88,509,228,0.03070175438596491
16468.0,787.52,3,371,38,2011-09-26 14:13:00,2010-08-15 13:10:00,262.50666666666666,74,407,0.007371007371007371
16469.0,803.9,5,332,167,2011-11-16 12:25:00,2010-07-13 13:17:00,160.78,24,490,0.01020408163265306
16470.0,2416.85,11,1335,286,2011-10-19 12:11:00,2009-12-11 12:21:00,219.71363636363637,52,676,0.016272189349112426
16471.0,1189.98,4,670,48,2011-03-10 09:41:00,2010-02-25 10:07:00,297.495,275,377,0.010610079575596816
16472.0,789.6,2,252,39,2010-10-01 13:56:00,2010-04-21 11:48:00,394.8,434,163,0.012269938650306749
16473.0,470.83,4,296,26,2011-06-28 09:10:00,2010-11-30 16:29:00,117.7075,165,209,0.019138755980861243
16474.0,1810.49,7,907,236,2011-12-02 13:02:00,2011-07-17 14:51:00,258.64142857142855,7,137,0.051094890510948905
16475.0,544.3,4,319,23,2011-09-12 14:37:00,2011-03-11 09:39:00,136.075,88,185,0.021621621621621623
16476.0,350.35,1,187,24,2010-10-04 10:29:00,2010-10-04 10:29:00,350.35,432,0,1.0
16477.0,4094.37,11,2507,177,2011-10-07 09:44:00,2010-08-12 09:43:00,372.2154545454545,64,421,0.026128266033254157
16478.0,331.0,3,224,15,2011-11-14 15:51:00,2011-10-05 12:02:00,110.33333333333333,25,40,0.075
16479.0,300.83,2,102,35,2011-11-29 13:40:00,2011-11-29 13:04:00,150.415,10,0,2.0
16480.0,769.29,1,455,51,2011-09-25 11:40:00,2011-09-25 11:40:00,769.29,76,0,1.0
16481.0,453.38,1,201,16,2010-01-26 13:09:00,2010-01-26 13:09:00,453.38,682,0,1.0
16482.0,220.62,1,346,18,2011-11-24 12:33:00,2011-11-24 12:33:00,220.62,16,0,1.0
16483.0,139.35,1,44,19,2011-05-31 13:08:00,2011-05-31 13:08:00,139.35,192,0,1.0
16484.0,404.3,2,200,25,2011-06-19 12:06:00,2011-06-02 10:39:00,202.15,174,17,0.11764705882352941
16485.0,2287.19,5,1153,126,2011-09-23 15:50:00,2009-12-06 12:28:00,457.438,77,656,0.007621951219512195
16486.0,134.36,1,24,7,2010-06-20 12:16:00,2010-06-20 12:16:00,134.36,538,0,1.0
16487.0,209.4,2,163,28,2010-05-11 13:38:00,2010-02-18 17:36:00,104.7,577,81,0.024691358024691357
16488.0,498.8,3,728,28,2011-11-06 13:42:00,2011-07-14 11:46:00,166.26666666666668,33,115,0.02608695652173913
16489.0,303.7,2,38,4,2010-11-24 14:40:00,2010-09-29 15:02:00,151.85,380,55,0.03636363636363636
16490.0,205.41000000000003,1,113,13,2010-09-29 16:30:00,2010-09-29 16:30:00,205.41000000000003,436,0,1.0
16491.0,1533.16,2,1060,86,2011-10-24 10:18:00,2010-10-22 15:42:00,766.58,47,366,0.00546448087431694
16492.0,385.56,1,235,23,2010-06-17 08:20:00,2010-06-17 08:20:00,385.56,541,0,1.0
16493.0,2132.09,7,1988,77,2011-09-21 11:10:00,2010-03-26 13:05:00,304.5842857142857,80,543,0.01289134438305709
16494.0,826.53,1,675,47,2011-02-16 12:49:00,2011-02-16 12:49:00,826.53,297,0,1.0
16495.0,648.26,3,328,78,2011-12-06 13:20:00,2011-03-08 16:38:00,216.08666666666667,3,272,0.011029411764705883
16496.0,2330.77,6,1764,120,2011-12-01 10:31:00,2010-07-18 13:42:00,388.46166666666664,9,500,0.012
16497.0,6695.28,23,3050,239,2011-10-21 10:55:00,2009-12-03 14:11:00,291.0991304347826,50,686,0.033527696793002916
16498.0,100.97,2,45,15,2011-07-01 15:07:00,2011-06-30 19:52:00,50.485,161,0,2.0
16499.0,2578.34,8,1364,104,2010-12-14 13:31:00,2010-06-11 12:22:00,322.2925,360,186,0.043010752688172046
16500.0,843.9100000000001,9,386,24,2011-12-05 12:04:00,2010-06-14 14:54:00,93.76777777777778,5,538,0.016728624535315983
16501.0,1191.23,1,628,181,2010-11-21 14:10:00,2010-11-21 14:10:00,1191.23,383,0,1.0
16502.0,258.55,2,220,41,2010-03-29 13:44:00,2010-03-29 13:39:00,129.275,620,0,2.0
16503.0,3614.34,11,1535,161,2011-08-25 11:46:00,2010-06-21 14:07:00,328.5763636363636,107,429,0.02564102564102564
16504.0,465.88,1,510,76,2011-11-14 15:18:00,2011-11-14 15:18:00,465.88,25,0,1.0
16505.0,777.6,1,576,4,2011-11-08 12:14:00,2011-11-08 12:14:00,777.6,32,0,1.0
16506.0,90.30000000000001,2,42,3,2011-11-20 12:17:00,2011-10-30 15:50:00,45.150000000000006,20,20,0.1
16507.0,142.71,1,111,37,2010-05-16 12:56:00,2010-05-16 12:56:00,142.71,572,0,1.0
16508.0,240.95,1,103,42,2010-03-19 13:41:00,2010-03-19 13:41:00,240.95,630,0,1.0
16509.0,363.7,1,64,13,2011-02-16 09:25:00,2011-02-16 09:25:00,363.7,297,0,1.0
16510.0,1757.25,6,927,93,2010-12-02 13:39:00,2010-01-17 12:30:00,292.875,372,319,0.018808777429467086
16511.0,1758.49,6,765,234,2011-11-18 10:41:00,2010-03-01 12:21:00,293.08166666666665,22,626,0.009584664536741214
16513.0,874.59,4,407,33,2011-12-05 10:18:00,2011-10-27 14:56:00,218.6475,5,38,0.10526315789473684
16515.0,3179.06,10,1573,184,2011-10-18 13:10:00,2010-06-17 12:17:00,317.906,52,488,0.020491803278688523
16516.0,101.69999999999999,1,58,6,2011-11-09 14:59:00,2011-11-09 14:59:00,101.69999999999999,30,0,1.0
16517.0,162.7,1,96,17,2011-03-07 13:50:00,2011-03-07 13:50:00,162.7,277,0,1.0
16518.0,959.37,4,524,61,2011-10-09 15:04:00,2010-06-01 13:31:00,239.8425,61,495,0.00808080808080808
16519.0,436.96,4,149,31,2011-11-14 15:41:00,2010-03-01 13:51:00,109.24,25,623,0.006420545746388443
16520.0,2148.38,6,1045,251,2011-06-06 13:24:00,2010-03-02 16:50:00,358.06333333333333,186,460,0.013043478260869565
16521.0,1136.36,3,1013,211,2010-10-20 13:09:00,2010-03-01 13:22:00,378.78666666666663,415,232,0.01293103448275862
16522.0,433.36,2,212,16,2010-09-30 10:54:00,2010-09-15 13:32:00,216.68,436,14,0.14285714285714285
16523.0,11916.33,28,4979,180,2011-12-08 09:06:00,2010-01-24 13:14:00,425.5832142857143,2,682,0.04105571847507331
16524.0,306.19,2,259,50,2010-09-19 13:37:00,2010-01-17 13:16:00,153.095,446,245,0.00816326530612245
16525.0,24151.3,48,14430,115,2011-12-07 15:07:00,2009-12-02 13:53:00,503.15208333333334,2,735,0.0653061224489796
16526.0,717.21,2,279,30,2011-06-21 12:02:00,2010-05-04 16:34:00,358.605,172,412,0.0048543689320388345
16527.0,1232.94,2,708,66,2011-09-19 16:21:00,2010-10-11 13:25:00,616.47,81,343,0.0058309037900874635
16528.0,244.41,1,171,17,2011-12-06 12:45:00,2011-12-06 12:45:00,244.41,4,0,1.0
16529.0,1986.8,4,739,87,2011-06-02 17:23:00,2010-06-27 13:29:00,496.7,190,340,0.011764705882352941
16530.0,48.349999999999994,1,17,3,2010-02-09 15:30:00,2010-02-09 15:30:00,48.349999999999994,668,0,1.0
16531.0,2298.33,11,1863,109,2011-11-17 16:29:00,2010-09-24 09:49:00,208.9390909090909,22,419,0.026252983293556086
16532.0,8756.64,5,2544,2,2011-11-22 11:08:00,2010-03-29 10:26:00,1751.328,18,603,0.008291873963515755
16533.0,1082.81,3,611,112,2011-11-20 13:08:00,2011-10-02 15:07:00,360.93666666666667,19,48,0.0625
16534.0,635.9,1,168,36,2010-03-07 15:47:00,2010-03-07 15:47:00,635.9,642,0,1.0
16535.0,952.04,2,663,66,2011-12-04 15:18:00,2010-11-19 13:01:00,476.02,5,380,0.005263157894736842
16536.0,548.12,1,250,49,2011-08-21 15:54:00,2011-08-21 15:54:00,548.12,110,0,1.0
16537.0,10.55,1,19,2,2010-03-08 13:41:00,2010-03-08 13:41:00,10.55,641,0,1.0
16538.0,395.07,3,254,35,2010-06-16 16:59:00,2010-04-23 16:25:00,131.69,541,54,0.05555555555555555
16539.0,3289.66,10,1014,83,2011-12-07 08:41:00,2010-06-25 15:24:00,328.966,3,529,0.01890359168241966
16540.0,205.75,1,105,25,2010-10-21 17:22:00,2010-10-21 17:22:00,205.75,414,0,1.0
16541.0,424.03,1,173,38,2009-12-04 13:22:00,2009-12-04 13:22:00,424.03,735,0,1.0
16542.0,257.32,2,142,13,2011-10-17 10:47:00,2010-11-03 14:44:00,128.66,54,347,0.005763688760806916
16543.0,292.21,1,317,18,2010-04-27 11:38:00,2010-04-27 11:38:00,292.21,592,0,1.0
16544.0,376.70000000000005,4,150,8,2010-07-08 11:11:00,2010-02-15 13:20:00,94.17500000000001,520,142,0.028169014084507043
16545.0,689.82,2,322,6,2011-06-28 10:37:00,2010-11-29 10:39:00,344.91,165,210,0.009523809523809525
16546.0,5307.07,5,4211,75,2011-02-22 11:20:00,2010-09-23 15:43:00,1061.414,291,151,0.033112582781456956
16547.0,104.25999999999999,1,108,25,2010-06-11 13:02:00,2010-06-11 13:02:00,104.25999999999999,546,0,1.0
16548.0,30.15,1,6,6,2010-04-19 16:15:00,2010-04-19 16:15:00,30.15,599,0,1.0
16549.0,12781.8,34,7087,836,2011-11-29 15:06:00,2010-03-28 15:45:00,375.93529411764706,10,610,0.05573770491803279
16550.0,8807.68,18,5403,273,2011-08-23 11:12:00,2009-12-02 11:24:00,489.3155555555556,109,628,0.028662420382165606
16551.0,2237.12,7,2076,67,2011-09-05 09:38:00,2009-12-13 16:12:00,319.5885714285714,96,630,0.011111111111111112
16552.0,379.73,2,219,17,2011-04-11 10:04:00,2010-12-01 12:36:00,189.865,243,130,0.015384615384615385
16553.0,16584.01,33,16427,195,2011-06-29 15:42:00,2010-02-11 18:46:00,502.54575757575753,163,502,0.06573705179282868
16554.0,2841.72,8,1346,108,2011-10-28 14:51:00,2009-12-15 09:42:00,355.215,42,682,0.011730205278592375
16555.0,1915.68,6,1816,59,2011-11-04 14:31:00,2010-07-22 13:39:00,319.28000000000003,35,470,0.01276595744680851
16556.0,8012.58,17,4353,280,2011-10-04 11:36:00,2009-12-07 10:51:00,471.32823529411763,67,666,0.025525525525525526
16557.0,281.85,2,111,11,2011-11-15 14:04:00,2011-07-25 13:28:00,140.925,24,113,0.017699115044247787
16558.0,13304.11,38,7813,383,2011-12-09 10:20:00,2009-12-03 18:11:00,350.10815789473685,1,735,0.05170068027210884
16559.0,175.0,1,61,17,2010-11-07 13:52:00,2010-11-07 13:52:00,175.0,397,0,1.0
16560.0,3048.38,8,1603,140,2011-11-13 10:35:00,2009-12-08 12:05:00,381.0475,27,704,0.011363636363636364
16561.0,511.12,2,244,29,2011-12-04 11:50:00,2011-10-11 09:53:00,255.56,6,54,0.037037037037037035
16562.0,223.85999999999999,1,264,34,2010-08-20 11:45:00,2010-08-20 11:45:00,223.85999999999999,477,0,1.0
16563.0,4412.56,6,2584,55,2011-10-17 11:51:00,2009-12-01 18:35:00,735.4266666666667,54,684,0.008771929824561403
16564.0,87.8,1,40,5,2010-05-19 14:41:00,2010-05-19 14:41:00,87.8,569,0,1.0
16565.0,773.05,4,211,7,2010-12-10 15:21:00,2010-06-02 12:47:00,193.2625,364,191,0.020942408376963352
16566.0,614.66,5,362,14,2011-11-24 16:34:00,2011-02-20 10:29:00,122.93199999999999,15,277,0.018050541516245487
16567.0,865.6,2,996,34,2011-05-29 13:57:00,2011-01-07 09:31:00,432.8,194,142,0.014084507042253521
16568.0,1020.9000000000001,2,366,5,2010-10-08 10:54:00,2010-03-08 14:51:00,510.45000000000005,428,213,0.009389671361502348
16569.0,1455.23,5,988,27,2011-12-06 15:32:00,2009-12-16 15:05:00,291.046,3,720,0.006944444444444444
16570.0,7434.31,20,4292,114,2011-11-24 17:02:00,2010-03-30 09:32:00,371.7155,15,604,0.033112582781456956
16571.0,4248.74,10,3703,151,2011-11-13 11:46:00,2010-03-18 09:12:00,424.87399999999997,27,605,0.01652892561983471
16572.0,1009.6,3,532,40,2011-08-04 16:34:00,2011-03-09 12:04:00,336.53333333333336,127,148,0.02027027027027027
16573.0,663.61,2,360,40,2011-09-16 09:13:00,2011-02-22 15:14:00,331.805,85,205,0.00975609756097561
16574.0,1301.78,3,1002,86,2011-09-29 13:39:00,2010-02-19 11:46:00,433.9266666666667,71,587,0.005110732538330494
16576.0,540.87,2,323,32,2010-10-15 13:37:00,2010-07-06 10:42:00,270.435,420,101,0.019801980198019802
16577.0,380.0,1,142,23,2010-02-11 09:45:00,2010-02-11 09:45:00,380.0,667,0,1.0
16578.0,156.6,1,108,9,2010-03-23 15:11:00,2010-03-23 15:11:00,156.6,626,0,1.0
16579.0,295.05,1,119,14,2010-10-10 11:58:00,2010-10-10 11:58:00,295.05,426,0,1.0
16581.0,105.84,1,134,9,2011-06-10 10:05:00,2011-06-10 10:05:00,105.84,183,0,1.0
16582.0,313.62,1,164,6,2011-08-18 17:02:00,2011-08-18 17:02:00,313.62,113,0,1.0
16583.0,297.95,2,153,18,2010-12-01 12:03:00,2010-02-04 12:18:00,148.975,374,299,0.006688963210702341
16584.0,3156.17,5,1913,61,2011-09-20 13:45:00,2010-02-16 10:41:00,631.234,80,581,0.008605851979345954
16585.0,341.59,2,151,16,2010-04-25 10:34:00,2010-01-13 13:31:00,170.795,594,101,0.019801980198019802
16586.0,1462.78,3,348,27,2011-04-05 09:32:00,2010-03-14 11:24:00,487.5933333333333,249,386,0.007772020725388601
16587.0,225.15,1,71,13,2011-04-21 15:51:00,2011-04-21 15:51:00,225.15,232,0,1.0
16588.0,1361.28,4,882,64,2010-11-18 17:56:00,2010-05-14 13:43:00,340.32,386,188,0.02127659574468085
16589.0,612.36,4,536,39,2011-09-29 14:50:00,2010-09-15 14:56:00,153.09,71,378,0.010582010582010581
16590.0,605.9,2,240,26,2010-11-04 09:06:00,2010-10-21 12:09:00,302.95,401,13,0.15384615384615385
16591.0,213.5,1,41,10,2011-10-02 10:43:00,2011-10-02 10:43:00,213.5,69,0,1.0
16592.0,7807.91,28,5504,221,2011-12-05 13:49:00,2009-12-18 15:57:00,278.8539285714286,4,716,0.03910614525139665
16593.0,1071.1399999999999,8,377,57,2011-10-20 12:41:00,2009-12-05 10:44:00,133.89249999999998,51,684,0.011695906432748537
16594.0,181.09,1,64,53,2011-09-25 14:08:00,2011-09-25 14:08:00,181.09,75,0,1.0
16595.0,1757.75,5,1331,337,2011-10-09 13:15:00,2010-01-17 12:12:00,351.55,61,630,0.007936507936507936
16596.0,458.98,4,180,23,2011-11-24 10:02:00,2009-12-10 13:09:00,114.745,16,713,0.005610098176718092
16597.0,90.04,1,184,7,2011-12-05 15:44:00,2011-12-05 15:44:00,90.04,4,0,1.0
16598.0,145.04999999999998,1,73,10,2011-02-27 11:42:00,2011-02-27 11:42:00,145.04999999999998,286,0,1.0
16599.0,172.8,1,159,12,2010-11-19 12:45:00,2010-11-19 12:45:00,172.8,386,0,1.0
16600.0,2153.41,13,2420,106,2011-12-05 16:00:00,2009-12-18 12:59:00,165.64692307692306,4,717,0.01813110181311018
16601.0,675.83,3,388,59,2011-10-30 11:09:00,2010-03-26 13:39:00,225.27666666666667,41,582,0.005154639175257732
16602.0,763.33,2,429,37,2011-11-03 15:54:00,2010-11-16 09:13:00,381.665,36,352,0.005681818181818182
16603.0,482.47,2,480,34,2011-09-26 10:06:00,2011-09-09 13:02:00,241.235,75,16,0.125
16604.0,432.45,2,175,10,2010-05-26 09:10:00,2010-05-20 16:34:00,216.225,563,5,0.4
16605.0,60.48,1,144,1,2009-12-15 19:03:00,2009-12-15 19:03:00,60.48,724,0,1.0
16606.0,357.66,2,148,16,2010-10-31 13:57:00,2010-10-01 13:21:00,178.83,404,30,0.06666666666666667
16607.0,5706.87,25,4436,212,2011-11-22 10:24:00,2010-04-29 14:01:00,228.2748,18,571,0.043782837127845885
16608.0,1286.6200000000001,2,612,94,2010-09-12 11:44:00,2010-02-14 11:57:00,643.3100000000001,454,209,0.009569377990430622
16609.0,5493.46,7,2420,155,2011-11-24 13:32:00,2011-04-01 10:11:00,784.78,15,237,0.029535864978902954
16610.0,75.66,1,66,6,2011-05-04 13:13:00,2011-05-04 13:13:00,75.66,219,0,1.0
16611.0,1785.13,6,874,86,2011-06-06 15:46:00,2010-03-10 16:07:00,297.5216666666667,186,452,0.01327433628318584
16612.0,3245.43,9,1419,105,2011-11-07 07:38:00,2009-12-03 15:54:00,360.6033333333333,33,703,0.012802275960170697
16613.0,618.59,1,293,30,2011-09-30 15:52:00,2011-09-30 15:52:00,618.59,70,0,1.0
16614.0,1179.79,3,349,37,2011-06-10 11:36:00,2010-05-10 15:18:00,393.2633333333333,183,395,0.007594936708860759
16615.0,291.5,1,211,19,2010-03-23 15:13:00,2010-03-23 15:13:00,291.5,626,0,1.0
16616.0,500.42,2,370,31,2011-11-24 16:31:00,2011-07-05 13:38:00,250.21,15,142,0.014084507042253521
16617.0,151.85,1,91,5,2011-04-18 10:35:00,2011-04-18 10:35:00,151.85,236,0,1.0
16618.0,2647.59,5,1363,79,2011-11-08 13:52:00,2011-01-21 11:55:00,529.518,31,291,0.01718213058419244
16619.0,1938.33,4,1055,103,2011-03-21 08:18:00,2010-02-22 12:05:00,484.5825,264,391,0.010230179028132993
16620.0,1758.93,6,1146,78,2011-12-06 12:19:00,2009-12-01 14:35:00,293.15500000000003,4,734,0.008174386920980926
16621.0,813.48,4,302,22,2011-10-19 11:38:00,2011-03-07 11:32:00,203.37,52,226,0.017699115044247787
16622.0,225.4,1,44,12,2010-06-14 10:44:00,2010-06-14 10:44:00,225.4,544,0,1.0
16623.0,1015.24,4,442,44,2011-04-08 10:09:00,2010-04-26 14:04:00,253.81,246,346,0.011560693641618497
16624.0,810.5699999999999,2,488,44,2011-09-20 12:39:00,2011-05-26 14:20:00,405.28499999999997,81,116,0.017241379310344827
16625.0,1654.03,5,1057,82,2011-03-10 12:50:00,2010-06-14 11:56:00,330.806,275,269,0.01858736059479554
16626.0,4413.1,17,2690,86,2011-12-09 11:56:00,2011-03-18 12:27:00,259.59411764705885,1,265,0.06415094339622641
16627.0,322.8,1,162,20,2011-09-21 14:38:00,2011-09-21 14:38:00,322.8,79,0,1.0
16628.0,2318.1,7,1260,84,2011-11-10 12:45:00,2010-03-08 12:24:00,331.15714285714284,30,612,0.011437908496732025
16629.0,408.63,2,489,58,2011-09-27 10:34:00,2011-09-04 16:12:00,204.315,74,22,0.09090909090909091
16630.0,106.80000000000001,1,72,4,2010-10-28 14:30:00,2010-10-28 14:30:00,106.80000000000001,407,0,1.0
16631.0,1892.52,7,775,46,2010-08-15 11:20:00,2010-02-26 10:49:00,270.36,482,170,0.041176470588235294
16632.0,406.4,2,256,22,2010-08-11 11:39:00,2010-05-07 16:46:00,203.2,486,95,0.021052631578947368
16633.0,2883.1,6,1138,115,2011-11-22 13:41:00,2011-04-19 14:36:00,480.51666666666665,17,216,0.027777777777777776
16634.0,1649.81,6,1257,72,2011-05-01 12:09:00,2010-01-21 09:30:00,274.9683333333333,223,465,0.012903225806451613
16635.0,473.0,1,277,25,2010-10-29 09:41:00,2010-10-29 09:41:00,473.0,407,0,1.0
16636.0,3802.04,4,2186,62,2010-09-27 13:13:00,2010-03-03 14:06:00,950.51,438,207,0.01932367149758454
16637.0,1154.47,4,927,66,2011-11-07 13:17:00,2011-04-28 10:20:00,288.6175,32,193,0.02072538860103627
16638.0,2380.13,15,1627,130,2011-11-17 11:09:00,2010-08-18 13:33:00,158.67533333333333,23,455,0.03296703296703297
16639.0,1747.98,4,751,76,2011-11-08 13:20:00,2010-10-26 18:23:00,436.995,31,377,0.010610079575596816
16640.0,179.4,1,146,13,2010-11-07 10:48:00,2010-11-07 10:48:00,179.4,398,0,1.0
16641.0,554.5,2,454,36,2011-08-26 12:49:00,2010-01-07 12:22:00,277.25,106,596,0.003355704697986577
16642.0,1077.45,3,775,50,2011-12-05 11:31:00,2010-10-20 14:22:00,359.15000000000003,5,410,0.007317073170731708
16643.0,923.11,2,553,48,2011-04-08 08:24:00,2010-10-13 09:47:00,461.555,246,176,0.011363636363636364
16644.0,833.78,2,826,62,2011-06-15 12:39:00,2011-05-11 12:53:00,416.89,178,34,0.058823529411764705
16645.0,160.39,1,117,14,2009-12-04 09:49:00,2009-12-04 09:49:00,160.39,736,0,1.0
16646.0,678.8,1,1072,29,2010-09-16 13:28:00,2010-09-16 13:28:00,678.8,449,0,1.0
16647.0,541.9,4,396,28,2011-06-23 11:47:00,2010-06-13 15:52:00,135.475,170,374,0.0106951871657754
16648.0,672.8,3,503,37,2011-10-28 08:58:00,2010-04-28 14:58:00,224.26666666666665,43,547,0.005484460694698354
16649.0,306.58000000000004,1,82,20,2010-07-07 15:41:00,2010-07-07 15:41:00,306.58000000000004,520,0,1.0
16650.0,1916.11,7,1511,71,2011-09-29 09:51:00,2010-07-08 14:18:00,273.72999999999996,72,447,0.015659955257270694
16651.0,136.2,1,60,6,2010-05-02 11:46:00,2010-05-02 11:46:00,136.2,587,0,1.0
16652.0,17550.39,16,7477,124,2011-10-12 09:38:00,2010-03-17 10:22:00,1096.899375,59,573,0.027923211169284468
16653.0,1212.66,2,733,67,2011-11-23 14:51:00,2011-09-29 13:38:00,606.33,16,55,0.03636363636363636
16654.0,1484.07,8,640,64,2011-07-21 15:23:00,2010-04-06 13:29:00,185.50875,141,471,0.016985138004246284
16655.0,6423.26,13,3938,408,2011-11-22 11:25:00,2010-01-31 15:40:00,494.0969230769231,18,659,0.019726858877086494
16656.0,16833.170000000002,30,15433,22,2011-11-17 14:43:00,2009-12-04 12:59:00,561.1056666666667,22,713,0.04207573632538569
16657.0,874.43,4,1130,158,2011-11-30 11:48:00,2011-03-30 12:02:00,218.6075,10,244,0.01639344262295082
16658.0,680.83,5,269,48,2010-12-06 13:47:00,2010-03-30 16:24:00,136.166,368,250,0.02
16659.0,39.12,1,72,2,2011-06-03 15:03:00,2011-06-03 15:03:00,39.12,189,0,1.0
16660.0,1879.55,7,991,20,2011-11-23 14:53:00,2010-01-14 11:09:00,268.50714285714287,16,678,0.01032448377581121
16661.0,932.76,4,364,50,2010-06-17 15:24:00,2009-12-17 15:39:00,233.19,540,181,0.022099447513812154
16662.0,151.05,1,35,28,2010-11-10 16:56:00,2010-11-10 16:56:00,151.05,394,0,1.0
16663.0,165.0,1,100,1,2009-12-10 13:12:00,2009-12-10 13:12:00,165.0,729,0,1.0
16664.0,109.2,1,24,8,2010-05-19 17:11:00,2010-05-19 17:11:00,109.2,569,0,1.0
16665.0,135.39999999999998,1,59,9,2010-12-12 14:03:00,2010-12-12 14:03:00,135.39999999999998,362,0,1.0
16666.0,217.71,2,354,42,2011-11-20 14:01:00,2010-03-28 15:13:00,108.855,19,601,0.0033277870216306157
16667.0,567.1800000000001,2,236,52,2011-10-02 15:26:00,2011-02-28 12:57:00,283.59000000000003,68,216,0.009259259259259259
16668.0,862.42,13,773,28,2011-11-24 17:43:00,2010-03-18 18:25:00,66.34,15,615,0.02113821138211382
16669.0,1344.48,2,871,140,2011-11-16 12:26:00,2011-09-22 14:13:00,672.24,24,54,0.037037037037037035
16670.0,8030.150000000001,20,4534,258,2011-11-23 09:34:00,2009-12-10 15:28:00,401.50750000000005,17,712,0.028089887640449437
16671.0,1692.27,3,875,3,2011-11-11 13:40:00,2011-06-28 11:20:00,564.09,28,136,0.022058823529411766
16672.0,8134.9400000000005,20,2832,22,2011-12-07 16:29:00,2011-03-18 10:15:00,406.747,2,264,0.07575757575757576
16673.0,171.13,1,95,19,2010-01-29 14:22:00,2010-01-29 14:22:00,171.13,679,0,1.0
16674.0,304.24,2,181,89,2011-10-16 11:31:00,2011-09-02 13:59:00,152.12,55,43,0.046511627906976744
16675.0,608.86,2,296,21,2010-09-24 12:15:00,2010-08-18 13:11:00,304.43,442,36,0.05555555555555555
16676.0,2361.9,6,927,106,2011-11-06 12:01:00,2010-10-17 13:07:00,393.65000000000003,34,384,0.015625
16677.0,880.62,2,457,45,2010-10-24 14:53:00,2010-02-25 16:11:00,440.31,411,240,0.008333333333333333
16678.0,3109.99,12,2397,92,2011-12-07 12:17:00,2011-03-02 09:24:00,259.1658333333333,3,280,0.04285714285714286
16679.0,663.31,3,247,15,2010-12-08 13:51:00,2010-06-10 18:35:00,221.10333333333332,366,180,0.016666666666666666
16680.0,821.45,3,377,24,2011-10-27 17:35:00,2010-06-23 09:30:00,273.81666666666666,43,491,0.006109979633401222
16681.0,1921.84,7,1492,22,2011-09-28 11:11:00,2010-03-08 14:10:00,274.5485714285714,73,568,0.01232394366197183
16682.0,1028.0,5,1040,15,2011-12-05 12:13:00,2011-06-05 11:02:00,205.6,5,183,0.0273224043715847
16683.0,320.25,1,190,18,2010-06-24 10:36:00,2010-06-24 10:36:00,320.25,534,0,1.0
16684.0,147142.77,55,104810,184,2011-12-05 14:06:00,2009-12-07 12:56:00,2675.3230909090908,4,728,0.07554945054945054
16685.0,324.24,2,396,60,2011-10-09 13:58:00,2011-10-09 13:44:00,162.12,61,0,2.0
16686.0,4881.07,16,3419,549,2011-10-23 13:49:00,2009-12-06 15:48:00,305.066875,47,685,0.02335766423357664
16687.0,157.63,1,141,8,2010-11-14 11:46:00,2010-11-14 11:46:00,157.63,391,0,1.0
16688.0,1260.86,4,804,52,2011-12-08 15:24:00,2011-10-10 12:23:00,315.215,1,59,0.06779661016949153
16689.0,422.59999999999997,2,330,12,2011-09-25 11:39:00,2011-09-18 13:29:00,211.29999999999998,76,6,0.3333333333333333
16690.0,353.03,4,209,12,2011-09-28 15:02:00,2010-09-14 15:00:00,88.2575,72,379,0.010554089709762533
16691.0,178.83,2,92,11,2010-10-17 15:03:00,2010-05-27 14:55:00,89.415,418,143,0.013986013986013986
16692.0,1764.6999999999998,4,877,2,2011-03-28 14:46:00,2010-09-24 11:31:00,441.17499999999995,256,185,0.021621621621621623
16693.0,1179.48,5,658,149,2011-10-02 11:10:00,2010-02-21 12:42:00,235.89600000000002,69,587,0.008517887563884156
16694.0,98.30000000000001,1,26,3,2009-12-16 15:45:00,2009-12-16 15:45:00,98.30000000000001,723,0,1.0
16695.0,191.9,2,184,30,2010-05-27 12:36:00,2010-05-27 12:24:00,95.95,562,0,2.0
16696.0,657.9000000000001,4,146,7,2011-07-27 14:23:00,2011-04-05 15:20:00,164.47500000000002,135,112,0.03571428571428571
16697.0,112.75,1,27,20,2011-04-12 17:12:00,2011-04-12 17:12:00,112.75,241,0,1.0
16698.0,1998.0,2,840,4,2011-04-27 10:52:00,2011-03-31 13:33:00,999.0,227,26,0.07692307692307693
16699.0,994.6,7,640,51,2010-11-24 14:38:00,2009-12-04 13:31:00,142.0857142857143,380,355,0.01971830985915493
16700.0,8830.77,25,6644,263,2011-12-01 11:00:00,2009-12-02 10:51:00,353.23080000000004,9,729,0.03429355281207133
16701.0,9916.73,26,11046,154,2011-12-01 11:10:00,2009-12-01 19:19:00,381.4126923076923,9,729,0.03566529492455418
16702.0,1109.53,4,690,83,2010-10-20 14:10:00,2009-12-07 16:40:00,277.3825,415,316,0.012658227848101266
16704.0,664.16,2,433,50,2010-03-31 14:02:00,2010-02-05 14:14:00,332.08,618,53,0.03773584905660377
16705.0,43515.05,42,22301,399,2011-12-09 12:08:00,2009-12-09 13:34:00,1036.0726190476191,1,729,0.05761316872427984
16706.0,531.35,3,249,108,2011-11-02 13:50:00,2011-08-17 15:53:00,177.11666666666667,37,76,0.039473684210526314
16707.0,533.41,4,396,64,2010-11-04 14:39:00,2010-03-09 15:16:00,133.3525,400,239,0.016736401673640166
16708.0,656.63,1,285,27,2011-10-25 12:20:00,2011-10-25 12:20:00,656.63,46,0,1.0
16709.0,9056.01,14,3261,220,2011-09-16 10:56:00,2009-12-09 13:16:00,646.8578571428571,85,645,0.021705426356589147
16710.0,5921.35,22,4174,541,2011-11-20 14:50:00,2009-12-04 13:41:00,269.15227272727276,19,716,0.030726256983240222
16711.0,2868.48,9,1212,26,2011-12-06 16:32:00,2009-12-02 13:22:00,318.72,3,734,0.01226158038147139
16712.0,4225.22,13,2071,300,2011-11-30 13:48:00,2010-11-03 15:45:00,325.0169230769231,9,391,0.03324808184143223
16713.0,14115.56,32,8482,541,2011-11-21 12:36:00,2009-12-15 12:49:00,441.11125,19,705,0.04539007092198582
16714.0,1482.33,3,827,94,2011-01-26 13:46:00,2010-02-07 11:17:00,494.10999999999996,317,353,0.0084985835694051
16715.0,625.52,2,1174,27,2011-09-22 18:15:00,2010-05-26 12:35:00,312.76,78,484,0.004132231404958678
16716.0,2149.6800000000003,3,912,7,2011-03-18 10:03:00,2010-03-19 11:05:00,716.5600000000001,267,363,0.008264462809917356
16717.0,6663.68,14,3145,274,2011-11-16 12:16:00,2009-12-07 15:55:00,475.9771428571429,24,708,0.01977401129943503
16718.0,3006.08,5,1924,123,2010-12-05 13:03:00,2009-12-06 13:07:00,601.216,369,363,0.013774104683195593
16719.0,3508.62,14,2306,203,2011-11-25 09:27:00,2009-12-13 10:59:00,250.6157142857143,15,711,0.01969057665260197
16720.0,566.74,3,454,129,2011-11-13 16:22:00,2009-12-17 17:54:00,188.91333333333333,26,695,0.004316546762589928
16721.0,292.47,1,172,37,2011-03-22 16:08:00,2011-03-22 16:08:00,292.47,262,0,1.0
16722.0,8189.56,22,7986,145,2011-11-22 13:28:00,2009-12-03 19:23:00,372.25272727272727,17,718,0.03064066852367688
16723.0,1231.36,4,958,108,2011-09-09 13:01:00,2009-12-04 13:23:00,307.84,91,643,0.006220839813374806
16724.0,147.35,1,69,17,2010-10-31 11:40:00,2010-10-31 11:40:00,147.35,405,0,1.0
16725.0,1686.81,13,699,241,2011-02-10 16:52:00,2009-12-13 15:54:00,129.7546153846154,302,424,0.030660377358490566
16726.0,2063.88,7,1323,150,2011-11-13 14:53:00,2010-10-24 16:09:00,294.84000000000003,26,384,0.018229166666666668
16727.0,1377.77,4,1066,158,2010-12-10 13:48:00,2010-01-20 10:48:00,344.4425,364,324,0.012345679012345678
16728.0,1048.28,4,671,218,2011-10-24 14:36:00,2011-03-20 13:28:00,262.07,46,218,0.01834862385321101
16729.0,7202.01,21,5718,233,2011-11-01 14:29:00,2011-04-12 14:22:00,342.95285714285717,38,203,0.10344827586206896
16730.0,743.11,3,994,75,2011-10-18 14:11:00,2011-01-24 14:01:00,247.70333333333335,52,267,0.011235955056179775
16731.0,170.3,1,124,40,2010-03-01 15:05:00,2010-03-01 15:05:00,170.3,648,0,1.0
16732.0,4387.64,4,2414,199,2011-11-08 09:54:00,2009-12-08 13:04:00,1096.91,32,699,0.005722460658082976
16733.0,259.68,1,112,12,2010-06-28 10:12:00,2010-06-28 10:12:00,259.68,530,0,1.0
16734.0,646.76,3,345,44,2011-10-18 13:44:00,2011-08-17 15:00:00,215.58666666666667,52,61,0.04918032786885246
16735.0,6217.41,14,4240,178,2011-09-22 11:49:00,2009-12-08 09:24:00,444.1007142857143,79,653,0.021439509954058193
16736.0,2956.56,5,1050,116,2010-07-22 10:09:00,2009-12-03 16:12:00,591.312,506,230,0.021739130434782608
16737.0,835.1999999999999,2,576,1,2011-10-17 13:03:00,2010-05-11 09:53:00,417.59999999999997,53,524,0.003816793893129771
16738.0,3.75,1,3,1,2011-02-15 09:46:00,2011-02-15 09:46:00,3.75,298,0,1.0
16739.0,786.43,2,391,33,2011-06-16 09:17:00,2010-06-21 09:38:00,393.215,177,359,0.005571030640668524
16740.0,226.91,1,110,30,2010-11-09 13:34:00,2010-11-09 13:34:00,226.91,395,0,1.0
16741.0,173.06,1,81,11,2010-03-24 15:15:00,2010-03-24 15:15:00,173.06,625,0,1.0
16742.0,2334.97,13,2557,50,2010-08-04 10:52:00,2009-12-16 17:22:00,179.6130769230769,493,230,0.05652173913043478
16743.0,4212.15,14,3707,118,2011-11-10 13:13:00,2010-04-22 13:21:00,300.86785714285713,29,566,0.024734982332155476
16744.0,1291.91,7,798,198,2011-11-28 13:06:00,2011-06-19 15:13:00,184.55857142857144,11,161,0.043478260869565216
16745.0,7180.7,17,6719,148,2011-09-14 11:58:00,2011-02-01 11:31:00,422.3941176470588,87,225,0.07555555555555556
16746.0,18045.05,42,11898,389,2011-12-05 12:33:00,2009-12-04 13:00:00,429.6440476190476,5,730,0.057534246575342465
16747.0,836.06,2,583,34,2011-11-02 11:37:00,2011-10-03 10:18:00,418.03,38,30,0.06666666666666667
16748.0,3637.33,14,2127,55,2011-11-22 10:17:00,2009-12-10 12:28:00,259.8092857142857,18,711,0.01969057665260197
16749.0,4157.88,2,1910,53,2010-04-27 13:06:00,2009-12-15 14:05:00,2078.94,591,132,0.015151515151515152
16750.0,623.93,5,214,74,2011-10-26 12:48:00,2011-04-21 16:53:00,124.78599999999999,45,187,0.026737967914438502
16751.0,1764.72,1,1031,24,2011-11-09 10:48:00,2011-11-09 10:48:00,1764.72,31,0,1.0
16752.0,207.5,1,54,9,2010-12-02 12:18:00,2010-12-02 12:18:00,207.5,373,0,1.0
16753.0,223.92000000000002,1,189,34,2011-10-12 13:14:00,2011-10-12 13:14:00,223.92000000000002,58,0,1.0
16754.0,65500.07,29,63551,38,2010-12-02 17:38:00,2010-03-08 11:32:00,2258.6231034482757,372,269,0.10780669144981413
16755.0,2864.68,7,1985,219,2011-08-17 13:21:00,2009-12-09 14:25:00,409.23999999999995,114,615,0.011382113821138212
16756.0,1312.3700000000001,7,707,64,2011-05-09 09:33:00,2010-03-09 15:56:00,187.48142857142858,215,425,0.01647058823529412
16757.0,270.48,2,180,13,2011-01-25 11:59:00,2010-10-26 15:09:00,135.24,319,90,0.022222222222222223
16758.0,369.34000000000003,1,203,22,2011-10-05 14:47:00,2011-10-05 14:47:00,369.34000000000003,65,0,1.0
16759.0,789.79,3,609,40,2011-12-02 12:42:00,2011-11-09 09:06:00,263.2633333333333,8,23,0.13043478260869565
16760.0,228.0,1,168,17,2010-10-05 15:55:00,2010-10-05 15:55:00,228.0,430,0,1.0
16761.0,316.62,1,341,13,2011-09-04 11:15:00,2011-09-04 11:15:00,316.62,97,0,1.0
16762.0,1207.24,3,480,51,2011-11-20 11:43:00,2011-07-18 12:52:00,402.41333333333336,20,124,0.024193548387096774
16763.0,964.6999999999999,2,492,44,2011-05-25 11:52:00,2009-12-01 15:26:00,482.34999999999997,199,539,0.0037105751391465678
16764.0,2790.9500000000003,13,1253,209,2011-12-06 11:41:00,2011-07-19 17:17:00,214.68846153846155,4,139,0.09352517985611511
16765.0,454.75,2,311,52,2011-02-18 15:41:00,2010-11-22 13:42:00,227.375,294,88,0.022727272727272728
16766.0,1145.6,2,536,17,2011-03-11 15:22:00,2011-03-11 13:34:00,572.8,273,0,2.0
16767.0,8052.41,15,7099,208,2011-11-09 09:42:00,2010-04-28 16:49:00,536.8273333333333,31,559,0.026833631484794274
16768.0,1698.57,9,774,108,2011-10-23 10:38:00,2009-12-07 11:47:00,188.73,48,684,0.013157894736842105
16769.0,1117.05,4,295,76,2011-03-24 13:41:00,2009-12-14 11:10:00,279.2625,260,465,0.008602150537634409
16770.0,1778.93,9,1052,202,2011-10-13 12:21:00,2010-08-22 16:08:00,197.6588888888889,58,416,0.021634615384615384
16771.0,3921.1,10,2290,302,2011-11-06 13:28:00,2009-12-09 11:52:00,392.11,33,697,0.014347202295552367
16772.0,3698.0499999999997,3,687,54,2010-10-12 13:19:00,2009-12-18 10:50:00,1232.6833333333332,423,298,0.010067114093959731
16773.0,421.24,3,252,53,2011-10-13 14:37:00,2009-12-06 15:01:00,140.41333333333333,57,675,0.0044444444444444444
16774.0,1567.48,8,774,89,2011-10-03 12:41:00,2010-02-16 16:53:00,195.935,68,593,0.013490725126475547
16775.0,2820.84,16,957,132,2011-11-29 15:22:00,2010-09-23 17:34:00,176.3025,10,431,0.037122969837587005
16776.0,592.51,2,435,105,2011-10-10 13:04:00,2010-10-20 12:13:00,296.255,60,355,0.005633802816901409
16777.0,1292.18,5,470,125,2011-09-20 13:41:00,2010-03-17 12:42:00,258.43600000000004,80,552,0.009057971014492754
16778.0,245.94,2,194,16,2011-09-26 13:48:00,2011-03-10 15:21:00,122.97,74,199,0.010050251256281407
16779.0,32809.03,53,19411,293,2011-12-07 14:54:00,2009-12-03 13:03:00,619.0383018867924,2,734,0.07220708446866485
16780.0,596.4,3,352,73,2011-08-31 16:09:00,2010-10-28 19:41:00,198.79999999999998,100,306,0.00980392156862745
16781.0,623.0,2,192,36,2010-12-02 14:26:00,2010-02-08 13:56:00,311.5,372,297,0.006734006734006734
16782.0,9636.12,38,4027,575,2011-11-29 13:20:00,2009-12-09 11:58:00,253.58210526315793,10,720,0.05277777777777778
16783.0,391.95,1,163,25,2010-09-29 11:53:00,2010-09-29 11:53:00,391.95,437,0,1.0
16784.0,892.33,5,494,138,2011-11-20 12:20:00,2010-03-28 12:55:00,178.466,20,601,0.008319467554076539
16785.0,533.78,1,313,35,2010-10-26 10:36:00,2010-10-26 10:36:00,533.78,410,0,1.0
16786.0,51.839999999999996,1,72,1,2010-11-11 08:25:00,2010-11-11 08:25:00,51.839999999999996,394,0,1.0
16787.0,1017.53,4,472,102,2010-11-07 11:01:00,2010-01-10 11:12:00,254.3825,398,300,0.013333333333333334
16788.0,1927.28,5,964,347,2011-08-08 14:53:00,2010-02-07 12:40:00,385.456,123,547,0.009140767824497258
16789.0,80.8,1,32,5,2011-12-01 15:12:00,2011-12-01 15:12:00,80.8,8,0,1.0
16790.0,1545.6200000000001,6,898,88,2011-12-06 11:53:00,2011-11-02 11:23:00,257.60333333333335,4,34,0.17647058823529413
16791.0,3944.88,15,1853,392,2011-11-10 19:12:00,2009-12-03 18:08:00,262.992,29,707,0.021216407355021217
16792.0,623.46,5,324,90,2011-03-02 14:41:00,2010-01-04 13:47:00,124.69200000000001,282,422,0.011848341232227487
16793.0,243.84,1,146,16,2011-10-13 15:08:00,2011-10-13 15:08:00,243.84,57,0,1.0
16794.0,2050.68,15,1575,244,2011-12-08 17:54:00,2010-03-25 15:17:00,136.712,1,623,0.024077046548956663
16795.0,2062.41,3,1214,306,2010-12-09 14:08:00,2010-01-25 13:14:00,687.4699999999999,365,318,0.009433962264150943
16796.0,305.62,1,186,18,2011-09-11 14:01:00,2011-09-11 14:01:00,305.62,89,0,1.0
16797.0,1802.02,5,898,289,2010-11-11 19:14:00,2009-12-02 13:33:00,360.404,393,344,0.014534883720930232
16798.0,841.16,3,205,141,2010-06-03 19:01:00,2009-12-10 19:35:00,280.38666666666666,554,174,0.017241379310344827
16799.0,452.78000000000003,2,162,81,2010-10-03 14:28:00,2010-09-12 12:46:00,226.39000000000001,432,21,0.09523809523809523
16800.0,1162.65,1,524,148,2011-11-28 14:06:00,2011-11-28 14:06:00,1162.65,11,0,1.0
16801.0,1594.23,4,493,72,2011-06-29 15:33:00,2011-03-11 13:56:00,398.5575,163,110,0.03636363636363636
16802.0,582.61,2,369,48,2010-01-29 13:44:00,2009-12-09 13:00:00,291.305,679,51,0.0392156862745098
16803.0,332.3,1,245,24,2011-10-05 14:28:00,2011-10-05 14:28:00,332.3,65,0,1.0
16804.0,536.99,3,246,59,2011-11-16 16:43:00,2011-03-14 15:48:00,178.99666666666667,23,247,0.012145748987854251
16805.0,1076.34,4,1119,212,2011-06-19 11:23:00,2009-12-14 15:17:00,269.085,174,551,0.007259528130671506
16806.0,736.21,4,355,67,2011-08-28 15:27:00,2011-04-14 19:59:00,184.0525,103,135,0.02962962962962963
16807.0,2123.88,6,1433,107,2011-07-20 12:00:00,2010-03-26 14:38:00,353.98,143,480,0.0125
16808.0,288.42,2,196,21,2011-09-01 19:34:00,2011-03-10 19:05:00,144.21,99,175,0.011428571428571429
16809.0,1727.43,9,1093,113,2011-11-16 15:45:00,2010-04-13 15:34:00,191.93666666666667,23,582,0.015463917525773196
16810.0,842.0400000000001,2,372,34,2011-05-31 15:32:00,2010-10-15 15:32:00,421.02000000000004,192,228,0.008771929824561403
16811.0,547.07,2,477,26,2011-12-05 11:39:00,2011-11-22 17:19:00,273.535,5,12,0.16666666666666666
16812.0,2392.0,4,1116,98,2010-12-14 12:35:00,2010-11-22 14:36:00,598.0,361,21,0.19047619047619047
16813.0,1652.18,10,1501,248,2011-12-01 14:03:00,2011-05-19 13:28:00,165.21800000000002,8,196,0.05102040816326531
16814.0,11914.95,36,4838,246,2011-11-25 13:27:00,2010-04-11 12:45:00,330.97083333333336,14,593,0.06070826306913996
16815.0,406.02,2,237,66,2010-09-12 10:59:00,2010-06-21 12:05:00,203.01,454,82,0.024390243902439025
16816.0,417.06,4,274,28,2011-08-28 14:16:00,2010-12-16 17:01:00,104.265,103,254,0.015748031496062992
16817.0,2560.7,13,1401,107,2011-12-07 11:03:00,2010-10-04 09:06:00,196.97692307692307,3,429,0.030303030303030304
16818.0,3349.57,11,2164,172,2011-11-29 10:41:00,2011-05-18 11:42:00,304.50636363636363,11,194,0.05670103092783505
16819.0,182.59,2,253,17,2010-08-31 17:37:00,2010-08-31 17:31:00,91.295,465,0,2.0
16820.0,497.61,1,307,26,2011-09-05 12:06:00,2011-09-05 12:06:00,497.61,96,0,1.0
16821.0,113.35,1,13,7,2010-11-23 10:04:00,2010-11-23 10:04:00,113.35,382,0,1.0
16822.0,181.39,1,171,11,2010-01-22 14:22:00,2010-01-22 14:22:00,181.39,686,0,1.0
16823.0,2243.09,7,1166,149,2011-04-26 15:00:00,2009-12-02 09:57:00,320.4414285714286,227,510,0.013725490196078431
16824.0,686.24,3,390,34,2011-11-24 12:38:00,2010-11-11 12:21:00,228.74666666666667,16,378,0.007936507936507936
16825.0,1826.89,5,1297,48,2011-11-01 11:51:00,2010-06-23 13:14:00,365.37800000000004,39,495,0.010101010101010102
16826.0,341.7,1,158,22,2011-10-19 14:05:00,2011-10-19 14:05:00,341.7,51,0,1.0
16827.0,387.18,5,124,9,2010-11-11 14:04:00,2010-04-29 19:07:00,77.436,393,195,0.02564102564102564
16828.0,113.5,1,58,7,2011-08-19 13:24:00,2011-08-19 13:24:00,113.5,112,0,1.0
16829.0,513.32,2,215,25,2011-07-06 10:48:00,2010-11-16 18:11:00,256.66,157,231,0.008658008658008658
16830.0,1207.5,4,699,65,2011-11-01 11:35:00,2009-12-13 12:11:00,301.875,39,687,0.005822416302765648
16831.0,91.8,1,48,6,2010-05-24 09:08:00,2010-05-24 09:08:00,91.8,565,0,1.0
16832.0,417.61,5,179,19,2011-06-08 15:36:00,2010-09-07 12:35:00,83.522,184,274,0.01824817518248175
16833.0,2409.04,6,878,87,2011-12-08 14:39:00,2010-03-26 15:31:00,401.50666666666666,1,621,0.00966183574879227
16834.0,898.96,2,760,43,2011-04-26 09:37:00,2010-02-03 14:24:00,449.48,228,446,0.004484304932735426
16835.0,1456.66,6,496,58,2011-08-03 13:50:00,2010-05-19 08:41:00,242.77666666666667,128,441,0.013605442176870748
16836.0,782.37,4,539,42,2011-10-31 10:05:00,2010-05-14 12:52:00,195.5925,40,534,0.00749063670411985
16837.0,3170.98,11,1563,123,2011-11-08 14:27:00,2011-04-08 08:48:00,288.2709090909091,31,214,0.0514018691588785
16838.0,1159.61,4,509,53,2011-05-26 13:13:00,2010-02-14 15:27:00,289.9025,197,465,0.008602150537634409
16839.0,21758.25,44,11295,132,2011-12-01 09:03:00,2010-02-11 15:02:00,494.5056818181818,9,657,0.0669710806697108
16840.0,139.85,2,117,9,2010-04-15 15:48:00,2010-02-03 12:42:00,69.925,603,71,0.028169014084507043
16841.0,4006.06,12,3478,187,2011-11-03 11:51:00,2010-01-12 11:32:00,333.8383333333333,37,660,0.01818181818181818
16842.0,1264.19,3,693,45,2011-08-31 10:42:00,2011-02-10 14:51:00,421.3966666666667,101,201,0.014925373134328358
16843.0,19571.43,35,18502,317,2011-10-28 09:06:00,2009-12-10 11:40:00,559.1837142857142,43,686,0.05102040816326531
16844.0,614.34,2,281,26,2010-05-26 10:29:00,2010-05-06 09:16:00,307.17,563,20,0.1
16845.0,253.88,1,167,20,2010-03-31 13:09:00,2010-03-31 13:09:00,253.88,618,0,1.0
16846.0,842.41,3,517,47,2011-10-20 13:55:00,2010-03-10 12:03:00,280.80333333333334,50,589,0.0050933786078098476
16847.0,614.89,2,255,37,2011-10-27 13:29:00,2010-03-31 13:32:00,307.445,43,574,0.003484320557491289
16848.0,1411.62,4,780,75,2011-10-18 08:42:00,2010-10-03 11:01:00,352.905,53,379,0.010554089709762533
16849.0,124.57,1,33,8,2011-06-06 09:16:00,2011-06-06 09:16:00,124.57,187,0,1.0
16850.0,332.41,1,249,19,2011-01-10 11:09:00,2011-01-10 11:09:00,332.41,334,0,1.0
16851.0,342.45,3,271,17,2011-12-05 13:32:00,2011-10-19 09:48:00,114.14999999999999,4,47,0.06382978723404255
16852.0,144.91000000000003,2,56,9,2011-11-29 13:22:00,2011-06-16 15:49:00,72.45500000000001,10,165,0.012121212121212121
16854.0,1408.96,2,997,72,2010-10-18 16:31:00,2010-03-09 14:32:00,704.48,417,223,0.008968609865470852
16855.0,328.4,2,164,19,2011-11-16 12:03:00,2011-10-27 16:31:00,164.2,24,19,0.10526315789473684
16856.0,358.49,3,171,16,2011-11-25 08:59:00,2010-09-23 13:11:00,119.49666666666667,15,427,0.00702576112412178
16857.0,352.8,1,168,11,2010-09-23 10:49:00,2010-09-23 10:49:00,352.8,443,0,1.0
16858.0,4292.59,10,1423,75,2010-12-06 09:52:00,2009-12-15 11:09:00,429.259,369,355,0.028169014084507043
16859.0,1932.41,7,1899,87,2011-07-18 12:19:00,2010-03-04 12:37:00,276.05857142857144,145,500,0.014
16860.0,1610.62,3,625,35,2010-09-13 10:05:00,2010-02-15 13:46:00,536.8733333333333,453,209,0.014354066985645933
16861.0,946.59,5,616,39,2011-10-11 09:05:00,2010-07-19 11:44:00,189.318,60,448,0.011160714285714286
16862.0,662.33,4,513,34,2010-06-10 13:05:00,2010-01-07 12:57:00,165.5825,547,154,0.025974025974025976
16863.0,834.27,3,640,43,2011-11-08 15:26:00,2010-10-26 10:03:00,278.09,31,378,0.007936507936507936
16864.0,409.25,2,283,17,2010-10-01 16:16:00,2010-04-20 11:56:00,204.625,434,164,0.012195121951219513
16865.0,130.95,1,157,15,2010-11-03 11:34:00,2010-11-03 11:34:00,130.95,402,0,1.0
16866.0,207.73999999999998,3,60,10,2011-07-22 10:06:00,2011-07-01 12:34:00,69.24666666666666,141,20,0.15
16867.0,76.74000000000001,1,58,6,2010-01-19 09:11:00,2010-01-19 09:11:00,76.74000000000001,690,0,1.0
16868.0,384.56,3,112,47,2010-11-10 13:17:00,2010-04-25 11:31:00,128.18666666666667,394,199,0.01507537688442211
16869.0,817.12,4,583,113,2011-11-17 12:02:00,2011-06-17 13:01:00,204.28,23,152,0.02631578947368421
16870.0,450.15999999999997,1,278,28,2010-08-27 13:53:00,2010-08-27 13:53:00,450.15999999999997,469,0,1.0
16871.0,2812.34,6,1253,131,2011-11-17 19:27:00,2011-03-14 10:31:00,468.72333333333336,22,248,0.024193548387096774
16872.0,1213.13,6,1079,12,2011-09-23 16:05:00,2010-09-02 17:36:00,202.18833333333336,77,385,0.015584415584415584
16873.0,14617.39,12,8601,252,2011-12-05 12:05:00,2010-02-09 14:17:00,1218.1158333333333,5,663,0.01809954751131222
16874.0,209.89000000000001,1,78,31,2010-11-25 13:08:00,2010-11-25 13:08:00,209.89000000000001,379,0,1.0
16875.0,4234.53,11,2099,161,2011-10-03 13:39:00,2010-01-05 09:16:00,384.9572727272727,67,636,0.01729559748427673
16876.0,136.01,1,181,32,2010-11-01 11:59:00,2010-11-01 11:59:00,136.01,404,0,1.0
16877.0,846.62,6,458,111,2011-11-27 13:47:00,2011-05-15 16:13:00,141.10333333333332,12,195,0.03076923076923077
16878.0,13.3,1,12,3,2011-09-16 17:39:00,2011-09-16 17:39:00,13.3,84,0,1.0
16880.0,1813.21,8,904,130,2011-11-09 11:33:00,2010-08-03 13:54:00,226.65125,31,462,0.017316017316017316
16881.0,432.0,1,600,1,2011-10-04 10:33:00,2011-10-04 10:33:00,432.0,67,0,1.0
16882.0,705.12,3,424,39,2011-10-04 10:42:00,2011-01-26 17:43:00,235.04,67,250,0.012
16883.0,2246.06,19,1016,159,2011-06-05 12:51:00,2009-12-04 12:07:00,118.21368421052631,187,548,0.03467153284671533
16884.0,1070.97,4,520,64,2011-11-02 11:52:00,2010-05-18 12:00:00,267.7425,38,532,0.007518796992481203
16885.0,683.35,4,357,120,2011-11-24 13:40:00,2010-11-19 12:51:00,170.8375,15,370,0.010810810810810811
16886.0,134.0,1,48,8,2010-09-09 15:08:00,2010-09-09 15:08:00,134.0,456,0,1.0
16887.0,658.17,3,423,94,2011-11-04 14:07:00,2009-12-01 13:41:00,219.39,35,703,0.004267425320056899
16888.0,434.2,3,145,44,2010-11-04 12:39:00,2010-01-07 13:07:00,144.73333333333332,401,300,0.01
16889.0,2526.65,6,1611,163,2011-05-29 11:05:00,2010-05-23 10:46:00,421.10833333333335,195,371,0.016172506738544475
16890.0,277.91,3,241,16,2010-08-20 11:23:00,2010-05-06 16:27:00,92.63666666666667,477,105,0.02857142857142857
16891.0,1727.94,11,652,335,2011-12-08 11:15:00,2009-12-04 12:37:00,157.08545454545455,2,733,0.015006821282401092
16892.0,754.75,7,367,119,2011-12-08 13:18:00,2009-12-08 14:20:00,107.82142857142857,1,729,0.009602194787379973
16893.0,249.47,2,116,79,2010-12-08 12:06:00,2010-11-28 15:14:00,124.735,367,9,0.2222222222222222
16894.0,1306.96,3,503,186,2010-07-25 15:43:00,2010-06-22 14:21:00,435.65333333333336,502,33,0.09090909090909091
16895.0,1102.9,5,421,135,2011-10-06 12:15:00,2010-02-12 11:07:00,220.58,65,601,0.008319467554076539
16896.0,103.95,1,18,18,2010-06-02 15:40:00,2010-06-02 15:40:00,103.95,555,0,1.0
16897.0,289.78,2,73,37,2011-02-13 15:02:00,2011-01-30 11:52:00,144.89,299,14,0.14285714285714285
16898.0,885.21,5,695,223,2011-11-13 15:44:00,2010-05-12 12:18:00,177.042,26,550,0.00909090909090909
16899.0,1695.77,8,811,101,2011-12-02 12:03:00,2010-11-07 15:00:00,211.97125,8,389,0.02056555269922879
16900.0,882.16,3,832,77,2011-11-23 10:32:00,2011-10-07 13:17:00,294.05333333333334,17,46,0.06521739130434782
16901.0,204.26,1,42,23,2009-12-10 16:30:00,2009-12-10 16:30:00,204.26,729,0,1.0
16902.0,1706.88,1,629,43,2011-08-15 14:17:00,2011-08-15 14:17:00,1706.88,116,0,1.0
16903.0,1041.75,3,717,148,2011-11-10 15:32:00,2010-10-20 14:42:00,347.25,29,386,0.007772020725388601
16904.0,4656.56,20,2596,482,2011-12-05 13:10:00,2010-10-24 16:03:00,232.82800000000003,4,406,0.04926108374384237
16905.0,4704.27,17,1911,170,2011-12-04 14:01:00,2009-12-10 20:04:00,276.7217647058824,5,723,0.02351313969571231
16906.0,1410.07,7,589,179,2011-09-19 11:49:00,2010-05-13 13:23:00,201.4385714285714,82,493,0.014198782961460446
16907.0,1470.89,9,451,109,2011-11-10 18:04:00,2010-07-01 17:30:00,163.43222222222224,29,497,0.018108651911468814
16908.0,252.59,1,61,20,2009-12-17 13:35:00,2009-12-17 13:35:00,252.59,722,0,1.0
16909.0,379.14,1,436,18,2011-09-28 16:45:00,2011-09-28 16:45:00,379.14,72,0,1.0
16910.0,1508.96,8,884,318,2011-12-05 12:51:00,2011-09-09 14:14:00,188.62,4,86,0.09302325581395349
16911.0,255.25,2,161,30,2010-03-14 12:18:00,2010-02-16 16:12:00,127.625,636,25,0.08
16912.0,4460.51,15,1689,130,2011-11-11 12:18:00,2009-12-09 12:32:00,297.36733333333336,29,701,0.021398002853067047
16913.0,423.90999999999997,3,229,18,2011-02-22 12:56:00,2010-02-26 12:06:00,141.3033333333333,290,361,0.008310249307479225
16914.0,183.76,1,112,25,2011-11-03 15:27:00,2011-11-03 15:27:00,183.76,36,0,1.0
16915.0,1543.18,11,190,54,2011-11-30 16:39:00,2010-05-19 13:32:00,140.2890909090909,9,560,0.019642857142857142
16916.0,896.12,4,647,179,2011-11-16 12:08:00,2010-10-20 12:56:00,224.03,24,391,0.010230179028132993
16917.0,1851.88,2,792,45,2011-03-08 11:55:00,2010-03-17 15:24:00,925.94,277,355,0.005633802816901409
16918.0,3206.54,16,2066,280,2011-10-21 12:50:00,2009-12-03 12:27:00,200.40875,50,687,0.023289665211062592
16919.0,4909.66,24,2333,230,2011-07-06 13:35:00,2010-08-19 15:28:00,204.56916666666666,156,320,0.075
16920.0,355.45,1,81,23,2010-10-24 14:07:00,2010-10-24 14:07:00,355.45,411,0,1.0
16921.0,409.21,3,275,78,2011-10-09 16:22:00,2010-04-18 15:34:00,136.40333333333334,61,539,0.0055658627087198514
16922.0,611.08,1,281,122,2010-05-16 11:24:00,2010-05-16 11:24:00,611.08,573,0,1.0
16923.0,13157.130000000001,32,6190,431,2011-11-27 13:00:00,2010-01-31 11:14:00,411.16031250000003,12,665,0.0481203007518797
16924.0,829.89,3,467,69,2011-11-18 12:53:00,2011-09-16 12:54:00,276.63,21,62,0.04838709677419355
16925.0,125.65,1,123,18,2010-06-17 15:03:00,2010-06-17 15:03:00,125.65,540,0,1.0
16926.0,1169.6100000000001,5,197,63,2010-12-03 13:42:00,2010-07-01 12:57:00,233.92200000000003,371,155,0.03225806451612903
16927.0,543.05,3,993,5,2011-08-16 11:10:00,2010-12-13 11:57:00,181.01666666666665,116,245,0.012244897959183673
16928.0,3798.08,26,2563,133,2011-09-20 15:10:00,2010-02-03 12:30:00,146.07999999999998,80,594,0.04377104377104377
16929.0,1295.39,7,929,51,2011-12-06 08:37:00,2011-07-07 12:39:00,185.0557142857143,4,151,0.046357615894039736
16930.0,378.89,3,339,47,2011-11-13 16:13:00,2011-10-02 14:25:00,126.29666666666667,26,42,0.07142857142857142
16931.0,5032.22,23,3357,466,2011-12-04 13:15:00,2010-11-07 13:24:00,218.79217391304348,5,391,0.058823529411764705
16932.0,412.55,3,217,116,2011-10-17 14:12:00,2010-05-17 14:15:00,137.51666666666668,53,517,0.005802707930367505
16933.0,3099.3,9,1533,213,2011-12-08 12:54:00,2009-12-09 15:03:00,344.3666666666667,1,728,0.012362637362637362
16934.0,2083.14,6,936,128,2011-10-16 12:40:00,2010-03-28 12:43:00,347.19,55,566,0.01060070671378092
16935.0,530.86,3,273,55,2010-11-23 09:16:00,2010-10-14 13:09:00,176.95333333333335,382,39,0.07692307692307693
16936.0,548.29,2,339,122,2011-11-14 11:04:00,2010-11-19 11:54:00,274.145,26,359,0.005571030640668524
16937.0,196.25,1,123,49,2010-07-28 17:56:00,2010-07-28 17:56:00,196.25,499,0,1.0
16938.0,6995.360000000001,9,5041,547,2011-12-01 10:20:00,2010-02-17 14:47:00,777.2622222222222,9,651,0.013824884792626729
16939.0,433.85,3,229,38,2010-08-08 12:24:00,2010-02-28 13:33:00,144.61666666666667,489,160,0.01875
16940.0,6427.66,8,4503,360,2011-10-18 13:15:00,2009-12-08 13:08:00,803.4575,52,679,0.011782032400589101
16941.0,33.0,1,12,2,2010-04-07 11:13:00,2010-04-07 11:13:00,33.0,612,0,1.0
16942.0,1904.99,9,805,159,2011-11-27 12:40:00,2011-04-26 11:59:00,211.66555555555556,13,215,0.04186046511627907
16943.0,816.73,3,145,23,2011-05-12 11:57:00,2011-01-25 14:00:00,272.24333333333334,212,106,0.02830188679245283
16944.0,101.36,1,27,7,2010-04-09 11:03:00,2010-04-09 11:03:00,101.36,610,0,1.0
16945.0,8548.16,33,5889,231,2011-11-18 11:39:00,2009-12-09 11:33:00,259.0351515151515,22,709,0.0465444287729196
16946.0,1222.04,5,509,69,2010-11-21 14:06:00,2010-03-02 10:49:00,244.408,383,264,0.01893939393939394
16947.0,946.71,4,654,49,2011-04-18 09:38:00,2010-03-03 10:54:00,236.6775,236,410,0.00975609756097561
16948.0,868.77,7,2091,20,2011-07-24 12:46:00,2010-02-21 13:48:00,124.11,139,517,0.013539651837524178
16949.0,1286.27,6,791,57,2011-12-06 11:07:00,2011-01-27 12:11:00,214.37833333333333,4,312,0.019230769230769232
16950.0,3533.77,10,2424,110,2011-10-14 09:06:00,2010-01-24 11:26:00,353.377,57,627,0.01594896331738437
16951.0,1277.75,3,1318,73,2011-07-28 12:05:00,2011-02-08 14:58:00,425.9166666666667,135,169,0.01775147928994083
16952.0,795.83,5,343,76,2011-08-22 13:03:00,2009-12-11 13:52:00,159.166,109,618,0.008090614886731391
16953.0,20.8,1,10,1,2011-11-09 15:54:00,2011-11-09 15:54:00,20.8,30,0,1.0
16954.0,6081.88,20,4086,83,2011-12-09 09:46:00,2010-01-18 14:49:00,304.094,1,689,0.02902757619738752
16955.0,1120.31,6,723,33,2011-06-08 10:36:00,2010-01-31 11:38:00,186.71833333333333,185,492,0.012195121951219513
16956.0,308.74,1,114,16,2011-11-22 08:56:00,2011-11-22 08:56:00,308.74,18,0,1.0
16957.0,416.64,2,172,15,2011-04-14 13:56:00,2011-03-03 09:25:00,208.32,239,42,0.047619047619047616
16958.0,778.49,1,514,69,2010-09-30 14:25:00,2010-09-30 14:25:00,778.49,435,0,1.0
16959.0,117.35000000000001,1,49,7,2011-09-13 15:03:00,2011-09-13 15:03:00,117.35000000000001,87,0,1.0
16960.0,1988.93,8,1489,333,2011-11-01 11:35:00,2010-03-02 13:36:00,248.61625,39,608,0.013157894736842105
16961.0,794.56,3,482,52,2011-08-15 13:46:00,2010-06-25 14:36:00,264.8533333333333,116,415,0.007228915662650603
16962.0,251.04,1,158,15,2010-10-26 11:36:00,2010-10-26 11:36:00,251.04,410,0,1.0
16963.0,110.55000000000001,1,35,7,2011-06-05 13:48:00,2011-06-05 13:48:00,110.55000000000001,187,0,1.0
16964.0,207.85,2,49,6,2009-12-06 12:53:00,2009-12-06 12:51:00,103.925,733,0,2.0
16965.0,192.07,1,243,25,2011-04-27 12:08:00,2011-04-27 12:08:00,192.07,227,0,1.0
16966.0,2154.97,7,1981,8,2011-12-01 13:40:00,2011-04-13 14:17:00,307.8528571428571,8,231,0.030303030303030304
16967.0,319.02,1,333,21,2011-06-03 14:24:00,2011-06-03 14:24:00,319.02,189,0,1.0
16968.0,439.43,2,326,31,2011-12-05 15:02:00,2011-08-24 10:51:00,219.715,4,103,0.019417475728155338
16969.0,650.41,3,816,42,2011-10-31 13:12:00,2011-06-01 12:10:00,216.8033333333333,39,152,0.019736842105263157
16970.0,71.4,1,12,2,2010-03-23 13:50:00,2010-03-23 13:50:00,71.4,626,0,1.0
16971.0,357.21,1,72,40,2011-11-01 15:06:00,2011-11-01 15:06:00,357.21,38,0,1.0
16972.0,749.0,2,183,54,2010-11-22 10:59:00,2010-09-09 11:20:00,374.5,383,73,0.0273972602739726
16973.0,127.0,1,60,6,2010-11-18 13:56:00,2010-11-18 13:56:00,127.0,386,0,1.0
16974.0,365.5,2,70,5,2010-07-05 10:18:00,2010-05-24 10:43:00,182.75,523,41,0.04878048780487805
16975.0,926.12,3,586,44,2010-10-12 17:53:00,2010-07-22 11:38:00,308.70666666666665,423,82,0.036585365853658534
16976.0,251.51999999999998,1,88,2,2011-03-17 16:33:00,2011-03-17 16:33:00,251.51999999999998,267,0,1.0
16977.0,496.0,4,142,25,2010-11-09 13:17:00,2010-03-18 11:06:00,124.0,395,236,0.01694915254237288
16978.0,768.88,3,285,65,2011-09-23 12:50:00,2010-02-11 16:27:00,256.29333333333335,78,588,0.00510204081632653
16979.0,2859.74,9,1451,82,2011-12-06 12:21:00,2010-09-15 14:30:00,317.74888888888887,4,446,0.020179372197309416
16980.0,1422.8300000000002,3,990,91,2011-03-29 16:36:00,2010-10-07 14:05:00,474.2766666666667,255,173,0.017341040462427744
16982.0,384.06,1,182,22,2011-10-10 12:28:00,2011-10-10 12:28:00,384.06,61,0,1.0
16983.0,3490.5299999999997,11,2315,151,2011-11-27 12:10:00,2010-09-19 12:38:00,317.3209090909091,13,433,0.025404157043879907
16984.0,10350.53,9,5127,669,2011-09-12 13:43:00,2010-03-07 15:34:00,1150.058888888889,88,553,0.0162748643761302
16985.0,10923.16,23,3103,130,2011-11-22 13:33:00,2009-12-10 13:34:00,474.92,17,711,0.03234880450070324
16986.0,4888.75,11,2539,65,2011-11-10 11:55:00,2010-02-04 14:46:00,444.4318181818182,30,643,0.017107309486780714
16987.0,2499.45,11,670,154,2011-12-06 17:26:00,2009-12-02 14:34:00,227.22272727272727,3,734,0.014986376021798364
16988.0,382.67,2,158,20,2011-12-04 16:02:00,2010-11-25 09:22:00,191.335,5,374,0.0053475935828877
16989.0,1133.25,6,1233,7,2011-12-02 16:39:00,2011-07-12 09:11:00,188.875,7,143,0.04195804195804196
16990.0,344.0,2,200,1,2011-05-05 08:30:00,2010-10-13 11:42:00,172.0,219,203,0.009852216748768473
16991.0,1041.21,1,793,74,2010-10-14 14:08:00,2010-10-14 14:08:00,1041.21,421,0,1.0
16992.0,5476.5,13,2061,212,2011-11-29 11:50:00,2010-02-11 12:36:00,421.2692307692308,11,655,0.01984732824427481
16993.0,1950.9499999999998,2,285,19,2010-09-02 12:16:00,2010-05-12 13:55:00,975.4749999999999,464,112,0.017857142857142856
16996.0,2123.61,9,919,32,2011-11-09 16:43:00,2010-10-18 12:24:00,235.95666666666668,30,387,0.023255813953488372
16997.0,702.0,3,360,7,2011-02-24 17:28:00,2011-01-18 11:51:00,234.0,288,37,0.08108108108108109
16998.0,402.0,5,104,2,2011-07-13 09:44:00,2010-09-21 14:39:00,80.4,150,294,0.017006802721088437
16999.0,484.82,2,294,21,2011-11-16 13:53:00,2011-09-26 15:43:00,242.41,23,50,0.04
17000.0,406.3,2,305,26,2010-11-08 13:35:00,2010-10-27 14:16:00,203.15,396,11,0.18181818181818182
17001.0,6640.8,19,3782,108,2011-12-09 09:38:00,2010-03-25 12:41:00,349.5157894736842,1,623,0.030497592295345103
17002.0,2571.55,7,1265,64,2011-09-15 12:40:00,2010-03-08 15:46:00,367.36428571428576,86,555,0.012612612612612612
17003.0,828.21,4,494,90,2010-11-02 13:15:00,2010-05-10 11:20:00,207.0525,402,176,0.022727272727272728
17004.0,2324.36,4,1233,48,2011-10-24 14:25:00,2010-10-11 15:43:00,581.09,46,377,0.010610079575596816
17005.0,622.36,2,691,14,2010-08-26 10:57:00,2010-04-30 10:55:00,311.18,471,118,0.01694915254237288
17006.0,1635.27,8,572,103,2011-12-05 12:09:00,2010-03-05 13:33:00,204.40875,5,639,0.012519561815336464
17007.0,1120.1,7,717,63,2011-10-20 10:47:00,2010-09-28 13:51:00,160.0142857142857,51,386,0.018134715025906734
17008.0,81.36,1,24,1,2010-10-06 15:19:00,2010-10-06 15:19:00,81.36,429,0,1.0
17009.0,242.06,1,336,10,2010-06-06 16:01:00,2010-06-06 16:01:00,242.06,551,0,1.0
17010.0,195.36,1,118,11,2011-11-21 14:49:00,2011-11-21 14:49:00,195.36,18,0,1.0
17011.0,671.7,3,792,27,2011-11-09 13:30:00,2010-02-26 09:47:00,223.9,30,621,0.004830917874396135
17012.0,360.61,1,251,34,2009-12-14 17:34:00,2009-12-14 17:34:00,360.61,725,0,1.0
17014.0,583.4300000000001,3,243,63,2011-12-01 14:09:00,2011-10-04 11:36:00,194.4766666666667,8,58,0.05172413793103448
17015.0,1838.6100000000001,3,1978,182,2011-11-11 10:45:00,2011-06-07 13:19:00,612.87,29,156,0.019230769230769232
17016.0,552.4,1,309,41,2010-05-12 12:32:00,2010-05-12 12:32:00,552.4,577,0,1.0
17017.0,12576.99,29,9397,120,2011-12-07 09:32:00,2009-12-03 13:22:00,433.68931034482756,3,733,0.03956343792633015
17018.0,2287.7,6,456,26,2011-10-30 11:42:00,2009-12-05 10:27:00,381.2833333333333,41,694,0.008645533141210375
17019.0,3586.99,11,2390,343,2011-11-28 13:06:00,2009-12-02 11:52:00,326.09,11,726,0.015151515151515152
17020.0,935.62,2,860,64,2010-06-15 13:06:00,2010-03-03 12:27:00,467.81,542,104,0.019230769230769232
17021.0,1182.22,6,992,35,2010-09-23 20:01:00,2010-04-29 20:05:00,197.03666666666666,442,146,0.0410958904109589
17022.0,260.0,2,180,16,2011-11-08 17:09:00,2010-10-03 10:27:00,130.0,31,401,0.004987531172069825
17023.0,800.18,3,530,48,2010-10-18 15:37:00,2010-01-11 15:09:00,266.72666666666663,417,280,0.010714285714285714
17024.0,95.85,3,69,2,2011-10-25 13:47:00,2011-07-05 09:31:00,31.95,45,112,0.026785714285714284
17025.0,1349.67,5,885,31,2011-10-10 09:06:00,2010-03-08 13:37:00,269.934,61,580,0.008620689655172414
17026.0,175.82999999999998,3,107,4,2011-06-07 14:28:00,2010-10-18 15:22:00,58.60999999999999,185,231,0.012987012987012988
17027.0,1310.63,9,645,126,2011-09-22 12:24:00,2009-12-10 12:10:00,145.62555555555556,79,651,0.013824884792626729
17028.0,1593.83,3,856,85,2010-05-07 15:33:00,2009-12-18 14:28:00,531.2766666666666,581,140,0.02142857142857143
17029.0,2137.3,7,1265,19,2011-08-21 11:06:00,2010-02-14 10:19:00,305.3285714285715,111,553,0.012658227848101266
17030.0,146.87,1,146,11,2011-10-07 08:49:00,2011-10-07 08:49:00,146.87,64,0,1.0
17031.0,2773.85,6,1595,34,2011-11-28 10:23:00,2010-05-07 14:52:00,462.30833333333334,12,569,0.01054481546572935
17032.0,2896.69,5,1664,180,2010-04-15 14:14:00,2009-12-10 15:36:00,579.338,603,125,0.04
17033.0,1332.79,4,871,33,2011-09-14 14:34:00,2010-11-07 12:55:00,333.1975,86,311,0.012861736334405145
17034.0,1276.42,5,694,49,2011-11-23 15:14:00,2010-07-14 12:55:00,255.28400000000002,16,497,0.01006036217303823
17035.0,613.59,4,327,29,2011-04-08 11:23:00,2009-12-03 10:37:00,153.3975,246,491,0.008146639511201629
17036.0,176.9,1,76,12,2010-11-21 14:26:00,2010-11-21 14:26:00,176.9,383,0,1.0
17037.0,1267.32,1,656,75,2011-09-13 12:49:00,2011-09-13 12:49:00,1267.32,88,0,1.0
17038.0,743.17,2,535,61,2011-11-09 13:50:00,2010-10-20 16:04:00,371.585,30,384,0.005208333333333333
17039.0,1954.99,1,689,44,2010-04-14 12:56:00,2010-04-14 12:56:00,1954.99,604,0,1.0
17040.0,463.25,2,189,15,2011-07-25 10:19:00,2010-06-07 15:08:00,231.625,138,412,0.0048543689320388345
17041.0,1655.2,6,1303,93,2011-11-13 11:21:00,2010-04-18 14:25:00,275.8666666666667,27,573,0.010471204188481676
17042.0,1036.58,5,990,74,2011-12-07 12:26:00,2011-04-06 14:53:00,207.31599999999997,3,244,0.020491803278688523
17043.0,2593.65,8,1616,175,2011-11-07 15:33:00,2009-12-09 15:20:00,324.20625,32,698,0.011461318051575931
17044.0,11962.3,12,5722,92,2011-11-14 14:28:00,2009-12-07 12:25:00,996.8583333333332,25,707,0.016973125884016973
17045.0,827.6800000000001,5,294,44,2011-08-18 17:09:00,2010-10-06 14:52:00,165.536,113,316,0.015822784810126583
17046.0,1906.07,5,1636,76,2011-07-05 14:24:00,2010-03-29 13:46:00,381.214,157,463,0.01079913606911447
17047.0,2289.23,6,1184,114,2011-09-15 13:27:00,2009-12-08 08:48:00,381.53833333333336,85,646,0.009287925696594427
17048.0,2071.68,7,1068,88,2011-08-14 11:49:00,2010-01-18 13:55:00,295.9542857142857,118,572,0.012237762237762238
17049.0,9942.53,19,4273,316,2011-12-07 10:48:00,2010-03-04 10:23:00,523.291052631579,3,643,0.029548989113530325
17050.0,4648.59,11,2432,193,2011-09-04 13:48:00,2010-01-26 14:54:00,422.59909090909093,96,585,0.018803418803418803
17051.0,706.49,4,507,107,2011-05-29 14:13:00,2010-03-21 14:55:00,176.6225,194,433,0.009237875288683603
17052.0,399.09,1,251,72,2011-11-11 14:50:00,2011-11-11 14:50:00,399.09,28,0,1.0
17053.0,498.48,1,122,13,2011-08-01 10:23:00,2011-08-01 10:23:00,498.48,131,0,1.0
17054.0,1356.33,5,804,64,2011-11-11 12:56:00,2011-04-08 13:14:00,271.26599999999996,28,216,0.023148148148148147
17055.0,232.85,1,83,24,2010-09-20 12:21:00,2010-09-20 12:21:00,232.85,446,0,1.0
17056.0,128.60000000000002,1,26,8,2009-12-01 12:55:00,2009-12-01 12:55:00,128.60000000000002,738,0,1.0
17057.0,288.79,1,122,47,2010-04-22 19:21:00,2010-04-22 19:21:00,288.79,596,0,1.0
17058.0,1179.89,3,592,51,2011-09-19 10:13:00,2011-04-14 09:18:00,393.2966666666667,82,158,0.0189873417721519
17059.0,4864.57,9,3107,349,2011-11-10 12:27:00,2010-01-26 14:43:00,540.5077777777777,30,652,0.013803680981595092
17060.0,234.24,1,216,5,2011-03-18 13:27:00,2011-03-18 13:27:00,234.24,266,0,1.0
17061.0,5232.2300000000005,11,1526,57,2011-09-27 11:24:00,2011-04-21 13:29:00,475.65727272727275,74,158,0.06962025316455696
17062.0,884.71,6,632,81,2011-01-30 11:01:00,2010-09-26 11:57:00,147.45166666666668,314,125,0.048
17063.0,3638.53,13,1899,150,2011-11-18 16:19:00,2009-12-01 12:36:00,279.8869230769231,21,717,0.01813110181311018
17064.0,855.45,3,316,53,2011-10-12 10:18:00,2011-01-16 16:10:00,285.15000000000003,59,268,0.011194029850746268
17065.0,194.7,2,82,6,2010-03-12 11:41:00,2010-03-12 11:40:00,97.35,638,0,2.0
17066.0,228.34,1,93,17,2009-12-13 13:24:00,2009-12-13 13:24:00,228.34,726,0,1.0
17067.0,454.54,3,322,8,2009-12-15 08:39:00,2009-12-08 12:03:00,151.51333333333335,725,6,0.5
17068.0,8980.18,47,4345,249,2011-11-27 13:14:00,2010-03-28 14:26:00,191.06765957446808,12,608,0.07730263157894737
17069.0,5517.2300000000005,14,3230,202,2011-11-11 17:13:00,2009-12-03 12:27:00,394.08785714285716,28,708,0.01977401129943503
17070.0,437.42,2,232,102,2011-08-17 17:01:00,2010-10-25 15:57:00,218.71,114,296,0.006756756756756757
17071.0,3793.71,13,1934,141,2011-11-11 16:31:00,2010-01-24 13:05:00,291.82384615384615,28,656,0.019817073170731708
17072.0,273.35,1,212,20,2010-03-24 16:33:00,2010-03-24 16:33:00,273.35,625,0,1.0
17073.0,1444.84,4,758,141,2011-11-22 11:47:00,2011-08-22 14:37:00,361.21,18,91,0.04395604395604396
17074.0,203.05,1,19,4,2010-05-26 12:04:00,2010-05-26 12:04:00,203.05,563,0,1.0
17075.0,2236.63,10,785,153,2011-11-22 11:58:00,2009-12-14 11:24:00,223.663,18,708,0.014124293785310734
17076.0,1242.75,6,514,31,2011-11-03 17:53:00,2009-12-04 12:12:00,207.125,36,699,0.008583690987124463
17077.0,306.0,1,36,1,2010-05-10 16:36:00,2010-05-10 16:36:00,306.0,578,0,1.0
17078.0,375.86,2,782,27,2011-11-03 19:17:00,2011-11-03 18:49:00,187.93,36,0,2.0
17079.0,118.80000000000001,1,24,2,2011-09-22 15:34:00,2011-09-22 15:34:00,118.80000000000001,78,0,1.0
17080.0,957.53,7,569,26,2011-11-17 12:59:00,2010-07-01 16:03:00,136.79,22,503,0.013916500994035786
17081.0,949.39,6,381,166,2011-11-14 12:56:00,2010-02-22 13:19:00,158.23166666666665,25,629,0.009538950715421303
17082.0,4732.03,6,2526,117,2011-11-06 15:17:00,2009-12-15 11:25:00,788.6716666666666,33,691,0.008683068017366137
17083.0,4049.79,9,1955,30,2011-08-22 15:43:00,2010-02-09 11:46:00,449.9766666666667,109,559,0.016100178890876567
17084.0,5001.21,3,3178,263,2011-11-04 14:54:00,2010-11-08 14:20:00,1667.07,35,361,0.008310249307479225
17085.0,7839.27,28,3553,410,2011-08-08 14:15:00,2009-12-06 12:16:00,279.9739285714286,123,610,0.04590163934426229
17086.0,2050.08,6,1859,76,2011-12-02 13:54:00,2011-10-07 11:22:00,341.68,7,56,0.10714285714285714
17087.0,221.53,1,113,12,2009-12-02 10:41:00,2009-12-02 10:41:00,221.53,738,0,1.0
17088.0,1991.01,4,868,96,2011-11-11 14:23:00,2011-03-31 09:48:00,497.7525,28,225,0.017777777777777778
17089.0,128.45,1,35,4,2010-11-18 15:33:00,2010-11-18 15:33:00,128.45,386,0,1.0
17090.0,3080.1800000000003,13,1344,54,2011-12-05 13:44:00,2010-07-19 16:02:00,236.9369230769231,4,503,0.02584493041749503
17091.0,7495.75,19,3732,242,2011-12-07 10:43:00,2009-12-16 15:45:00,394.5131578947368,3,720,0.02638888888888889
17092.0,5511.41,11,3768,273,2011-10-20 19:51:00,2010-02-02 16:42:00,501.0372727272727,50,625,0.0176
17093.0,235.88,1,114,13,2010-04-26 10:22:00,2010-04-26 10:22:00,235.88,593,0,1.0
17094.0,402.20000000000005,2,212,18,2011-01-21 13:09:00,2010-10-12 10:48:00,201.10000000000002,322,101,0.019801980198019802
17095.0,2572.25,7,1695,110,2011-11-17 12:21:00,2009-12-15 12:32:00,367.4642857142857,23,701,0.009985734664764621
17096.0,3697.93,11,1559,162,2011-11-24 15:01:00,2010-06-02 14:48:00,336.17545454545456,15,540,0.020370370370370372
17097.0,1143.36,9,582,182,2011-12-07 17:05:00,2010-10-05 14:09:00,127.03999999999999,2,428,0.02102803738317757
17098.0,591.0699999999999,3,125,10,2010-11-23 12:13:00,2010-06-17 10:30:00,197.0233333333333,382,159,0.018867924528301886
17099.0,582.17,1,317,40,2010-06-24 16:25:00,2010-06-24 16:25:00,582.17,533,0,1.0
17100.0,971.74,2,800,65,2011-11-21 16:36:00,2011-11-21 16:36:00,485.87,18,0,2.0
17101.0,2507.05,7,1175,54,2011-11-29 13:57:00,2010-06-07 15:12:00,358.15000000000003,10,539,0.012987012987012988
17102.0,25.5,1,2,1,2011-03-23 10:08:00,2011-03-23 10:08:00,25.5,262,0,1.0
17103.0,424.3,1,471,32,2009-12-17 14:08:00,2009-12-17 14:08:00,424.3,722,0,1.0
17104.0,474.03,1,149,19,2010-10-12 12:21:00,2010-10-12 12:21:00,474.03,424,0,1.0
17105.0,665.78,2,693,80,2011-07-03 15:53:00,2011-02-06 14:46:00,332.89,159,147,0.013605442176870748
17106.0,481.58,1,153,51,2010-11-15 14:11:00,2010-11-15 14:11:00,481.58,389,0,1.0
17107.0,16052.72,10,7530,377,2011-11-06 14:14:00,2010-01-31 15:47:00,1605.272,33,643,0.015552099533437015
17108.0,174.95,1,31,9,2010-02-14 12:22:00,2010-02-14 12:22:00,174.95,664,0,1.0
17109.0,1291.71,8,788,124,2011-11-10 16:59:00,2010-07-30 12:42:00,161.46375,29,468,0.017094017094017096
17110.0,499.9,3,136,38,2011-06-27 12:58:00,2010-04-08 13:32:00,166.63333333333333,165,444,0.006756756756756757
17111.0,459.58,2,581,44,2011-10-23 15:59:00,2010-10-10 15:21:00,229.79,47,378,0.005291005291005291
17112.0,197.57,1,130,44,2010-07-25 11:14:00,2010-07-25 11:14:00,197.57,503,0,1.0
17113.0,2305.59,6,913,122,2010-05-14 13:59:00,2010-01-11 10:14:00,384.26500000000004,574,123,0.04878048780487805
17114.0,801.12,8,215,85,2011-12-04 12:17:00,2011-01-09 11:39:00,100.14,6,329,0.0243161094224924
17115.0,2761.4900000000002,7,885,102,2011-12-01 14:30:00,2009-12-05 12:13:00,394.49857142857144,8,726,0.009641873278236915
17116.0,389.78,1,392,47,2010-03-01 16:29:00,2010-03-01 16:29:00,389.78,648,0,1.0
17117.0,116.19999999999999,1,68,9,2011-02-24 13:54:00,2011-02-24 13:54:00,116.19999999999999,288,0,1.0
17118.0,157.02,1,154,10,2011-01-26 12:19:00,2011-01-26 12:19:00,157.02,318,0,1.0
17119.0,606.91,2,334,35,2011-12-06 14:40:00,2011-10-11 11:03:00,303.455,3,56,0.03571428571428571
17120.0,307.46,1,120,18,2011-04-20 15:21:00,2011-04-20 15:21:00,307.46,233,0,1.0
17121.0,314.74,1,106,12,2010-11-02 11:47:00,2010-11-02 11:47:00,314.74,403,0,1.0
17122.0,570.5,4,368,23,2011-08-12 14:33:00,2010-07-28 09:34:00,142.625,119,380,0.010526315789473684
17123.0,966.67,3,651,36,2011-07-01 10:47:00,2010-05-16 11:52:00,322.2233333333333,162,410,0.007317073170731708
17124.0,294.24,1,129,31,2011-06-07 14:02:00,2011-06-07 14:02:00,294.24,185,0,1.0
17125.0,230.5,1,281,34,2011-10-20 14:41:00,2011-10-20 14:41:00,230.5,50,0,1.0
17126.0,2008.93,9,1420,294,2011-07-10 13:52:00,2010-08-31 13:41:00,223.21444444444444,152,313,0.02875399361022364
17127.0,1155.0300000000002,5,340,27,2010-10-07 09:54:00,2009-12-04 15:18:00,231.00600000000003,429,306,0.016339869281045753
17128.0,157.09,1,76,14,2011-01-09 12:02:00,2011-01-09 12:02:00,157.09,335,0,1.0
17129.0,31.85,1,5,2,2010-07-07 13:46:00,2010-07-07 13:46:00,31.85,520,0,1.0
17131.0,2463.17,5,983,78,2011-12-04 12:52:00,2011-09-25 12:42:00,492.634,5,70,0.07142857142857142
17132.0,1220.9099999999999,2,963,62,2010-09-13 16:31:00,2010-08-08 13:49:00,610.4549999999999,452,36,0.05555555555555555
17133.0,14622.33,12,10107,22,2011-11-24 12:27:00,2010-03-21 12:31:00,1218.5275,16,612,0.0196078431372549
17134.0,625.3,3,144,31,2011-08-25 09:53:00,2010-09-23 18:32:00,208.4333333333333,107,335,0.008955223880597015
17135.0,1716.3799999999999,10,1682,97,2011-11-23 16:48:00,2010-05-09 16:03:00,171.63799999999998,16,563,0.017761989342806393
17136.0,231.68,1,256,14,2010-02-15 13:13:00,2010-02-15 13:13:00,231.68,662,0,1.0
17137.0,1099.81,6,680,125,2010-10-19 14:51:00,2010-01-31 12:27:00,183.30166666666665,416,261,0.022988505747126436
17138.0,4417.27,7,2024,234,2011-03-09 11:54:00,2010-02-04 14:19:00,631.0385714285715,276,397,0.017632241813602016
17139.0,19566.76,25,9853,447,2011-11-24 10:12:00,2010-01-11 11:31:00,782.6704,16,681,0.03671071953010279
17140.0,454.12,1,296,16,2011-04-06 13:33:00,2011-04-06 13:33:00,454.12,247,0,1.0
17141.0,727.58,4,423,138,2010-10-17 14:54:00,2010-01-24 14:19:00,181.895,418,266,0.015037593984962405
17142.0,1275.25,4,322,78,2011-04-14 18:22:00,2010-01-24 15:23:00,318.8125,239,445,0.008988764044943821
17143.0,880.97,2,314,82,2010-10-18 15:27:00,2010-07-12 13:26:00,440.485,417,98,0.02040816326530612
17144.0,984.57,2,483,42,2011-12-08 17:57:00,2011-09-16 12:50:00,492.285,1,83,0.024096385542168676
17145.0,3120.91,4,2591,168,2010-07-15 09:02:00,2010-02-19 12:07:00,780.2275,513,145,0.027586206896551724
17146.0,5852.64,13,2188,164,2011-08-26 12:44:00,2010-02-02 09:39:00,450.20307692307694,106,570,0.02280701754385965
17147.0,3199.95,9,1308,99,2011-11-17 12:32:00,2010-01-11 09:38:00,355.54999999999995,23,675,0.013333333333333334
17148.0,124.88,1,82,9,2011-10-19 09:59:00,2011-10-19 09:59:00,124.88,52,0,1.0
17149.0,143.10000000000002,1,18,6,2010-09-14 14:56:00,2010-09-14 14:56:00,143.10000000000002,451,0,1.0
17150.0,1357.95,6,397,64,2010-11-28 11:27:00,2009-12-06 10:51:00,226.32500000000002,377,357,0.01680672268907563
17151.0,231.90000000000003,1,42,4,2009-12-04 14:56:00,2009-12-04 14:56:00,231.90000000000003,735,0,1.0
17152.0,2016.5,4,577,9,2011-05-29 12:19:00,2010-10-10 12:40:00,504.125,195,230,0.017391304347826087
17153.0,213.78,1,104,14,2011-11-15 13:42:00,2011-11-15 13:42:00,213.78,24,0,1.0
17154.0,329.34,1,490,23,2011-09-25 13:42:00,2011-09-25 13:42:00,329.34,75,0,1.0
17155.0,892.46,7,987,43,2011-11-22 12:38:00,2009-12-03 11:34:00,127.49428571428572,18,719,0.009735744089012517
17156.0,591.87,1,391,39,2010-08-05 11:30:00,2010-08-05 11:30:00,591.87,492,0,1.0
17157.0,5151.9,19,2092,78,2011-12-02 09:10:00,2009-12-04 13:00:00,271.15263157894736,8,727,0.026134800550206328
17158.0,1980.0,5,1147,74,2011-11-07 15:15:00,2010-03-07 15:50:00,396.0,32,609,0.008210180623973728
17159.0,2099.59,5,1348,115,2011-11-18 10:52:00,2010-03-04 14:53:00,419.918,22,623,0.008025682182985553
17160.0,10209.16,17,8390,215,2011-11-08 14:05:00,2009-12-04 10:57:00,600.5388235294117,31,704,0.024147727272727272
17161.0,856.01,1,537,52,2010-09-21 16:44:00,2010-09-21 16:44:00,856.01,444,0,1.0
17162.0,1715.46,10,1001,81,2011-11-11 11:34:00,2011-02-07 12:27:00,171.546,29,276,0.036231884057971016
17163.0,699.78,4,531,27,2011-11-18 08:57:00,2010-02-02 10:39:00,174.945,22,653,0.006125574272588055
17164.0,2467.35,7,1501,92,2011-11-07 09:14:00,2011-03-11 14:26:00,352.4785714285714,33,240,0.029166666666666667
17165.0,1794.32,6,788,77,2011-02-28 16:39:00,2009-12-11 09:18:00,299.05333333333334,284,444,0.013513513513513514
17166.0,206.34,2,78,11,2011-11-01 09:46:00,2011-05-20 08:18:00,103.17,39,165,0.012121212121212121
17167.0,867.11,3,429,64,2010-11-25 10:05:00,2010-09-20 14:02:00,289.0366666666667,380,65,0.046153846153846156
17168.0,400.2,1,220,21,2010-07-29 12:33:00,2010-07-29 12:33:00,400.2,499,0,1.0
17169.0,1156.73,3,671,64,2011-10-13 10:25:00,2010-05-10 13:00:00,385.57666666666665,58,520,0.0057692307692307696
17170.0,178.68,2,152,8,2010-11-30 15:55:00,2010-11-15 16:23:00,89.34,374,14,0.14285714285714285
17171.0,384.59,2,225,25,2011-02-23 16:37:00,2010-02-16 12:02:00,192.295,289,372,0.005376344086021506
17172.0,956.5699999999999,3,1215,39,2011-09-22 09:36:00,2009-12-13 11:46:00,318.8566666666666,79,647,0.00463678516228748
17173.0,3766.6,8,1122,36,2011-12-04 14:40:00,2011-07-31 15:26:00,470.825,5,125,0.064
17174.0,59.9,1,41,4,2011-05-06 11:47:00,2011-05-06 11:47:00,59.9,218,0,1.0
17175.0,1443.69,4,866,42,2011-10-26 15:31:00,2011-02-16 14:56:00,360.9225,44,252,0.015873015873015872
17176.0,902.3199999999999,3,576,37,2011-05-22 12:41:00,2010-01-31 15:49:00,300.7733333333333,202,475,0.00631578947368421
17177.0,119.5,1,40,29,2010-07-22 14:53:00,2010-07-22 14:53:00,119.5,505,0,1.0
17178.0,432.96,1,100,31,2009-12-08 16:20:00,2009-12-08 16:20:00,432.96,731,0,1.0
17179.0,1507.26,6,625,75,2011-06-14 16:48:00,2010-05-26 11:22:00,251.21,178,384,0.015625
17180.0,2236.77,11,1809,189,2011-10-14 15:46:00,2010-01-21 17:43:00,203.34272727272727,56,630,0.01746031746031746
17181.0,309.85,3,268,28,2011-10-13 14:48:00,2010-04-23 11:21:00,103.28333333333335,57,538,0.0055762081784386614
17182.0,321.3,2,54,4,2010-10-13 10:09:00,2009-12-21 15:22:00,160.65,423,295,0.006779661016949152
17183.0,3347.31,6,1296,42,2011-12-02 10:07:00,2011-08-26 15:25:00,557.885,8,97,0.061855670103092786
17184.0,198.41000000000003,2,73,14,2010-05-19 14:24:00,2009-12-09 14:17:00,99.20500000000001,569,161,0.012422360248447204
17185.0,229.46,3,119,38,2010-04-27 12:15:00,2010-04-20 13:49:00,76.48666666666666,592,6,0.5
17186.0,144.0,2,200,1,2011-10-24 10:20:00,2011-10-10 12:52:00,72.0,47,13,0.15384615384615385
17187.0,467.71,2,426,21,2011-04-27 12:39:00,2010-07-01 14:38:00,233.855,227,299,0.006688963210702341
17188.0,4592.93,13,2569,136,2011-11-28 13:53:00,2009-12-08 19:16:00,353.3023076923077,11,719,0.01808066759388039
17189.0,953.63,5,601,101,2011-08-25 19:39:00,2009-12-02 11:45:00,190.726,106,631,0.00792393026941363
17190.0,1724.73,7,2214,159,2011-10-12 11:33:00,2010-03-05 13:21:00,246.39000000000001,59,585,0.011965811965811967
17191.0,4310.34,15,2208,269,2011-11-11 16:58:00,2009-12-01 16:34:00,287.356,28,710,0.02112676056338028
17192.0,75.28,1,45,20,2010-06-21 16:07:00,2010-06-21 16:07:00,75.28,536,0,1.0
17193.0,2310.04,9,1668,28,2011-11-04 12:47:00,2009-12-02 10:02:00,256.6711111111111,36,702,0.01282051282051282
17194.0,776.66,2,413,56,2010-12-14 12:06:00,2010-06-27 13:16:00,388.33,361,169,0.011834319526627219
17195.0,562.98,1,486,31,2010-02-22 13:05:00,2010-02-22 13:05:00,562.98,655,0,1.0
17196.0,327.75,1,154,84,2010-10-08 11:31:00,2010-10-08 11:31:00,327.75,428,0,1.0
17197.0,1013.01,1,191,29,2011-11-10 10:32:00,2011-11-10 10:32:00,1013.01,30,0,1.0
17198.0,692.22,3,357,89,2011-11-16 10:39:00,2010-12-03 14:54:00,230.74,24,347,0.008645533141210375
17199.0,135.04000000000002,1,232,8,2010-05-06 13:53:00,2010-05-06 13:53:00,135.04000000000002,582,0,1.0
17200.0,356.71,4,367,25,2010-11-17 13:04:00,2010-02-25 13:23:00,89.1775,387,264,0.015151515151515152
17201.0,1132.6,4,979,153,2011-10-17 11:55:00,2010-02-10 12:26:00,283.15,54,613,0.0065252854812398045
17202.0,160.65,1,55,8,2010-10-15 11:25:00,2010-10-15 11:25:00,160.65,421,0,1.0
17203.0,5564.09,10,4597,195,2011-11-04 12:27:00,2010-11-16 12:52:00,556.409,36,352,0.028409090909090908
17204.0,5504.6900000000005,9,2651,110,2011-06-17 14:46:00,2010-06-10 11:37:00,611.6322222222223,175,372,0.024193548387096774
17205.0,999.35,3,2214,27,2011-10-17 12:46:00,2010-05-24 15:36:00,333.1166666666667,54,510,0.0058823529411764705
17206.0,204.24,1,76,7,2011-10-17 13:25:00,2011-10-17 13:25:00,204.24,53,0,1.0
17207.0,291.77,1,232,54,2010-02-25 19:08:00,2010-02-25 19:08:00,291.77,652,0,1.0
17208.0,111.15,1,101,21,2010-11-09 12:50:00,2010-11-09 12:50:00,111.15,396,0,1.0
17209.0,595.7,3,723,36,2010-02-28 16:01:00,2009-12-03 11:10:00,198.5666666666667,649,87,0.034482758620689655
17210.0,251.72,1,242,47,2010-11-12 12:15:00,2010-11-12 12:15:00,251.72,393,0,1.0
17211.0,3773.35,13,2141,217,2011-11-13 12:03:00,2009-12-13 13:17:00,290.2576923076923,27,699,0.01859799713876967
17212.0,794.41,3,727,29,2011-03-31 19:42:00,2010-08-10 09:22:00,264.80333333333334,253,233,0.012875536480686695
17213.0,4869.400000000001,13,2087,130,2011-10-30 14:53:00,2009-12-15 10:28:00,374.5692307692308,40,684,0.019005847953216373
17214.0,1059.1200000000001,6,272,79,2011-10-10 13:17:00,2010-12-15 15:14:00,176.52,60,298,0.020134228187919462
17215.0,186.15,1,104,11,2010-09-01 13:39:00,2010-09-01 13:39:00,186.15,464,0,1.0
17216.0,63.6,1,21,13,2010-06-03 13:03:00,2010-06-03 13:03:00,63.6,554,0,1.0
17217.0,210.1,2,93,27,2011-04-19 17:19:00,2010-03-30 13:35:00,105.05,234,385,0.005194805194805195
17218.0,3889.39,18,2062,247,2011-12-05 13:52:00,2010-01-25 16:12:00,216.07722222222222,4,678,0.02654867256637168
17219.0,259.13,2,188,43,2011-11-08 11:25:00,2010-10-19 11:29:00,129.565,32,384,0.005208333333333333
17220.0,4451.41,21,2661,407,2011-11-15 13:47:00,2010-01-20 11:57:00,211.97190476190477,24,664,0.03162650602409638
17221.0,976.62,5,713,115,2011-12-02 13:35:00,2010-04-11 15:34:00,195.324,7,599,0.008347245409015025
17222.0,1563.6100000000001,6,855,93,2011-10-05 13:58:00,2010-01-10 15:24:00,260.6016666666667,65,632,0.00949367088607595
17223.0,523.04,3,154,61,2011-02-02 15:57:00,2010-11-29 17:19:00,174.34666666666666,310,64,0.046875
17224.0,100.86,1,65,8,2010-07-26 13:30:00,2010-07-26 13:30:00,100.86,501,0,1.0
17225.0,131.15,1,36,5,2010-05-07 11:38:00,2010-05-07 11:38:00,131.15,582,0,1.0
17226.0,895.47,3,853,51,2011-02-04 11:52:00,2010-02-12 14:31:00,298.49,309,356,0.008426966292134831
17227.0,1878.93,12,1681,58,2011-11-21 10:51:00,2010-01-15 15:05:00,156.57750000000001,19,674,0.017804154302670624
17228.0,2820.03,13,2354,199,2011-11-24 10:24:00,2010-03-12 11:54:00,216.92538461538464,16,621,0.020933977455716585
17229.0,318.76,2,185,39,2011-09-04 13:56:00,2011-07-20 12:38:00,159.38,96,46,0.043478260869565216
17230.0,9388.49,18,3753,141,2011-03-20 16:12:00,2009-12-08 13:41:00,521.5827777777778,264,467,0.03854389721627409
17231.0,7064.8,25,3681,509,2011-11-27 15:18:00,2009-12-07 16:38:00,282.592,12,719,0.03477051460361613
17232.0,417.77,2,202,30,2011-12-07 12:21:00,2011-11-25 12:24:00,208.885,3,11,0.18181818181818182
17233.0,560.86,3,298,56,2011-11-04 14:06:00,2009-12-15 12:03:00,186.95333333333335,35,689,0.0043541364296081275
17234.0,149.89000000000001,1,55,14,2011-06-10 11:20:00,2011-06-10 11:20:00,149.89000000000001,183,0,1.0
17235.0,1562.98,8,845,52,2011-11-14 15:51:00,2010-06-04 17:01:00,195.3725,25,527,0.015180265654648957
17236.0,1929.26,12,804,123,2011-11-27 12:00:00,2010-03-07 13:00:00,160.77166666666668,13,629,0.019077901430842606
17237.0,994.13,4,414,76,2011-11-28 15:02:00,2010-11-23 11:45:00,248.5325,11,370,0.010810810810810811
17238.0,7331.17,32,3554,485,2011-12-07 11:35:00,2009-12-01 10:59:00,229.0990625,3,736,0.043478260869565216
17239.0,1189.45,4,515,18,2011-01-31 09:41:00,2010-07-01 10:53:00,297.3625,313,213,0.018779342723004695
17240.0,130.6,1,108,7,2010-04-22 15:44:00,2010-04-22 15:44:00,130.6,596,0,1.0
17241.0,2736.64,12,859,116,2010-11-19 13:01:00,2010-02-15 14:47:00,228.0533333333333,385,276,0.043478260869565216
17242.0,2889.28,5,1459,44,2011-08-23 14:55:00,2010-01-24 10:27:00,577.856,108,576,0.008680555555555556
17243.0,20184.68,69,7903,358,2011-12-08 13:26:00,2009-12-01 15:36:00,292.53159420289853,1,736,0.09375
17244.0,1826.04,5,1419,109,2011-10-17 15:19:00,2009-12-06 11:27:00,365.20799999999997,53,680,0.007352941176470588
17245.0,371.63,2,307,24,2011-05-19 10:43:00,2010-01-19 15:39:00,185.815,205,484,0.004132231404958678
17246.0,38.92,2,36,6,2010-06-11 12:36:00,2009-12-01 17:45:00,19.46,547,191,0.010471204188481676
17247.0,280.09000000000003,1,105,53,2011-11-24 15:21:00,2011-11-24 15:21:00,280.09000000000003,15,0,1.0
17248.0,500.54,2,276,85,2011-08-11 13:34:00,2010-08-15 11:55:00,250.27,120,361,0.00554016620498615
17249.0,68.03,1,79,27,2010-10-07 11:33:00,2010-10-07 11:33:00,68.03,429,0,1.0
17250.0,381.97,2,167,55,2011-12-06 12:15:00,2011-03-23 16:45:00,190.985,4,257,0.007782101167315175
17251.0,798.98,3,377,65,2010-12-12 11:06:00,2009-12-15 10:36:00,266.32666666666665,363,362,0.008287292817679558
17252.0,348.91,2,192,86,2011-08-15 09:45:00,2011-06-06 16:41:00,174.455,117,69,0.028985507246376812
17253.0,178.26,1,43,18,2011-11-21 12:59:00,2011-11-21 12:59:00,178.26,18,0,1.0
17254.0,469.48,3,397,129,2011-12-05 12:46:00,2010-11-03 14:00:00,156.49333333333334,5,396,0.007575757575757576
17255.0,781.7,4,583,163,2011-10-30 12:18:00,2010-09-19 15:53:00,195.425,41,405,0.009876543209876543
17256.0,498.93,5,299,20,2011-08-24 13:30:00,2010-04-18 13:40:00,99.786,107,492,0.01016260162601626
17257.0,189.78,2,187,14,2010-09-29 12:51:00,2010-09-29 12:49:00,94.89,436,0,2.0
17258.0,417.3,2,188,46,2010-11-08 12:37:00,2010-02-12 15:51:00,208.65,397,268,0.007462686567164179
17259.0,1452.39,6,844,179,2011-07-14 15:01:00,2010-02-22 13:38:00,242.06500000000003,148,507,0.011834319526627219
17260.0,120.95,1,23,6,2010-10-24 13:21:00,2010-10-24 13:21:00,120.95,411,0,1.0
17261.0,221.59,1,95,43,2010-07-18 11:49:00,2010-07-18 11:49:00,221.59,510,0,1.0
17262.0,2488.76,11,635,12,2011-10-18 12:56:00,2009-12-15 11:26:00,226.25090909090912,52,672,0.01636904761904762
17263.0,63.440000000000005,1,36,23,2011-05-15 14:32:00,2011-05-15 14:32:00,63.440000000000005,208,0,1.0
17264.0,268.28,1,217,70,2010-10-11 12:52:00,2010-10-11 12:52:00,268.28,424,0,1.0
17265.0,550.01,2,389,106,2011-07-24 10:49:00,2011-06-12 12:00:00,275.005,139,41,0.04878048780487805
17266.0,501.71999999999997,5,243,95,2011-12-07 14:12:00,2010-03-09 10:42:00,100.344,2,638,0.007836990595611285
17267.0,317.2,2,158,37,2011-08-04 17:22:00,2011-08-04 17:19:00,158.6,127,0,2.0
17268.0,1733.8899999999999,11,1395,26,2011-08-24 10:06:00,2009-12-08 11:46:00,157.62636363636364,108,623,0.01765650080256822
17269.0,491.81,1,314,110,2010-11-19 11:12:00,2010-11-19 11:12:00,491.81,386,0,1.0
17270.0,601.4499999999999,2,420,45,2010-08-27 14:09:00,2009-12-07 17:18:00,300.72499999999997,469,262,0.007633587786259542
17271.0,204.3,1,113,46,2009-12-03 13:49:00,2009-12-03 13:49:00,204.3,736,0,1.0
17272.0,2148.63,4,1778,70,2011-10-28 16:37:00,2011-03-22 12:05:00,537.1575,42,220,0.01818181818181818
17273.0,141.12,1,133,12,2010-10-11 15:57:00,2010-10-11 15:57:00,141.12,424,0,1.0
17274.0,573.22,2,271,76,2011-11-04 13:16:00,2010-11-09 12:06:00,286.61,35,360,0.005555555555555556
17275.0,114.1,1,71,23,2010-11-21 13:26:00,2010-11-21 13:26:00,114.1,383,0,1.0
17276.0,501.24,1,186,49,2010-11-02 16:20:00,2010-11-02 16:20:00,501.24,402,0,1.0
17277.0,1065.3500000000001,2,430,67,2011-04-26 12:47:00,2011-01-21 12:37:00,532.6750000000001,228,95,0.021052631578947368
17278.0,271.24,2,195,17,2011-04-12 13:10:00,2010-05-23 13:49:00,135.62,241,323,0.006191950464396285
17279.0,187.82999999999998,1,48,8,2011-10-13 11:58:00,2011-10-13 11:58:00,187.82999999999998,58,0,1.0
17280.0,118.85999999999999,1,74,6,2010-09-27 16:46:00,2010-09-27 16:46:00,118.85999999999999,438,0,1.0
17281.0,797.8499999999999,6,295,2,2010-11-30 18:05:00,2010-02-04 13:00:00,132.975,374,299,0.020066889632107024
17282.0,2308.54,5,2332,168,2011-08-01 14:29:00,2010-06-09 12:07:00,461.70799999999997,130,418,0.011961722488038277
17283.0,188.46,1,179,15,2010-11-26 11:53:00,2010-11-26 11:53:00,188.46,379,0,1.0
17284.0,2558.6,7,2068,284,2011-10-10 14:38:00,2010-11-15 17:14:00,365.5142857142857,60,328,0.021341463414634148
17285.0,400.44,2,132,40,2010-03-21 13:38:00,2010-02-14 14:10:00,200.22,628,34,0.058823529411764705
17286.0,389.18,3,368,89,2011-11-18 12:47:00,2010-11-04 13:43:00,129.72666666666666,22,378,0.007936507936507936
17287.0,3826.86,21,1955,279,2011-11-13 13:27:00,2009-12-03 12:45:00,182.23142857142858,26,710,0.029577464788732393
17288.0,2468.43,11,1699,233,2011-11-30 16:09:00,2010-11-10 14:44:00,224.40272727272725,9,385,0.02857142857142857
17289.0,2041.8,9,1237,202,2011-11-08 12:01:00,2010-03-08 12:52:00,226.86666666666667,32,609,0.014778325123152709
17290.0,1427.48,8,995,183,2011-12-06 12:38:00,2009-12-13 13:28:00,178.435,4,722,0.0110803324099723
17291.0,550.8000000000001,1,72,1,2011-02-04 13:04:00,2011-02-04 13:04:00,550.8000000000001,308,0,1.0
17292.0,271.75,2,131,14,2010-08-24 17:14:00,2010-05-09 14:52:00,135.875,472,107,0.018691588785046728
17293.0,3750.63,17,2228,148,2011-12-01 14:37:00,2009-12-03 15:09:00,220.62529411764706,8,727,0.023383768913342505
17294.0,467.78999999999996,2,297,17,2010-02-08 16:12:00,2010-02-08 14:21:00,233.89499999999998,669,0,2.0
17295.0,547.0,3,293,53,2011-11-11 10:49:00,2011-10-06 12:22:00,182.33333333333334,29,35,0.08571428571428572
17296.0,338.13,1,216,32,2009-12-09 14:01:00,2009-12-09 14:01:00,338.13,730,0,1.0
17297.0,128.18,1,65,49,2011-11-22 14:43:00,2011-11-22 14:43:00,128.18,17,0,1.0
17298.0,938.36,5,850,60,2011-08-30 16:43:00,2010-03-08 08:56:00,187.672,101,540,0.009259259259259259
17299.0,993.23,6,919,96,2011-11-28 12:01:00,2010-08-15 16:00:00,165.53833333333333,12,469,0.01279317697228145
17300.0,393.64,2,467,37,2010-11-14 10:56:00,2010-08-15 11:02:00,196.82,391,90,0.022222222222222223
17301.0,294.39,2,216,107,2011-11-18 13:43:00,2010-03-25 13:16:00,147.195,21,603,0.003316749585406302
17302.0,1135.63,5,575,68,2011-11-25 09:36:00,2011-02-07 10:14:00,227.12600000000003,15,290,0.017241379310344827
17303.0,250.04,1,144,53,2010-12-13 13:32:00,2010-12-13 13:32:00,250.04,361,0,1.0
17304.0,111.5,1,73,5,2010-06-23 16:23:00,2010-06-23 16:23:00,111.5,534,0,1.0
17305.0,2135.46,1,1006,9,2010-03-01 12:47:00,2010-03-01 12:47:00,2135.46,649,0,1.0
17306.0,9782.35,21,13747,17,2011-11-29 12:14:00,2010-11-01 11:38:00,465.8261904761905,11,393,0.05343511450381679
17307.0,3999.8900000000003,11,3667,22,2010-11-09 13:40:00,2010-01-19 16:38:00,363.6263636363637,395,293,0.03754266211604096
17308.0,4511.76,2,5148,5,2010-11-11 13:19:00,2010-09-13 09:35:00,2255.88,393,59,0.03389830508474576
17309.0,320.39,3,181,33,2011-09-05 15:20:00,2010-02-04 15:49:00,106.79666666666667,95,577,0.005199306759098787
17310.0,1025.1,2,402,1,2010-11-17 16:00:00,2010-06-23 11:38:00,512.55,387,147,0.013605442176870748
17311.0,3566.56,6,2755,124,2011-09-22 14:11:00,2010-02-03 12:38:00,594.4266666666666,78,596,0.010067114093959731
17312.0,644.3,3,372,11,2011-07-24 11:52:00,2011-07-03 13:12:00,214.76666666666665,139,20,0.15
17313.0,2328.84,1,1402,24,2011-11-08 15:45:00,2011-11-08 15:45:00,2328.84,31,0,1.0
17314.0,4904.43,17,3663,200,2011-11-15 09:41:00,2009-12-03 11:25:00,288.4958823529412,25,711,0.02390998593530239
17315.0,9559.5,41,5062,383,2011-12-08 12:15:00,2010-09-27 12:45:00,233.15853658536585,2,436,0.09403669724770643
17316.0,124.45,1,44,35,2010-10-15 14:35:00,2010-10-15 14:35:00,124.45,420,0,1.0
17317.0,2600.34,3,1146,8,2011-10-24 17:19:00,2011-09-11 12:45:00,866.7800000000001,46,43,0.06976744186046512
17318.0,157.32999999999998,1,59,17,2009-12-14 13:11:00,2009-12-14 13:11:00,157.32999999999998,725,0,1.0
17319.0,29.1,1,14,3,2010-02-08 15:47:00,2010-02-08 15:47:00,29.1,669,0,1.0
17320.0,2444.85,6,1182,86,2011-08-31 13:31:00,2010-01-21 16:29:00,407.47499999999997,100,586,0.010238907849829351
17321.0,1665.21,6,790,241,2011-12-01 13:41:00,2010-05-11 12:10:00,277.535,8,569,0.01054481546572935
17322.0,922.59,5,631,115,2010-11-28 14:41:00,2009-12-03 11:46:00,184.518,376,360,0.013888888888888888
17323.0,1547.64,12,1422,167,2011-11-24 17:29:00,2010-01-10 11:58:00,128.97,15,683,0.017569546120058566
17324.0,2171.07,12,1485,111,2011-11-22 10:34:00,2009-12-18 15:29:00,180.9225,18,703,0.017069701280227598
17325.0,609.5699999999999,3,465,39,2011-03-04 13:09:00,2010-03-08 11:31:00,203.18999999999997,280,361,0.008310249307479225
17326.0,312.35,2,136,82,2010-10-27 15:38:00,2010-06-28 14:05:00,156.175,408,121,0.01652892561983471
17327.0,152.35,2,59,3,2010-10-26 09:54:00,2010-05-26 11:20:00,76.175,410,152,0.013157894736842105
17328.0,104.7,1,86,6,2010-02-04 17:11:00,2010-02-04 17:11:00,104.7,673,0,1.0
17329.0,998.53,5,430,80,2011-11-25 14:24:00,2009-12-03 16:09:00,199.706,14,721,0.006934812760055479
17330.0,423.8,4,122,7,2011-11-17 08:56:00,2010-03-02 09:20:00,105.95,23,624,0.00641025641025641
17331.0,175.2,1,16,1,2011-08-08 11:55:00,2011-08-08 11:55:00,175.2,124,0,1.0
17332.0,827.77,5,769,81,2010-06-29 16:10:00,2010-02-21 14:41:00,165.554,528,128,0.0390625
17333.0,494.25,1,375,28,2011-09-15 10:11:00,2011-09-15 10:11:00,494.25,86,0,1.0
17334.0,635.15,3,566,20,2011-02-10 14:59:00,2010-10-29 12:16:00,211.71666666666667,302,104,0.028846153846153848
17335.0,497.04,2,210,34,2010-11-21 10:17:00,2010-01-24 11:15:00,248.52,384,300,0.006666666666666667
17336.0,81.12,1,48,1,2010-08-24 15:37:00,2010-08-24 15:37:00,81.12,472,0,1.0
17337.0,1979.61,4,1246,420,2011-07-11 14:55:00,2011-02-02 17:06:00,494.9025,151,158,0.02531645569620253
17338.0,11880.54,17,5765,589,2011-11-22 14:23:00,2010-03-10 16:09:00,698.8552941176471,17,621,0.027375201288244767
17339.0,302.36,3,172,10,2011-09-06 13:29:00,2010-07-18 13:08:00,100.78666666666668,94,415,0.007228915662650603
17340.0,19617.95,18,9497,322,2011-11-10 10:45:00,2010-02-14 14:54:00,1089.8861111111112,30,633,0.02843601895734597
17341.0,1272.21,5,831,200,2011-07-06 12:33:00,2010-06-17 18:17:00,254.442,157,383,0.013054830287206266
17342.0,1227.54,4,521,31,2010-11-25 11:07:00,2010-02-08 09:16:00,306.885,380,290,0.013793103448275862
17343.0,1259.94,6,454,61,2010-12-19 15:07:00,2009-12-03 18:30:00,209.99,355,380,0.015789473684210527
17344.0,457.36,2,200,64,2011-10-24 12:56:00,2009-12-11 12:31:00,228.68,46,682,0.002932551319648094
17345.0,1586.6299999999999,10,2008,174,2011-11-24 15:03:00,2009-12-01 16:17:00,158.66299999999998,15,722,0.013850415512465374
17346.0,4991.41,26,3437,516,2011-12-06 12:18:00,2010-04-18 12:18:00,191.97730769230768,4,597,0.04355108877721943
17347.0,228.96,1,216,1,2011-09-14 13:12:00,2011-09-14 13:12:00,228.96,86,0,1.0
17348.0,2430.99,9,2736,325,2011-11-25 11:25:00,2010-03-10 12:13:00,270.10999999999996,15,624,0.014423076923076924
17349.0,772.41,5,772,74,2011-06-13 14:29:00,2010-03-18 14:26:00,154.482,179,452,0.011061946902654867
17350.0,1893.7,7,1177,123,2011-12-01 15:47:00,2010-02-01 15:38:00,270.5285714285714,8,668,0.010479041916167664
17351.0,1964.38,12,380,44,2011-11-03 18:45:00,2009-12-10 18:43:00,163.69833333333335,36,693,0.017316017316017316
17352.0,36.25,1,15,5,2010-01-12 16:13:00,2010-01-12 16:13:00,36.25,696,0,1.0
17353.0,3242.0,4,2168,7,2011-08-02 17:19:00,2010-03-25 12:52:00,810.5,129,495,0.00808080808080808
17354.0,3133.96,4,2531,85,2011-10-20 10:34:00,2010-10-07 13:22:00,783.49,51,377,0.010610079575596816
17355.0,273.31,1,249,28,2010-11-18 13:18:00,2010-11-18 13:18:00,273.31,386,0,1.0
17356.0,946.47,5,925,73,2011-02-01 11:07:00,2010-01-20 12:14:00,189.294,312,376,0.013297872340425532
17357.0,384.39,2,152,41,2011-11-15 16:30:00,2011-11-15 16:29:00,192.195,24,0,2.0
17358.0,861.01,5,430,126,2011-02-09 16:57:00,2010-02-24 16:42:00,172.202,303,350,0.014285714285714285
17359.0,284.46,2,237,36,2011-11-28 14:37:00,2010-03-01 14:48:00,142.23,11,636,0.0031446540880503146
17360.0,1200.51,6,624,189,2011-11-22 13:11:00,2010-10-01 12:07:00,200.085,17,417,0.014388489208633094
17361.0,871.79,5,380,51,2011-10-21 15:43:00,2010-02-01 14:30:00,174.358,49,627,0.007974481658692184
17362.0,1024.04,7,549,99,2011-04-14 14:43:00,2010-01-06 10:53:00,146.29142857142855,239,463,0.01511879049676026
17363.0,920.46,3,499,34,2010-11-09 17:11:00,2010-11-02 17:25:00,306.82,395,6,0.5
17364.0,11972.92,28,7464,513,2011-12-09 09:00:00,2009-12-07 15:28:00,427.6042857142857,1,731,0.038303693570451436
17365.0,8179.45,15,8003,394,2011-11-27 12:13:00,2010-02-01 11:56:00,545.2966666666666,13,664,0.022590361445783132
17366.0,1077.24,2,504,120,2010-10-03 16:04:00,2010-09-09 19:46:00,538.62,432,23,0.08695652173913043
17367.0,167.55,1,149,33,2011-04-15 14:21:00,2011-04-15 14:21:00,167.55,238,0,1.0
17368.0,2758.29,14,2319,195,2011-11-16 15:26:00,2009-12-15 17:45:00,197.0207142857143,23,700,0.02
17369.0,979.1999999999999,1,1152,1,2010-09-10 09:49:00,2010-09-10 09:49:00,979.1999999999999,456,0,1.0
17370.0,446.18,4,540,31,2011-09-28 10:14:00,2011-06-23 11:50:00,111.545,73,96,0.041666666666666664
17371.0,651.37,6,279,134,2011-11-22 13:30:00,2009-12-08 12:25:00,108.56166666666667,17,714,0.008403361344537815
17372.0,4316.46,27,1859,411,2011-10-30 11:37:00,2009-12-03 18:41:00,159.8688888888889,41,695,0.03884892086330935
17373.0,1167.5,7,738,65,2011-10-30 15:28:00,2010-02-28 14:17:00,166.78571428571428,40,609,0.011494252873563218
17374.0,727.11,3,155,34,2011-05-05 09:05:00,2010-11-09 17:14:00,242.37,219,176,0.017045454545454544
17375.0,660.55,4,480,77,2011-05-24 15:45:00,2010-10-04 09:14:00,165.1375,199,232,0.017241379310344827
17376.0,453.64,4,244,41,2011-09-30 12:36:00,2010-07-05 11:11:00,113.41,71,452,0.008849557522123894
17377.0,17639.23,78,7323,504,2011-11-16 11:17:00,2009-12-02 12:39:00,226.14397435897436,24,713,0.1093969144460028
17378.0,10.95,1,1,1,2010-11-30 18:46:00,2010-11-30 18:46:00,10.95,374,0,1.0
17379.0,389.71999999999997,1,623,71,2011-11-28 13:56:00,2011-11-28 13:56:00,389.71999999999997,11,0,1.0
17380.0,645.0,3,252,5,2010-10-01 16:42:00,2010-06-23 11:24:00,215.0,434,100,0.03
17381.0,36398.65,38,42879,50,2011-12-01 11:59:00,2010-06-09 12:55:00,957.8592105263158,9,539,0.07050092764378478
17382.0,902.28,8,457,16,2011-10-05 13:05:00,2010-05-19 11:33:00,112.785,65,504,0.015873015873015872
17383.0,304.09,2,160,51,2011-12-05 17:36:00,2010-09-12 14:54:00,152.045,4,449,0.004454342984409799
17384.0,507.55,3,121,15,2011-11-20 15:48:00,2010-08-29 16:01:00,169.18333333333334,19,447,0.006711409395973154
17385.0,256.11,1,197,42,2011-11-25 11:02:00,2011-11-25 11:02:00,256.11,15,0,1.0
17386.0,2812.77,7,1955,32,2011-12-02 11:28:00,2010-11-19 13:40:00,401.82428571428574,8,377,0.01856763925729443
17387.0,746.81,2,522,71,2011-11-20 11:00:00,2011-11-06 11:25:00,373.405,20,13,0.15384615384615385
17388.0,2675.37,11,2555,41,2011-09-23 10:31:00,2009-12-10 11:45:00,243.21545454545455,78,651,0.016897081413210446
17389.0,57215.33,61,17880,63,2011-12-09 09:38:00,2009-12-04 12:06:00,937.9562295081968,1,734,0.08310626702997276
17390.0,149.3,1,49,12,2010-10-15 11:29:00,2010-10-15 11:29:00,149.3,421,0,1.0
17391.0,508.8,2,480,2,2011-06-29 09:58:00,2011-06-28 12:21:00,254.4,164,0,2.0
17392.0,579.92,3,448,65,2011-02-06 12:48:00,2010-09-15 16:17:00,193.30666666666664,307,143,0.02097902097902098
17393.0,381.15,2,238,45,2010-10-25 11:10:00,2010-08-08 15:53:00,190.575,411,77,0.025974025974025976
17394.0,203.86999999999998,1,241,4,2011-05-04 13:22:00,2011-05-04 13:22:00,203.86999999999998,219,0,1.0
17395.0,97.5,1,66,3,2010-07-19 15:34:00,2010-07-19 15:34:00,97.5,508,0,1.0
17396.0,8391.6,13,2312,28,2011-10-31 14:12:00,2010-09-24 13:04:00,645.5076923076923,39,402,0.03233830845771144
17397.0,1198.28,3,691,132,2011-11-17 14:08:00,2010-10-19 13:20:00,399.4266666666667,22,394,0.007614213197969543
17398.0,653.38,3,310,30,2011-08-17 09:48:00,2011-03-29 13:04:00,217.79333333333332,115,140,0.02142857142857143
17400.0,4623.28,8,2185,345,2011-08-05 15:38:00,2009-12-17 15:41:00,577.91,126,595,0.013445378151260505
17401.0,114.85,1,34,11,2010-06-16 16:54:00,2010-06-16 16:54:00,114.85,541,0,1.0
17402.0,4600.5599999999995,22,1449,104,2011-12-05 10:15:00,2009-12-16 17:40:00,209.11636363636362,5,718,0.03064066852367688
17403.0,382.87,2,188,45,2011-11-03 15:18:00,2010-09-15 12:29:00,191.435,36,414,0.004830917874396135
17404.0,47638.12,21,50674,124,2011-12-05 16:26:00,2010-01-07 11:31:00,2268.481904761905,4,697,0.03012912482065997
17405.0,1031.41,3,726,77,2011-12-08 17:12:00,2011-07-12 14:17:00,343.80333333333334,1,149,0.020134228187919462
17406.0,4186.95,13,1847,155,2011-01-10 15:07:00,2009-12-06 13:45:00,322.0730769230769,333,400,0.0325
17407.0,552.9,1,426,23,2010-10-24 11:57:00,2010-10-24 11:57:00,552.9,412,0,1.0
17408.0,316.09000000000003,3,163,7,2011-06-29 12:53:00,2010-07-13 14:02:00,105.36333333333334,163,350,0.008571428571428572
17409.0,7793.51,10,4089,50,2011-06-08 10:36:00,2009-12-11 12:17:00,779.351,185,543,0.01841620626151013
17410.0,1214.72,5,616,57,2011-11-23 15:46:00,2011-05-08 15:21:00,242.94400000000002,16,199,0.02512562814070352
17411.0,1425.38,5,608,69,2011-11-27 14:25:00,2009-12-03 12:02:00,285.076,12,724,0.006906077348066298
17412.0,4220.22,16,2554,161,2011-12-07 11:36:00,2009-12-02 13:51:00,263.76375,3,734,0.021798365122615803
17413.0,560.14,2,302,10,2010-10-31 12:33:00,2010-05-19 11:11:00,280.07,405,165,0.012121212121212121
17414.0,2249.52,6,6256,6,2011-10-27 12:13:00,2009-12-03 16:49:00,374.92,44,692,0.008670520231213872
17415.0,507.84,1,114,14,2011-09-21 12:50:00,2011-09-21 12:50:00,507.84,80,0,1.0
17416.0,17298.45,22,8769,324,2011-11-10 12:47:00,2009-12-14 16:29:00,786.2931818181819,30,695,0.031654676258992806
17417.0,164.18,1,76,16,2010-06-09 10:00:00,2010-06-09 10:00:00,164.18,549,0,1.0
17418.0,670.0600000000001,3,521,40,2011-10-28 13:00:00,2010-11-17 13:42:00,223.35333333333335,42,344,0.00872093023255814
17419.0,6126.25,18,2884,203,2011-11-28 13:47:00,2010-01-25 13:19:00,340.34722222222223,11,672,0.026785714285714284
17420.0,953.58,6,446,43,2011-10-20 14:52:00,2010-11-03 13:09:00,158.93,50,351,0.017094017094017096
17421.0,1059.41,3,807,46,2010-11-18 16:57:00,2009-12-04 15:43:00,353.1366666666667,386,349,0.008595988538681949
17422.0,3594.76,11,3538,149,2011-11-23 13:27:00,2010-06-23 10:19:00,326.79636363636365,16,518,0.021235521235521235
17423.0,1118.95,3,790,39,2011-10-24 13:36:00,2010-11-11 12:26:00,372.98333333333335,46,347,0.008645533141210375
17425.0,759.17,2,407,42,2011-11-20 15:30:00,2011-10-10 11:37:00,379.585,19,41,0.04878048780487805
17426.0,8077.77,13,5187,248,2011-12-01 18:07:00,2010-02-17 13:39:00,621.3669230769231,8,652,0.019938650306748466
17427.0,100.8,1,34,2,2011-09-29 11:29:00,2011-09-29 11:29:00,100.8,72,0,1.0
17428.0,31466.760000000002,45,17356,422,2011-12-09 09:45:00,2009-12-01 17:28:00,699.2613333333334,1,737,0.06105834464043419
17429.0,1357.46,5,1286,80,2011-08-03 13:22:00,2010-10-06 12:30:00,271.492,128,301,0.016611295681063124
17430.0,622.57,4,455,30,2011-11-07 09:24:00,2010-08-17 11:52:00,155.6425,33,446,0.008968609865470852
17431.0,403.3,1,292,41,2011-01-30 14:36:00,2011-01-30 14:36:00,403.3,313,0,1.0
17432.0,1728.99,9,1008,213,2011-11-21 17:33:00,2009-12-03 19:13:00,192.11,18,717,0.012552301255230125
17433.0,569.96,2,305,81,2011-09-12 14:24:00,2010-11-19 13:37:00,284.98,88,297,0.006734006734006734
17434.0,2373.82,7,1693,100,2011-12-07 13:16:00,2011-09-15 13:54:00,339.1171428571429,2,82,0.08536585365853659
17435.0,331.35,1,195,15,2010-10-24 13:55:00,2010-10-24 13:55:00,331.35,411,0,1.0
17436.0,534.06,5,178,8,2011-12-08 12:30:00,2009-12-07 12:31:00,106.81199999999998,2,730,0.00684931506849315
17437.0,369.68,1,283,52,2010-06-28 11:11:00,2010-06-28 11:11:00,369.68,530,0,1.0
17438.0,1422.77,5,553,49,2011-03-31 10:26:00,2010-03-08 16:53:00,284.554,254,387,0.012919896640826873
17439.0,325.74,1,370,8,2010-02-22 12:48:00,2010-02-22 12:48:00,325.74,656,0,1.0
17440.0,323.58,4,282,4,2011-07-06 11:54:00,2010-06-08 14:40:00,80.895,157,392,0.01020408163265306
17441.0,293.35,1,245,21,2009-12-07 13:32:00,2009-12-07 13:32:00,293.35,732,0,1.0
17442.0,4620.3,15,3134,188,2011-11-03 09:17:00,2010-02-15 15:54:00,308.02000000000004,37,625,0.024
17443.0,534.24,1,504,1,2011-05-04 10:47:00,2011-05-04 10:47:00,534.24,220,0,1.0
17444.0,2389.1,2,2118,131,2011-07-11 10:33:00,2011-06-20 09:04:00,1194.55,152,21,0.09523809523809523
17446.0,120.9,2,198,6,2011-06-16 10:42:00,2011-02-02 14:40:00,60.45,177,133,0.015037593984962405
17447.0,541.53,2,443,33,2011-10-30 14:18:00,2011-09-29 10:10:00,270.765,40,31,0.06451612903225806
17448.0,14448.67,41,11529,568,2010-06-28 13:58:00,2010-03-04 17:29:00,352.4065853658537,529,115,0.3565217391304348
17449.0,4865.15,13,2482,291,2011-12-07 16:56:00,2009-12-09 14:16:00,374.2423076923077,2,728,0.017857142857142856
17450.0,244784.25,51,83914,144,2011-12-01 13:29:00,2010-09-27 16:59:00,4799.691176470588,8,429,0.11888111888111888
17451.0,1721.4,7,1203,83,2011-12-08 15:02:00,2011-08-26 11:54:00,245.91428571428574,1,104,0.0673076923076923
17453.0,486.71999999999997,2,219,19,2011-11-22 09:42:00,2011-10-06 17:02:00,243.35999999999999,18,46,0.043478260869565216
17454.0,1547.94,10,727,98,2011-05-31 13:58:00,2010-01-15 15:40:00,154.794,192,500,0.02
17455.0,131.7,1,66,8,2011-05-20 12:31:00,2011-05-20 12:31:00,131.7,204,0,1.0
17456.0,975.5600000000001,2,508,59,2010-12-09 15:23:00,2010-09-09 15:28:00,487.78000000000003,365,90,0.022222222222222223
17457.0,5984.8099999999995,14,2695,30,2011-08-05 12:48:00,2009-12-07 14:52:00,427.4864285714285,127,605,0.023140495867768594
17458.0,529.58,2,282,81,2011-11-24 13:01:00,2010-11-23 11:43:00,264.79,15,366,0.00546448087431694
17459.0,657.3,2,537,88,2011-10-27 13:25:00,2011-10-10 17:00:00,328.65,43,16,0.125
17460.0,2157.9700000000003,16,954,93,2011-09-06 15:04:00,2010-01-22 13:25:00,134.87312500000002,94,592,0.02702702702702703
17461.0,735.82,3,770,104,2011-11-17 10:21:00,2011-11-10 12:01:00,245.27333333333334,23,6,0.5
17462.0,675.69,2,227,25,2011-10-10 13:56:00,2011-02-28 17:01:00,337.845,60,223,0.008968609865470852
17463.0,2535.26,7,1480,234,2011-11-23 13:40:00,2010-04-29 17:57:00,362.18,16,572,0.012237762237762238
17464.0,907.14,3,608,35,2011-07-04 13:19:00,2010-03-30 13:15:00,302.38,158,461,0.006507592190889371
17465.0,2542.79,7,1477,103,2010-10-10 11:56:00,2009-12-03 13:25:00,363.2557142857143,426,310,0.02258064516129032
17466.0,763.28,2,306,41,2011-11-29 13:15:00,2011-09-22 09:16:00,381.64,10,68,0.029411764705882353
17467.0,102.6,1,20,4,2010-11-09 12:58:00,2010-11-09 12:58:00,102.6,395,0,1.0
17468.0,194.8,3,184,8,2011-11-29 15:33:00,2010-11-29 17:25:00,64.93333333333334,10,364,0.008241758241758242
17469.0,5051.25,17,2304,165,2011-11-23 13:15:00,2009-12-16 15:06:00,297.13235294117646,16,706,0.024079320113314446
17470.0,2626.47,11,2731,111,2011-10-26 12:42:00,2010-07-19 16:16:00,238.76999999999998,45,463,0.023758099352051837
17471.0,321.65000000000003,1,153,19,2010-08-22 11:53:00,2010-08-22 11:53:00,321.65000000000003,475,0,1.0
17472.0,922.35,4,551,183,2011-06-01 14:57:00,2010-03-21 13:27:00,230.5875,191,437,0.009153318077803204
17473.0,607.0,2,270,33,2010-10-27 11:45:00,2010-09-09 19:03:00,303.5,409,47,0.0425531914893617
17474.0,1047.0,1,200,6,2010-04-19 10:43:00,2010-04-19 10:43:00,1047.0,600,0,1.0
17475.0,194.37,1,178,14,2011-09-21 14:55:00,2011-09-21 14:55:00,194.37,79,0,1.0
17476.0,489.86,2,224,29,2010-11-09 10:21:00,2009-12-02 12:09:00,244.93,396,341,0.005865102639296188
17477.0,1144.3,2,225,44,2010-04-06 10:06:00,2010-03-02 11:53:00,572.15,613,34,0.058823529411764705
17478.0,1272.8,2,516,40,2010-10-27 15:01:00,2010-03-16 14:19:00,636.4,408,225,0.008888888888888889
17479.0,389.26000000000005,1,266,18,2010-03-17 09:26:00,2010-03-17 09:26:00,389.26000000000005,633,0,1.0
17480.0,882.23,2,581,50,2011-09-23 11:39:00,2010-09-21 12:31:00,441.115,78,366,0.00546448087431694
17481.0,1255.59,4,1061,69,2011-12-06 12:28:00,2011-09-07 09:57:00,313.8975,4,90,0.044444444444444446
17482.0,775.64,2,240,50,2010-08-09 15:33:00,2010-05-10 14:10:00,387.82,487,91,0.02197802197802198
17483.0,591.73,4,265,23,2011-10-05 13:10:00,2010-10-21 12:43:00,147.9325,65,349,0.011461318051575931
17484.0,209.57,2,339,14,2010-05-12 15:41:00,2010-03-25 16:17:00,104.785,576,47,0.0425531914893617
17486.0,396.87,1,191,24,2011-03-23 14:00:00,2011-03-23 14:00:00,396.87,261,0,1.0
17487.0,160.55,1,37,8,2009-12-11 15:06:00,2009-12-11 15:06:00,160.55,728,0,1.0
17488.0,336.5,1,136,18,2010-03-08 14:07:00,2010-03-08 14:07:00,336.5,641,0,1.0
17489.0,376.64,2,428,28,2011-10-12 08:56:00,2011-05-11 11:34:00,188.32,59,153,0.013071895424836602
17490.0,2750.5,9,1531,93,2011-12-09 09:08:00,2010-05-19 12:40:00,305.6111111111111,1,568,0.01584507042253521
17491.0,5653.67,17,3362,105,2011-12-08 16:18:00,2010-04-28 11:57:00,332.56882352941176,1,589,0.028862478777589132
17492.0,1122.42,3,450,32,2011-04-05 15:21:00,2010-07-09 13:27:00,374.14000000000004,248,270,0.011111111111111112
17493.0,100.91000000000001,1,62,8,2010-11-19 16:57:00,2010-11-19 16:57:00,100.91000000000001,385,0,1.0
17494.0,54.699999999999996,1,26,3,2010-07-26 10:06:00,2010-07-26 10:06:00,54.699999999999996,502,0,1.0
17495.0,806.72,3,367,38,2011-12-02 12:08:00,2010-11-14 11:50:00,268.9066666666667,8,383,0.007832898172323759
17496.0,1412.89,4,675,54,2010-12-16 08:39:00,2010-01-14 13:36:00,353.2225,359,335,0.011940298507462687
17497.0,287.25,2,59,7,2010-11-14 14:17:00,2010-04-08 08:01:00,143.625,390,220,0.00909090909090909
17498.0,272.22,1,394,17,2011-09-25 12:25:00,2011-09-25 12:25:00,272.22,76,0,1.0
17499.0,1341.39,2,1086,66,2011-02-23 09:14:00,2010-05-27 09:59:00,670.695,290,271,0.007380073800738007
17500.0,1138.0,3,17,3,2011-11-22 14:25:00,2011-11-10 09:08:00,379.3333333333333,17,12,0.25
17501.0,288.6,2,160,18,2011-05-03 09:47:00,2011-05-03 09:46:00,144.3,221,0,2.0
17502.0,689.1,4,376,25,2011-11-30 13:13:00,2011-11-10 16:39:00,172.275,9,19,0.21052631578947367
17503.0,558.96,2,486,36,2011-12-07 09:18:00,2011-11-01 11:12:00,279.48,3,35,0.05714285714285714
17504.0,9490.17,18,5420,244,2011-05-17 12:59:00,2010-02-08 09:22:00,527.2316666666667,206,463,0.038876889848812095
17505.0,2435.48,5,1242,83,2011-07-01 12:50:00,2010-04-13 16:33:00,487.096,162,443,0.011286681715575621
17506.0,302.2,1,139,14,2011-09-25 11:39:00,2011-09-25 11:39:00,302.2,76,0,1.0
17507.0,605.58,2,359,79,2011-03-23 11:48:00,2011-02-03 18:08:00,302.79,262,47,0.0425531914893617
17508.0,4579.23,8,2891,199,2011-03-04 08:10:00,2009-12-07 11:46:00,572.40375,281,451,0.017738359201773836
17509.0,6083.64,8,3512,75,2011-10-13 10:26:00,2011-10-07 13:14:00,760.455,58,5,1.6
17510.0,514.56,2,422,28,2011-11-15 10:00:00,2010-10-15 10:20:00,257.28,25,395,0.005063291139240506
17511.0,172132.87,60,117174,657,2011-12-07 10:12:00,2009-12-02 10:52:00,2868.8811666666666,3,734,0.08174386920980926
17512.0,5467.820000000001,18,5434,102,2011-11-11 12:11:00,2009-12-10 19:35:00,303.76777777777784,29,700,0.025714285714285714
17513.0,1158.8,3,440,18,2011-09-28 16:42:00,2010-08-17 15:08:00,386.26666666666665,72,407,0.007371007371007371
17514.0,522.0,2,284,72,2011-08-03 15:45:00,2010-02-08 14:00:00,261.0,128,541,0.0036968576709796672
17515.0,1602.51,9,527,91,2011-11-08 14:04:00,2010-06-07 13:29:00,178.05666666666667,31,519,0.017341040462427744
17516.0,947.5,6,522,150,2011-11-24 16:51:00,2010-11-26 12:50:00,157.91666666666666,15,363,0.01652892561983471
17517.0,153.94,1,102,11,2011-02-04 11:48:00,2011-02-04 11:48:00,153.94,309,0,1.0
17518.0,329.42,2,267,71,2010-10-10 12:40:00,2010-03-28 13:31:00,164.71,426,195,0.010256410256410256
17519.0,4774.17,15,3230,142,2011-11-22 16:43:00,2009-12-01 09:57:00,318.278,17,721,0.020804438280166437
17520.0,546.81,1,365,30,2011-10-17 12:04:00,2011-10-17 12:04:00,546.81,54,0,1.0
17521.0,1278.06,5,806,65,2011-11-10 11:22:00,2010-10-01 11:49:00,255.612,30,404,0.012376237623762377
17522.0,1066.15,5,1022,58,2011-12-08 12:31:00,2011-05-05 16:31:00,213.23000000000002,2,216,0.023148148148148147
17523.0,652.74,4,872,25,2011-11-28 13:20:00,2011-11-20 13:40:00,163.185,11,7,0.5714285714285714
17524.0,539.14,3,362,37,2010-12-13 14:32:00,2010-09-27 16:20:00,179.71333333333334,361,76,0.039473684210526314
17525.0,1161.9,3,338,19,2010-12-15 12:05:00,2010-10-07 09:12:00,387.3,360,69,0.043478260869565216
17526.0,3939.24,12,1442,67,2011-12-05 11:05:00,2009-12-17 16:18:00,328.27,5,717,0.016736401673640166
17527.0,939.37,4,488,45,2011-10-17 12:32:00,2011-05-05 13:43:00,234.8425,54,164,0.024390243902439025
17528.0,3628.5,8,2138,183,2011-12-08 13:27:00,2011-09-29 13:04:00,453.5625,1,70,0.11428571428571428
17529.0,1240.25,2,790,78,2010-04-08 17:51:00,2010-01-11 12:29:00,620.125,610,87,0.022988505747126436
17530.0,2787.1,12,1738,358,2011-12-08 18:42:00,2009-12-06 16:17:00,232.25833333333333,1,732,0.01639344262295082
17531.0,1266.82,3,472,54,2011-06-02 19:17:00,2010-03-31 12:57:00,422.2733333333333,190,428,0.007009345794392523
17532.0,65.34,1,30,4,2010-11-19 08:13:00,2010-11-19 08:13:00,65.34,386,0,1.0
17533.0,34.8,1,24,1,2010-10-01 09:14:00,2010-10-01 09:14:00,34.8,435,0,1.0
17534.0,1668.83,5,860,76,2011-10-17 12:47:00,2010-02-25 16:55:00,333.76599999999996,54,598,0.008361204013377926
17535.0,164.4,1,136,13,2011-03-04 15:20:00,2011-03-04 15:20:00,164.4,280,0,1.0
17536.0,364.83,3,201,16,2011-06-15 13:23:00,2010-01-26 12:00:00,121.61,177,505,0.005940594059405941
17537.0,887.67,2,699,74,2011-11-10 10:56:00,2011-02-09 13:37:00,443.835,30,273,0.007326007326007326
17538.0,98.42,1,134,9,2011-11-14 12:12:00,2011-11-14 12:12:00,98.42,26,0,1.0
17539.0,1161.84,3,707,131,2010-03-21 15:23:00,2009-12-13 12:36:00,387.28,628,98,0.030612244897959183
17540.0,1590.6000000000001,6,588,41,2011-11-15 11:56:00,2010-04-19 09:47:00,265.1,25,575,0.010434782608695653
17541.0,119.86,1,44,31,2010-07-18 11:36:00,2010-07-18 11:36:00,119.86,510,0,1.0
17542.0,340.85,3,323,57,2011-03-15 11:45:00,2010-03-08 12:08:00,113.61666666666667,270,371,0.008086253369272238
17543.0,120.05,1,62,13,2010-06-08 12:41:00,2010-06-08 12:41:00,120.05,550,0,1.0
17544.0,944.82,3,410,80,2010-11-14 15:08:00,2010-11-14 14:47:00,314.94,390,0,3.0
17545.0,1409.8600000000001,6,682,204,2011-10-27 14:04:00,2010-05-11 10:04:00,234.9766666666667,43,534,0.011235955056179775
17547.0,727.85,2,223,22,2010-11-29 09:41:00,2010-02-12 14:34:00,363.925,376,289,0.006920415224913495
17548.0,731.26,4,494,22,2011-04-20 12:01:00,2010-11-08 16:19:00,182.815,234,162,0.024691358024691357
17549.0,148.86,2,210,5,2011-11-16 09:59:00,2011-10-19 10:05:00,74.43,24,27,0.07407407407407407
17550.0,2506.64,9,968,250,2011-05-26 14:09:00,2010-02-07 15:07:00,278.5155555555555,197,472,0.019067796610169493
17551.0,290.34,1,142,39,2010-12-15 14:12:00,2010-12-15 14:12:00,290.34,359,0,1.0
17552.0,2786.77,12,1951,78,2011-10-10 17:00:00,2010-03-22 09:19:00,232.23083333333332,60,567,0.021164021164021163
17553.0,3757.6,4,2288,2,2011-08-02 10:00:00,2010-04-08 09:44:00,939.4,130,481,0.008316008316008316
17554.0,1952.45,5,1763,58,2011-12-08 14:15:00,2011-07-14 20:01:00,390.49,1,146,0.03424657534246575
17555.0,1045.74,5,739,220,2011-11-20 12:22:00,2010-05-02 16:02:00,209.148,20,566,0.0088339222614841
17556.0,300.67,2,184,13,2011-05-18 10:48:00,2010-11-25 17:00:00,150.335,206,173,0.011560693641618497
17557.0,575.46,4,310,28,2011-11-25 12:57:00,2009-12-07 10:15:00,143.865,14,718,0.005571030640668524
17558.0,259.17,1,54,28,2010-11-11 14:36:00,2010-11-11 14:36:00,259.17,393,0,1.0
17559.0,167.62,1,270,12,2010-07-15 12:02:00,2010-07-15 12:02:00,167.62,513,0,1.0
17560.0,1895.8,8,1588,37,2011-09-06 09:18:00,2010-02-17 12:11:00,236.975,95,565,0.01415929203539823
17561.0,703.02,4,381,163,2011-11-20 12:53:00,2009-12-06 13:29:00,175.755,19,713,0.005610098176718092
17562.0,1122.38,7,817,48,2011-11-25 14:21:00,2011-06-19 13:06:00,160.34,14,159,0.0440251572327044
17563.0,392.38,2,256,27,2010-05-10 14:54:00,2010-04-07 10:02:00,196.19,578,33,0.06060606060606061
17564.0,454.01,3,146,38,2011-11-15 13:27:00,2011-09-20 14:00:00,151.33666666666667,24,55,0.05454545454545454
17565.0,131.83,1,67,30,2010-05-02 11:54:00,2010-05-02 11:54:00,131.83,587,0,1.0
17566.0,869.77,2,497,113,2011-12-01 19:54:00,2011-11-14 13:42:00,434.885,8,17,0.11764705882352941
17567.0,4838.08,9,2908,128,2011-12-02 15:48:00,2010-09-24 10:48:00,537.5644444444445,7,434,0.020737327188940093
17568.0,374.45,1,275,61,2010-03-16 16:45:00,2010-03-16 16:45:00,374.45,633,0,1.0
17569.0,344.14,1,159,29,2011-01-11 14:15:00,2011-01-11 14:15:00,344.14,332,0,1.0
17571.0,1629.66,5,990,289,2011-10-20 15:57:00,2010-06-15 12:50:00,325.932,50,492,0.01016260162601626
17572.0,652.21,10,327,14,2011-09-29 17:53:00,2009-12-15 10:00:00,65.221,71,653,0.015313935681470138
17573.0,380.6,3,308,24,2011-11-10 13:01:00,2011-09-07 10:36:00,126.86666666666667,29,64,0.046875
17574.0,185.65,1,77,8,2011-04-11 09:47:00,2011-04-11 09:47:00,185.65,243,0,1.0
17575.0,171.7,1,72,5,2010-02-10 13:48:00,2010-02-10 13:48:00,171.7,667,0,1.0
17576.0,8705.6,41,4572,416,2011-12-01 17:56:00,2009-12-03 16:54:00,212.33170731707318,8,728,0.05631868131868132
17577.0,348.75,2,179,20,2010-03-04 13:01:00,2010-02-09 10:10:00,174.375,645,23,0.08695652173913043
17578.0,1047.33,7,529,57,2011-05-05 18:38:00,2010-06-28 11:55:00,149.6185714285714,218,311,0.022508038585209004
17579.0,753.28,4,375,89,2011-12-05 12:28:00,2010-05-10 14:28:00,188.32,5,573,0.006980802792321117
17580.0,538.07,5,222,77,2011-04-01 12:41:00,2010-10-13 14:28:00,107.614,253,169,0.029585798816568046
17581.0,17951.17,43,9519,387,2011-12-09 12:21:00,2009-12-03 12:34:00,417.4690697674418,1,735,0.058503401360544216
17582.0,1446.95,5,603,92,2011-04-17 13:18:00,2010-03-26 12:23:00,289.39,236,387,0.012919896640826873
17583.0,135.95,1,55,7,2010-05-28 14:24:00,2010-05-28 14:24:00,135.95,560,0,1.0
17584.0,5309.42,6,2464,85,2011-12-02 17:12:00,2010-01-25 08:17:00,884.9033333333333,7,676,0.008875739644970414
17585.0,2064.71,7,2510,295,2011-08-22 13:30:00,2010-08-18 16:39:00,294.9585714285714,109,368,0.019021739130434784
17586.0,167.4,1,68,8,2010-03-30 13:12:00,2010-03-30 13:12:00,167.4,619,0,1.0
17587.0,173.76,1,66,41,2010-03-21 14:16:00,2010-03-21 14:16:00,173.76,628,0,1.0
17588.0,2939.55,7,1379,35,2011-08-31 13:37:00,2010-03-12 12:34:00,419.9357142857143,100,537,0.01303538175046555
17589.0,13806.27,18,8661,600,2011-10-10 16:58:00,2010-03-07 13:48:00,767.015,60,582,0.030927835051546393
17590.0,1466.77,3,821,161,2011-12-07 12:55:00,2011-10-30 14:05:00,488.92333333333335,2,37,0.08108108108108109
17591.0,2339.32,8,1028,93,2011-09-27 13:42:00,2010-01-17 16:09:00,292.415,73,617,0.012965964343598054
17592.0,148.3,1,38,13,2009-12-01 10:49:00,2009-12-01 10:49:00,148.3,739,0,1.0
17593.0,8092.32,11,5595,311,2011-12-06 10:30:00,2009-12-04 14:35:00,735.6654545454545,4,731,0.015047879616963064
17594.0,2497.88,4,1368,70,2011-09-15 16:34:00,2010-04-14 08:53:00,624.47,85,519,0.007707129094412331
17595.0,386.69,2,228,68,2011-11-27 16:08:00,2011-11-02 16:19:00,193.345,12,24,0.08333333333333333
17596.0,4491.46,13,7010,274,2011-11-16 14:11:00,2009-12-15 13:21:00,345.49692307692305,23,701,0.018544935805991442
17597.0,3484.09,5,2215,109,2011-05-10 11:54:00,2010-05-05 15:33:00,696.818,214,369,0.013550135501355014
17598.0,409.98,1,126,10,2010-11-23 17:43:00,2010-11-23 17:43:00,409.98,381,0,1.0
17599.0,52.05,1,11,3,2010-08-19 12:50:00,2010-08-19 12:50:00,52.05,478,0,1.0
17600.0,161.67000000000002,1,144,13,2011-11-22 09:43:00,2011-11-22 09:43:00,161.67000000000002,18,0,1.0
17601.0,412.65999999999997,2,294,68,2011-04-14 18:02:00,2010-11-24 14:29:00,206.32999999999998,239,141,0.014184397163120567
17602.0,7354.43,14,5880,450,2011-12-07 13:53:00,2010-03-30 17:25:00,525.3164285714286,2,616,0.022727272727272728
17603.0,1788.38,4,638,104,2011-09-22 14:18:00,2009-12-10 09:44:00,447.095,78,651,0.006144393241167435
17604.0,942.38,6,614,142,2011-05-06 13:43:00,2010-01-27 12:19:00,157.06333333333333,217,464,0.01293103448275862
17605.0,160.75,1,71,13,2010-04-28 14:45:00,2010-04-28 14:45:00,160.75,590,0,1.0
17606.0,87.30000000000001,1,42,6,2009-12-02 13:32:00,2009-12-02 13:32:00,87.30000000000001,737,0,1.0
17607.0,333.81,1,269,22,2010-11-28 13:11:00,2010-11-28 13:11:00,333.81,376,0,1.0
17608.0,488.06,4,528,134,2011-11-06 13:06:00,2010-04-11 13:37:00,122.015,33,573,0.006980802792321117
17609.0,1875.36,11,1282,316,2011-10-30 12:28:00,2010-04-09 16:54:00,170.4872727272727,41,568,0.01936619718309859
17610.0,1511.94,5,893,114,2010-06-17 16:34:00,2009-12-06 16:07:00,302.38800000000003,540,193,0.025906735751295335
17611.0,8287.53,28,5291,721,2011-12-02 13:29:00,2009-12-01 13:29:00,295.9832142857143,7,731,0.038303693570451436
17612.0,5394.86,18,3521,213,2011-10-17 14:59:00,2009-12-17 11:59:00,299.71444444444444,53,669,0.026905829596412557
17613.0,4544.55,14,2490,211,2011-11-17 10:51:00,2011-02-07 11:20:00,324.6107142857143,23,282,0.04964539007092199
17614.0,386.32,1,235,97,2011-10-13 16:01:00,2011-10-13 16:01:00,386.32,57,0,1.0
17615.0,721.8,6,378,47,2011-08-01 14:06:00,2010-08-11 12:54:00,120.3,130,355,0.016901408450704224
17616.0,734.4,4,288,1,2011-06-19 10:11:00,2010-09-14 10:43:00,183.6,174,277,0.01444043321299639
17617.0,385.19,1,249,18,2010-05-30 12:48:00,2010-05-30 12:48:00,385.19,559,0,1.0
17618.0,4001.64,11,1798,202,2011-12-04 11:50:00,2010-01-24 11:03:00,363.7854545454545,6,679,0.016200294550810016
17619.0,214.37,1,124,71,2011-01-31 14:18:00,2011-01-31 14:18:00,214.37,312,0,1.0
17620.0,81.44,1,60,4,2011-10-11 12:08:00,2011-10-11 12:08:00,81.44,60,0,1.0
17621.0,3175.12,6,1110,61,2011-11-18 17:11:00,2010-10-04 09:37:00,529.1866666666666,21,410,0.014634146341463415
17622.0,1130.21,2,379,19,2010-04-21 12:36:00,2010-04-20 13:38:00,565.105,598,0,2.0
17623.0,2365.77,7,799,130,2011-11-07 11:32:00,2009-12-14 14:36:00,337.96714285714285,33,692,0.010115606936416185
17624.0,1568.63,4,958,91,2011-11-25 10:52:00,2009-12-20 12:35:00,392.1575,15,704,0.005681818181818182
17625.0,5978.9,8,3505,429,2011-11-21 13:36:00,2009-12-15 11:49:00,747.3625,18,706,0.0113314447592068
17626.0,254.0,1,202,18,2010-04-16 12:15:00,2010-04-16 12:15:00,254.0,603,0,1.0
17627.0,296.36,1,676,10,2010-08-18 11:27:00,2010-08-18 11:27:00,296.36,479,0,1.0
17628.0,75.75,1,79,5,2011-09-19 15:21:00,2011-09-19 15:21:00,75.75,81,0,1.0
17629.0,2455.52,10,1903,129,2011-12-04 10:56:00,2010-10-14 13:35:00,245.552,6,415,0.024096385542168676
17630.0,503.59999999999997,2,158,24,2011-06-23 11:58:00,2011-04-21 14:03:00,251.79999999999998,170,62,0.03225806451612903
17631.0,998.49,7,591,66,2011-12-08 09:47:00,2009-12-09 14:15:00,142.64142857142858,2,728,0.009615384615384616
17633.0,2057.39,7,899,84,2011-11-08 13:25:00,2010-11-15 14:55:00,293.91285714285715,31,357,0.0196078431372549
17634.0,2358.59,9,838,209,2011-11-03 13:09:00,2011-01-06 12:45:00,262.0655555555556,36,301,0.029900332225913623
17635.0,1265.58,3,770,60,2010-10-11 15:12:00,2010-04-28 10:51:00,421.85999999999996,424,166,0.018072289156626505
17636.0,285.56,1,182,20,2011-11-20 14:40:00,2011-11-20 14:40:00,285.56,19,0,1.0
17637.0,547.0600000000001,2,280,35,2011-11-08 12:51:00,2011-08-16 13:25:00,273.53000000000003,31,83,0.024096385542168676
17638.0,842.4,2,432,2,2010-03-02 14:32:00,2009-12-18 09:58:00,421.2,647,74,0.02702702702702703
17639.0,615.17,6,576,59,2011-03-08 15:22:00,2010-08-13 11:59:00,102.52833333333332,276,207,0.028985507246376812
17640.0,3168.94,6,1692,48,2011-09-14 09:13:00,2010-03-23 09:15:00,528.1566666666666,87,539,0.011131725417439703
17642.0,1824.49,5,1475,88,2011-08-12 09:11:00,2009-12-05 16:01:00,364.898,120,614,0.008143322475570033
17643.0,439.7,2,226,30,2010-12-01 14:38:00,2010-07-22 13:07:00,219.85,373,132,0.015151515151515152
17644.0,6028.6,20,3469,160,2011-12-08 13:43:00,2010-02-16 08:44:00,301.43,1,660,0.030303030303030304
17646.0,3898.79,12,1308,124,2011-05-04 13:17:00,2009-12-16 09:37:00,324.89916666666664,219,504,0.023809523809523808
17647.0,331.65999999999997,3,82,12,2011-10-05 15:38:00,2010-02-08 14:39:00,110.55333333333333,65,604,0.004966887417218543
17648.0,2216.37,5,954,114,2011-10-10 09:41:00,2010-11-19 16:41:00,443.274,61,324,0.015432098765432098
17649.0,1578.89,3,723,88,2011-07-24 15:53:00,2010-08-24 13:01:00,526.2966666666667,138,334,0.008982035928143712
17650.0,166.08,1,150,8,2011-11-18 14:52:00,2011-11-18 14:52:00,166.08,21,0,1.0
17651.0,5703.52,16,4086,198,2011-11-28 10:29:00,2010-07-01 12:17:00,356.47,12,514,0.0311284046692607
17652.0,4867.72,12,2509,118,2011-11-14 12:55:00,2011-03-03 14:05:00,405.6433333333334,25,255,0.047058823529411764
17653.0,1207.56,4,1409,44,2011-11-03 12:46:00,2011-08-11 15:24:00,301.89,37,83,0.04819277108433735
17654.0,117.55,1,41,22,2011-03-07 13:17:00,2011-03-07 13:17:00,117.55,277,0,1.0
17655.0,2976.38,9,1268,75,2011-11-29 11:34:00,2010-10-19 10:20:00,330.7088888888889,11,406,0.022167487684729065
17656.0,1674.69,5,1399,67,2011-09-27 13:04:00,2011-08-03 10:45:00,334.938,73,55,0.09090909090909091
17657.0,126.0,1,60,7,2010-10-05 14:52:00,2010-10-05 14:52:00,126.0,430,0,1.0
17658.0,595.42,2,616,17,2011-11-14 12:07:00,2011-05-12 15:23:00,297.71,26,185,0.010810810810810811
17659.0,3586.9900000000002,14,1752,150,2011-11-22 13:29:00,2010-11-18 14:20:00,256.21357142857147,17,368,0.03804347826086957
17660.0,342.22,2,259,75,2011-07-21 13:37:00,2009-12-02 16:02:00,171.11,141,595,0.0033613445378151263
17662.0,412.92,2,184,14,2010-02-16 09:38:00,2009-12-17 09:54:00,206.46,662,60,0.03333333333333333
17663.0,5175.83,17,2297,153,2011-11-14 08:56:00,2010-03-04 11:42:00,304.4605882352941,26,619,0.027463651050080775
17664.0,1166.23,4,1058,68,2011-11-21 11:29:00,2010-03-29 17:17:00,291.5575,19,601,0.0066555740432612314
17665.0,563.1,1,690,19,2010-08-03 13:12:00,2010-08-03 13:12:00,563.1,493,0,1.0
17666.0,2047.8,5,1552,30,2011-12-06 09:06:00,2010-06-30 12:03:00,409.56,4,523,0.009560229445506692
17667.0,3950.7,9,2192,140,2011-10-04 14:32:00,2010-02-23 09:57:00,438.96666666666664,66,588,0.015306122448979591
17668.0,347.75,2,93,14,2011-12-08 13:25:00,2011-11-01 14:45:00,173.875,1,36,0.05555555555555555
17669.0,6142.35,10,3505,85,2011-10-28 08:53:00,2010-04-01 18:48:00,614.235,43,574,0.017421602787456445
17670.0,205.7,1,110,11,2011-04-26 09:12:00,2011-04-26 09:12:00,205.7,228,0,1.0
17671.0,2009.16,5,987,54,2011-11-24 12:21:00,2010-11-29 11:53:00,401.832,16,360,0.013888888888888888
17672.0,5778.63,7,2758,179,2011-10-20 14:18:00,2010-01-26 17:20:00,825.5185714285715,50,631,0.011093502377179081
17673.0,4173.88,13,3284,195,2011-12-08 12:50:00,2010-03-19 14:02:00,321.0676923076923,2,628,0.020700636942675158
17674.0,551.04,2,672,19,2011-09-26 13:35:00,2010-12-06 10:20:00,275.52,74,294,0.006802721088435374
17675.0,37642.48,70,16180,345,2011-12-08 18:03:00,2009-12-10 16:10:00,537.7497142857143,1,728,0.09615384615384616
17676.0,2448.64,10,1764,85,2011-12-05 15:16:00,2010-03-30 10:49:00,244.86399999999998,4,615,0.016260162601626018
17677.0,35058.46,54,20921,346,2011-12-08 09:56:00,2009-12-16 11:23:00,649.2307407407408,2,721,0.07489597780859916
17678.0,599.76,2,368,27,2011-03-21 11:52:00,2010-04-15 13:54:00,299.88,264,339,0.0058997050147492625
17679.0,3577.61,7,1755,70,2011-10-18 07:43:00,2009-12-03 17:32:00,511.08714285714285,53,683,0.010248901903367497
17680.0,497.45,3,155,20,2011-11-16 12:42:00,2010-07-16 16:07:00,165.81666666666666,24,487,0.006160164271047228
17681.0,731.2,5,450,12,2010-04-21 17:22:00,2010-01-15 11:53:00,146.24,597,96,0.052083333333333336
17682.0,4065.28,11,2281,85,2011-11-29 15:59:00,2010-03-08 09:49:00,369.5709090909091,10,631,0.017432646592709985
17683.0,819.01,3,781,41,2010-11-19 10:11:00,2010-06-03 17:15:00,273.00333333333333,386,168,0.017857142857142856
17684.0,239.41,1,145,15,2011-10-27 11:10:00,2011-10-27 11:10:00,239.41,44,0,1.0
17685.0,5454.95,12,3474,124,2011-11-23 11:36:00,2010-02-11 13:44:00,454.57916666666665,17,649,0.01848998459167951
17686.0,8296.81,9,3583,283,2011-12-02 15:39:00,2010-06-24 09:49:00,921.8677777777777,7,526,0.017110266159695818
17687.0,432.68,1,210,26,2010-10-15 12:30:00,2010-10-15 12:30:00,432.68,421,0,1.0
17688.0,304.2,1,114,19,2010-11-11 10:41:00,2010-11-11 10:41:00,304.2,394,0,1.0
17689.0,317.08,2,300,17,2010-11-16 13:22:00,2010-08-22 13:54:00,158.54,388,85,0.023529411764705882
17690.0,6963.8,20,2939,237,2011-11-09 15:17:00,2010-02-03 14:26:00,348.19,30,644,0.031055900621118012
17691.0,637.5500000000001,4,315,37,2010-12-16 17:20:00,2010-06-11 11:50:00,159.38750000000002,358,188,0.02127659574468085
17692.0,2960.44,12,2290,89,2011-08-04 14:01:00,2010-06-17 11:14:00,246.70333333333335,127,413,0.029055690072639227
17693.0,200.47,1,231,16,2011-07-25 15:48:00,2011-07-25 15:48:00,200.47,137,0,1.0
17694.0,1695.97,3,1493,54,2011-07-21 12:00:00,2010-05-26 08:27:00,565.3233333333334,142,421,0.007125890736342043
17695.0,1746.04,5,1809,46,2011-07-31 10:40:00,2010-01-28 09:27:00,349.20799999999997,132,549,0.009107468123861567
17696.0,7679.59,27,5891,191,2011-11-01 13:43:00,2009-12-10 17:09:00,284.42925925925925,38,690,0.0391304347826087
17697.0,338.95,1,93,19,2011-04-17 15:40:00,2011-04-17 15:40:00,338.95,236,0,1.0
17698.0,154.95,1,93,8,2011-03-24 11:34:00,2011-03-24 11:34:00,154.95,261,0,1.0
17699.0,442.0,2,208,17,2010-08-20 09:39:00,2010-05-27 11:53:00,221.0,477,84,0.023809523809523808
17700.0,6679.97,14,3469,259,2011-11-23 11:51:00,2009-12-01 11:37:00,477.1407142857143,17,722,0.019390581717451522
17701.0,417.95,1,109,24,2011-04-01 12:25:00,2011-04-01 12:25:00,417.95,253,0,1.0
17702.0,3144.04,6,2153,120,2011-11-09 16:03:00,2010-11-04 12:09:00,524.0066666666667,30,370,0.016216216216216217
17703.0,1094.84,4,897,63,2011-11-04 15:51:00,2010-10-17 16:16:00,273.71,35,382,0.010471204188481676
17704.0,885.19,2,343,27,2011-06-24 09:40:00,2011-04-14 09:28:00,442.595,169,71,0.028169014084507043
17705.0,2083.9,11,1301,74,2011-12-06 13:45:00,2010-05-12 09:47:00,189.44545454545457,3,573,0.019197207678883072
17706.0,20272.15,31,7824,408,2011-12-05 13:34:00,2010-01-19 12:13:00,653.9403225806452,4,685,0.04525547445255475
17707.0,609.3000000000001,8,546,9,2011-06-07 15:03:00,2009-12-07 12:19:00,76.16250000000001,185,547,0.014625228519195612
17708.0,884.1800000000001,4,387,57,2011-06-05 10:12:00,2010-10-12 12:13:00,221.04500000000002,188,235,0.01702127659574468
17709.0,671.01,5,295,37,2011-06-23 11:55:00,2010-04-15 14:48:00,134.202,170,433,0.011547344110854504
17710.0,293.5,1,158,20,2010-10-12 07:49:00,2010-10-12 07:49:00,293.5,424,0,1.0
17711.0,385.1,2,246,22,2011-11-29 11:40:00,2011-02-23 11:32:00,192.55,11,279,0.007168458781362007
17712.0,522.91,1,215,29,2011-10-26 12:28:00,2011-10-26 12:28:00,522.91,45,0,1.0
17713.0,1198.09,4,989,55,2010-11-22 16:50:00,2010-06-09 09:33:00,299.5225,382,166,0.024096385542168676
17714.0,1410.18,5,608,69,2011-01-23 10:32:00,2010-07-14 10:41:00,282.036,321,192,0.026041666666666668
17715.0,489.59999999999997,2,576,1,2011-05-23 12:32:00,2010-04-26 12:17:00,244.79999999999998,201,392,0.00510204081632653
17716.0,15956.97,24,8819,334,2011-11-17 12:00:00,2009-12-02 17:18:00,664.87375,23,714,0.03361344537815126
17717.0,376.92,1,344,26,2010-10-14 12:54:00,2010-10-14 12:54:00,376.92,421,0,1.0
17718.0,439.18,2,274,22,2011-04-21 13:39:00,2010-03-05 08:01:00,219.59,232,412,0.0048543689320388345
17719.0,5396.04,15,2466,111,2011-11-02 10:36:00,2011-03-29 11:29:00,359.736,38,217,0.06912442396313365
17720.0,2666.91,10,1589,81,2011-11-13 15:04:00,2010-05-10 09:58:00,266.691,26,552,0.018115942028985508
17721.0,307.21000000000004,1,107,11,2010-02-18 15:18:00,2010-02-18 15:18:00,307.21000000000004,659,0,1.0
17722.0,3520.2200000000003,5,2412,163,2011-09-04 15:22:00,2010-11-29 09:44:00,704.0440000000001,96,279,0.017921146953405017
17723.0,3378.4000000000005,7,912,6,2011-08-04 18:37:00,2010-11-29 10:35:00,482.6285714285715,127,248,0.028225806451612902
17724.0,1033.0,3,300,38,2011-09-29 15:26:00,2011-07-24 13:26:00,344.3333333333333,71,67,0.04477611940298507
17725.0,3439.08,11,2162,115,2011-11-23 16:34:00,2011-03-17 19:47:00,312.64363636363635,16,250,0.044
17726.0,1092.06,7,444,52,2010-11-09 13:37:00,2010-01-26 14:58:00,156.00857142857143,395,286,0.024475524475524476
17727.0,1060.25,1,645,66,2011-11-24 17:06:00,2011-11-24 17:06:00,1060.25,15,0,1.0
17728.0,4238.76,5,2146,196,2011-12-06 08:52:00,2010-09-12 14:58:00,847.7520000000001,4,449,0.011135857461024499
17729.0,438.65000000000003,1,247,23,2010-04-22 15:03:00,2010-04-22 15:03:00,438.65000000000003,596,0,1.0
17730.0,7773.8,20,5300,177,2011-12-06 15:43:00,2010-04-29 11:48:00,388.69,3,586,0.034129692832764506
17731.0,1708.99,6,707,82,2011-09-21 15:02:00,2010-02-09 12:37:00,284.83166666666665,79,589,0.010186757215619695
17732.0,2166.42,8,1058,90,2010-12-02 09:29:00,2010-08-09 08:41:00,270.8025,373,115,0.06956521739130435
17733.0,692.19,2,463,33,2011-11-01 08:16:00,2011-03-23 09:54:00,346.095,39,222,0.009009009009009009
17734.0,1442.32,6,741,76,2011-10-17 12:33:00,2010-03-07 13:55:00,240.38666666666666,54,588,0.01020408163265306
17735.0,16790.33,26,10683,391,2011-12-07 16:47:00,2010-07-30 13:25:00,645.7819230769231,2,495,0.052525252525252523
17736.0,377.44,3,238,24,2011-11-30 15:36:00,2011-08-18 14:33:00,125.81333333333333,9,104,0.028846153846153848
17737.0,168.24,2,108,8,2011-11-30 15:16:00,2011-10-12 14:42:00,84.12,9,49,0.04081632653061224
17738.0,4183.56,13,2776,173,2011-11-20 15:05:00,2010-03-19 10:07:00,321.81230769230774,19,611,0.02127659574468085
17739.0,7730.59,18,2335,56,2011-11-28 09:12:00,2009-12-07 10:48:00,429.4772222222222,12,720,0.025
17740.0,426.9,6,222,5,2010-11-15 16:33:00,2010-01-11 13:11:00,71.14999999999999,389,308,0.01948051948051948
17741.0,101.1,2,114,6,2010-10-29 11:59:00,2010-05-28 12:11:00,50.55,407,153,0.013071895424836602
17742.0,2098.48,11,653,52,2011-08-18 15:28:00,2009-12-01 13:16:00,190.7709090909091,113,625,0.0176
17743.0,229.2,1,96,3,2010-09-17 14:54:00,2010-09-17 14:54:00,229.2,448,0,1.0
17744.0,2649.14,7,3826,121,2011-12-06 12:11:00,2010-11-24 09:34:00,378.4485714285714,4,377,0.01856763925729443
17745.0,600.34,2,164,27,2010-08-19 12:30:00,2010-06-02 09:03:00,300.17,478,78,0.02564102564102564
17746.0,904.1800000000001,4,688,32,2011-04-13 14:31:00,2010-04-08 12:54:00,226.04500000000002,240,370,0.010810810810810811
17747.0,71.4,1,12,1,2011-08-19 08:13:00,2011-08-19 08:13:00,71.4,113,0,1.0
17748.0,358.15,1,111,17,2010-06-30 13:49:00,2010-06-30 13:49:00,358.15,527,0,1.0
17749.0,1026.18,3,446,52,2011-06-14 15:45:00,2010-06-11 14:56:00,342.06,178,368,0.008152173913043478
17750.0,1694.16,9,3696,100,2011-12-04 14:09:00,2011-06-28 15:44:00,188.24,5,158,0.056962025316455694
17751.0,157.85999999999999,1,147,31,2010-10-14 13:57:00,2010-10-14 13:57:00,157.85999999999999,421,0,1.0
17752.0,80.64,1,192,1,2010-12-15 16:19:00,2010-12-15 16:19:00,80.64,359,0,1.0
17753.0,382.06,4,124,63,2010-09-01 15:49:00,2010-01-06 14:20:00,95.515,464,238,0.01680672268907563
17754.0,4451.22,13,4366,185,2011-12-09 11:20:00,2009-12-11 15:52:00,342.4015384615385,1,727,0.017881705639614855
17756.0,728.75,3,399,54,2010-11-29 12:20:00,2010-11-10 12:54:00,242.91666666666666,376,18,0.16666666666666666
17757.0,9070.1,56,5010,361,2011-12-08 15:31:00,2010-01-13 15:56:00,161.96607142857144,1,693,0.08080808080808081
17758.0,4964.03,12,3199,403,2011-11-20 14:45:00,2010-05-20 13:18:00,413.6691666666666,19,549,0.02185792349726776
17759.0,1260.63,5,964,113,2011-11-22 16:02:00,2010-05-05 11:40:00,252.12600000000003,17,566,0.0088339222614841
17760.0,746.39,6,531,58,2011-11-18 10:56:00,2010-02-28 12:15:00,124.39833333333333,22,627,0.009569377990430622
17761.0,712.78,1,398,19,2011-11-07 10:23:00,2011-11-07 10:23:00,712.78,33,0,1.0
17762.0,129.75,1,129,16,2010-09-09 17:40:00,2010-09-09 17:40:00,129.75,456,0,1.0
17763.0,86.15,4,41,11,2011-03-21 14:25:00,2010-02-18 14:32:00,21.5375,263,395,0.010126582278481013
17764.0,1513.57,5,674,126,2011-10-20 11:03:00,2009-12-03 14:28:00,302.714,51,685,0.0072992700729927005
17765.0,524.0,4,195,71,2011-07-04 12:41:00,2010-09-17 12:45:00,131.0,159,289,0.01384083044982699
17766.0,299.61,2,155,21,2010-11-23 14:29:00,2010-11-23 14:17:00,149.805,381,0,2.0
17767.0,413.05,2,198,35,2011-11-24 14:42:00,2010-10-25 16:22:00,206.525,15,394,0.005076142131979695
17768.0,3292.73,7,2339,134,2011-12-01 13:22:00,2009-12-02 12:26:00,470.39,8,729,0.009602194787379973
17769.0,7053.38,17,3157,330,2011-11-27 11:18:00,2010-01-19 11:33:00,414.90470588235297,13,676,0.02514792899408284
17770.0,1143.27,5,365,33,2011-05-25 12:34:00,2011-03-02 13:35:00,228.654,199,83,0.060240963855421686
17771.0,386.93,4,369,62,2011-10-14 11:43:00,2010-04-29 13:21:00,96.7325,57,532,0.007518796992481203
17772.0,360.75,3,113,94,2011-11-29 11:05:00,2010-11-12 11:31:00,120.25,11,381,0.007874015748031496
17773.0,575.37,2,254,48,2010-07-13 14:07:00,2010-01-18 14:32:00,287.685,514,175,0.011428571428571429
17774.0,3272.83,9,1583,285,2011-09-04 12:49:00,2010-02-08 16:06:00,363.6477777777778,97,572,0.015734265734265736
17775.0,56.4,1,72,3,2011-03-30 10:50:00,2011-03-30 10:50:00,56.4,255,0,1.0
17776.0,329.3,2,270,73,2010-11-18 12:14:00,2009-12-16 14:59:00,164.65,387,336,0.005952380952380952
17777.0,647.56,3,501,141,2011-11-15 12:02:00,2011-08-31 14:35:00,215.85333333333332,25,75,0.04
17778.0,197.70000000000002,1,214,10,2010-02-16 12:44:00,2010-02-16 12:44:00,197.70000000000002,662,0,1.0
17779.0,650.32,3,396,73,2011-11-18 14:15:00,2011-07-19 12:19:00,216.77333333333334,21,122,0.02459016393442623
17780.0,346.56,3,156,76,2010-02-10 13:43:00,2010-01-24 11:21:00,115.52,667,17,0.17647058823529413
17781.0,188.02,2,34,12,2011-07-03 16:00:00,2011-03-31 19:54:00,94.01,159,93,0.021505376344086023
17782.0,679.02,2,538,29,2010-11-22 11:15:00,2010-11-22 10:03:00,339.51,383,0,2.0
17783.0,376.96,3,438,91,2011-09-28 16:07:00,2010-07-15 12:50:00,125.65333333333332,72,440,0.006818181818181818
17784.0,112.86,1,72,19,2010-06-07 16:08:00,2010-06-07 16:08:00,112.86,550,0,1.0
17785.0,403.38,3,227,48,2011-10-17 13:43:00,2010-05-23 13:01:00,134.46,53,512,0.005859375
17786.0,266.85,2,195,57,2011-09-15 12:51:00,2011-01-26 14:35:00,133.425,85,231,0.008658008658008658
17787.0,1817.54,4,896,94,2011-07-10 11:24:00,2010-12-03 13:43:00,454.385,153,218,0.01834862385321101
17788.0,1112.95,2,210,2,2011-09-27 10:09:00,2011-08-02 10:38:00,556.475,74,55,0.03636363636363636
17789.0,397.15,2,199,27,2011-03-03 13:14:00,2010-02-16 13:16:00,198.575,281,379,0.005277044854881266
17790.0,2779.41,20,1387,188,2011-11-13 11:30:00,2010-06-13 13:30:00,138.9705,27,517,0.03868471953578337
17791.0,106.1,1,46,10,2011-11-10 12:09:00,2011-11-10 12:09:00,106.1,30,0,1.0
17792.0,368.35,2,149,45,2010-08-29 14:30:00,2010-08-18 13:08:00,184.175,467,11,0.18181818181818182
17793.0,300.34,1,226,49,2011-11-14 14:24:00,2011-11-14 14:24:00,300.34,25,0,1.0
17794.0,147.3,2,46,7,2010-01-22 10:18:00,2010-01-20 12:17:00,73.65,687,1,2.0
17795.0,342.83,2,305,43,2011-06-13 12:36:00,2011-03-20 12:02:00,171.415,180,85,0.023529411764705882
17796.0,1236.39,7,347,149,2011-10-30 15:38:00,2010-10-14 13:37:00,176.62714285714287,40,381,0.01837270341207349
17797.0,1971.87,8,1086,222,2011-11-17 13:21:00,2009-12-15 14:30:00,246.48375,22,701,0.011412268188302425
17798.0,172.17,1,136,42,2010-05-07 11:42:00,2010-05-07 11:42:00,172.17,582,0,1.0
17799.0,6246.93,20,3674,478,2011-11-17 15:16:00,2009-12-13 16:03:00,312.3465,22,703,0.02844950213371266
17800.0,1186.21,9,731,50,2011-11-02 12:57:00,2011-01-09 13:50:00,131.8011111111111,37,296,0.030405405405405407
17801.0,770.03,3,820,66,2010-09-14 14:32:00,2010-01-17 11:31:00,256.6766666666667,451,240,0.0125
17802.0,4946.22,10,2705,283,2011-09-18 14:56:00,2009-12-13 13:39:00,494.622,82,644,0.015527950310559006
17803.0,184.66,1,98,27,2010-11-12 13:53:00,2010-11-12 13:53:00,184.66,392,0,1.0
17804.0,383.78000000000003,3,194,82,2010-11-28 14:01:00,2009-12-01 12:22:00,127.92666666666668,376,362,0.008287292817679558
17805.0,927.03,2,1126,10,2011-09-27 11:49:00,2010-04-08 14:36:00,463.515,74,536,0.0037313432835820895
17806.0,546.04,1,727,43,2011-11-28 14:12:00,2011-11-28 14:12:00,546.04,11,0,1.0
17807.0,437.87,3,262,88,2010-11-09 16:21:00,2010-01-04 14:00:00,145.95666666666668,395,309,0.009708737864077669
17808.0,262.64,4,143,29,2010-06-09 10:44:00,2010-05-07 16:26:00,65.66,549,32,0.125
17809.0,10085.89,20,2995,59,2011-11-23 12:59:00,2009-12-02 14:52:00,504.29449999999997,16,720,0.027777777777777776
17810.0,343.21,2,117,50,2010-02-09 10:47:00,2010-01-25 10:26:00,171.605,669,15,0.13333333333333333
17811.0,9513.1,47,5277,537,2011-12-05 13:46:00,2010-09-20 11:24:00,202.4063829787234,4,441,0.10657596371882086
17812.0,911.99,7,444,162,2011-11-27 11:47:00,2010-06-27 13:34:00,130.28428571428572,13,517,0.013539651837524178
17813.0,1698.07,5,752,297,2011-11-25 16:13:00,2011-09-29 15:57:00,339.614,14,57,0.08771929824561403
17814.0,1609.37,2,1435,112,2010-11-29 14:21:00,2010-10-13 14:03:00,804.685,375,47,0.0425531914893617
17815.0,591.96,1,612,13,2010-11-11 14:39:00,2010-11-11 14:39:00,591.96,393,0,1.0
17816.0,96.11,6,80,41,2011-11-03 11:34:00,2009-12-15 15:27:00,16.018333333333334,37,687,0.008733624454148471
17817.0,788.15,6,353,115,2011-12-05 14:39:00,2010-10-13 15:07:00,131.35833333333332,4,417,0.014388489208633094
17818.0,124.78,1,86,42,2009-12-02 11:34:00,2009-12-02 11:34:00,124.78,738,0,1.0
17819.0,6021.05,12,1610,66,2011-09-29 10:52:00,2009-12-13 15:24:00,501.75416666666666,72,654,0.01834862385321101
17820.0,180.60999999999999,1,111,39,2010-11-30 17:43:00,2010-11-30 17:43:00,180.60999999999999,374,0,1.0
17821.0,334.62,1,162,6,2010-10-29 13:20:00,2010-10-29 13:20:00,334.62,406,0,1.0
17822.0,2154.08,5,1372,151,2010-10-15 13:47:00,2010-05-28 12:15:00,430.816,420,140,0.03571428571428571
17823.0,449.25,2,252,88,2010-10-14 16:24:00,2010-10-14 16:14:00,224.625,421,0,2.0
17824.0,298.4,1,408,13,2011-10-19 14:14:00,2011-10-19 14:14:00,298.4,51,0,1.0
17825.0,701.96,4,516,24,2010-04-20 12:01:00,2009-12-14 12:09:00,175.49,599,126,0.031746031746031744
17826.0,133.34,1,84,33,2010-11-30 13:23:00,2010-11-30 13:23:00,133.34,374,0,1.0
17827.0,2376.17,6,1582,240,2011-12-04 15:00:00,2010-03-28 12:20:00,396.02833333333336,5,616,0.00974025974025974
17828.0,1165.09,4,655,53,2011-11-17 08:41:00,2011-06-08 08:31:00,291.2725,23,162,0.024691358024691357
17829.0,4756.74,5,3009,121,2011-02-14 12:46:00,2010-02-22 15:39:00,951.348,299,356,0.014044943820224719
17830.0,398.7,3,92,18,2011-12-08 12:28:00,2011-02-24 10:15:00,132.9,2,287,0.010452961672473868
17831.0,35.400000000000006,1,12,2,2011-11-06 15:09:00,2011-11-06 15:09:00,35.400000000000006,33,0,1.0
17832.0,155.37,1,208,61,2011-10-21 11:43:00,2011-10-21 11:43:00,155.37,50,0,1.0
17833.0,338.46000000000004,1,143,28,2009-12-16 13:40:00,2009-12-16 13:40:00,338.46000000000004,723,0,1.0
17834.0,689.6700000000001,2,639,54,2010-10-21 12:09:00,2010-09-20 15:32:00,344.83500000000004,415,30,0.06666666666666667
17835.0,342.24,3,344,45,2011-12-07 11:48:00,2011-11-16 16:30:00,114.08,3,20,0.15
17836.0,109.83,1,87,22,2011-10-23 16:13:00,2011-10-23 16:13:00,109.83,47,0,1.0
17837.0,1535.33,8,508,109,2011-10-28 16:13:00,2011-06-29 16:44:00,191.91625,42,120,0.06666666666666667
17838.0,5604.64,13,3491,141,2011-11-13 11:20:00,2010-03-19 09:53:00,431.1261538461539,27,604,0.02152317880794702
17839.0,318.15,1,257,50,2011-10-28 17:27:00,2011-10-28 17:27:00,318.15,42,0,1.0
17840.0,175.9,1,128,44,2010-09-22 12:24:00,2010-09-22 12:24:00,175.9,444,0,1.0
17841.0,68519.95,211,36565,2115,2011-12-08 12:07:00,2009-12-02 15:41:00,324.73909952606635,2,735,0.2870748299319728
17842.0,430.69,1,89,18,2010-04-16 14:23:00,2010-04-16 14:23:00,430.69,602,0,1.0
17843.0,312.65,2,226,57,2011-02-09 15:33:00,2010-10-24 10:56:00,156.325,303,108,0.018518518518518517
17844.0,51.559999999999995,1,52,5,2011-08-25 11:27:00,2011-08-25 11:27:00,51.559999999999995,107,0,1.0
17845.0,596.09,4,195,42,2010-06-02 15:20:00,2010-05-12 13:04:00,149.0225,555,21,0.19047619047619047
17847.0,125.74000000000001,2,28,8,2010-07-12 10:00:00,2010-03-04 12:57:00,62.870000000000005,516,129,0.015503875968992248
17848.0,3538.46,30,1372,104,2011-09-19 16:49:00,2009-12-06 13:19:00,117.94866666666667,81,652,0.046012269938650305
17849.0,1063.76,8,224,24,2011-05-05 13:46:00,2010-03-14 15:17:00,132.97,218,416,0.019230769230769232
17850.0,51208.87,155,21052,100,2010-12-02 15:27:00,2009-12-05 12:28:00,330.3798064516129,372,362,0.4281767955801105
17851.0,1552.35,6,933,185,2010-10-13 15:13:00,2009-12-03 17:46:00,258.72499999999997,422,313,0.019169329073482427
17852.0,657.8100000000001,5,372,82,2011-11-28 12:36:00,2009-12-08 12:51:00,131.562,12,719,0.006954102920723227
17853.0,1596.29,3,625,84,2010-10-28 15:29:00,2009-12-03 15:09:00,532.0966666666667,407,329,0.00911854103343465
17854.0,1068.5,6,607,113,2011-06-07 16:21:00,2009-12-08 11:13:00,178.08333333333334,185,546,0.01098901098901099
17855.0,208.97,1,197,17,2010-12-02 09:44:00,2010-12-02 09:44:00,208.97,373,0,1.0
17856.0,1418.03,4,842,12,2011-12-08 09:40:00,2011-03-03 11:40:00,354.5075,2,279,0.014336917562724014
17857.0,25769.54,23,15472,20,2011-12-05 13:13:00,2010-03-08 12:09:00,1120.4147826086958,4,637,0.03610675039246468
17858.0,12518.65,30,5383,173,2011-12-04 11:56:00,2009-12-06 15:41:00,417.2883333333333,6,727,0.04126547455295736
17859.0,141.92000000000002,1,102,23,2011-02-08 10:32:00,2011-02-08 10:32:00,141.92000000000002,305,0,1.0
17860.0,717.39,4,696,127,2010-12-06 12:41:00,2009-12-11 16:48:00,179.3475,369,359,0.011142061281337047
17861.0,5088.29,18,4541,329,2011-12-06 16:21:00,2009-12-10 11:27:00,282.6827777777778,3,726,0.024793388429752067
17862.0,1254.89,4,440,90,2011-01-20 12:23:00,2010-05-25 17:22:00,313.7225,324,239,0.016736401673640166
17863.0,5360.48,12,4676,154,2011-10-11 13:45:00,2010-02-25 12:01:00,446.70666666666665,59,593,0.02023608768971332
17864.0,876.57,5,1015,93,2011-11-27 11:15:00,2010-10-08 11:49:00,175.31400000000002,13,414,0.012077294685990338
17865.0,26310.09,46,12949,390,2011-11-09 12:08:00,2009-12-01 10:49:00,571.9584782608696,31,708,0.06497175141242938
17866.0,1134.95,3,535,20,2011-07-20 11:07:00,2009-12-14 16:01:00,378.31666666666666,143,582,0.005154639175257732
17867.0,1577.0500000000002,15,637,118,2011-11-09 14:15:00,2009-12-02 13:39:00,105.13666666666668,30,707,0.021216407355021217
17868.0,227.15,1,85,18,2010-11-18 18:55:00,2010-11-18 18:55:00,227.15,386,0,1.0
17869.0,813.64,7,491,72,2011-08-24 16:16:00,2010-06-10 13:47:00,116.23428571428572,107,440,0.015909090909090907
17870.0,2753.29,13,1699,215,2011-12-07 15:07:00,2010-11-23 11:39:00,211.79153846153847,2,379,0.03430079155672823
17871.0,1068.95,5,665,64,2011-05-19 11:32:00,2010-01-15 14:48:00,213.79000000000002,205,488,0.010245901639344262
17872.0,235.87,1,176,15,2010-11-23 12:02:00,2010-11-23 12:02:00,235.87,382,0,1.0
17873.0,6135.95,18,4158,64,2011-09-20 16:41:00,2009-12-16 15:11:00,340.8861111111111,80,643,0.027993779160186624
17874.0,683.46,6,221,37,2011-06-07 12:54:00,2011-03-29 11:25:00,113.91000000000001,185,70,0.08571428571428572
17875.0,167.1,1,98,25,2010-01-20 15:30:00,2010-01-20 15:30:00,167.1,688,0,1.0
17876.0,3424.02,3,1958,3,2010-11-05 10:52:00,2010-02-02 13:00:00,1141.34,400,275,0.01090909090909091
17877.0,237.61,1,98,12,2011-06-22 13:00:00,2011-06-22 13:00:00,237.61,170,0,1.0
17878.0,1378.93,3,1014,82,2011-10-27 11:24:00,2010-11-09 13:50:00,459.6433333333334,44,351,0.008547008547008548
17879.0,178.51999999999998,1,45,6,2011-06-19 12:36:00,2011-06-19 12:36:00,178.51999999999998,174,0,1.0
17880.0,824.9200000000001,3,466,43,2010-12-10 10:21:00,2009-12-09 16:13:00,274.97333333333336,365,365,0.00821917808219178
17881.0,133.35000000000002,1,32,8,2011-02-08 17:16:00,2011-02-08 17:16:00,133.35000000000002,304,0,1.0
17882.0,291.56,2,130,47,2010-11-25 14:40:00,2010-11-25 14:35:00,145.78,379,0,2.0
17883.0,988.42,7,476,155,2011-12-06 17:49:00,2010-02-25 20:07:00,141.20285714285714,3,648,0.010802469135802469
17884.0,2693.47,20,2748,304,2011-12-06 11:33:00,2009-12-04 16:23:00,134.6735,4,731,0.027359781121751026
17885.0,156.34,1,110,50,2011-11-27 14:40:00,2011-11-27 14:40:00,156.34,12,0,1.0
17886.0,1572.55,6,711,138,2011-11-08 10:09:00,2010-04-29 11:10:00,262.09166666666664,32,557,0.010771992818671455
17887.0,111.35,1,30,10,2011-08-02 17:29:00,2011-08-02 17:29:00,111.35,129,0,1.0
17888.0,1807.44,25,1536,145,2011-11-18 13:45:00,2009-12-21 16:34:00,72.2976,21,696,0.035919540229885055
17889.0,746.42,7,403,97,2011-05-11 16:26:00,2010-03-31 10:54:00,106.63142857142857,212,406,0.017241379310344827
17890.0,586.89,2,402,88,2011-01-21 11:19:00,2010-12-13 15:12:00,293.445,323,38,0.05263157894736842
17891.0,203.85999999999999,1,393,34,2011-06-30 20:08:00,2011-06-30 20:08:00,203.85999999999999,162,0,1.0
17892.0,244.1,3,109,27,2011-10-14 16:49:00,2011-07-07 12:56:00,81.36666666666666,56,99,0.030303030303030304
17893.0,107.21,1,149,15,2011-04-28 13:50:00,2011-04-28 13:50:00,107.21,225,0,1.0
17894.0,2304.16,18,936,214,2011-09-29 09:23:00,2010-08-27 14:13:00,128.0088888888889,72,397,0.04534005037783375
17895.0,95.45,1,127,15,2011-10-26 17:00:00,2011-10-26 17:00:00,95.45,44,0,1.0
17896.0,256.32,1,288,2,2011-11-16 13:59:00,2011-11-16 13:59:00,256.32,23,0,1.0
17897.0,2053.04,9,856,210,2011-06-20 11:23:00,2010-05-12 16:03:00,228.11555555555555,173,403,0.022332506203473945
17898.0,299.18,4,251,48,2011-09-15 14:56:00,2010-05-21 17:22:00,74.795,85,481,0.008316008316008316
17899.0,154.55,1,170,29,2011-07-03 14:58:00,2011-07-03 14:58:00,154.55,159,0,1.0
17900.0,112.19999999999999,2,73,4,2011-06-02 14:38:00,2011-06-02 14:28:00,56.099999999999994,190,0,2.0
17901.0,260.08,3,38,22,2011-11-10 17:29:00,2010-07-06 10:54:00,86.69333333333333,29,492,0.006097560975609756
17902.0,216.39999999999998,1,526,24,2010-06-11 12:25:00,2010-06-11 12:25:00,216.39999999999998,547,0,1.0
17903.0,381.09000000000003,1,142,44,2010-11-10 15:39:00,2010-11-10 15:39:00,381.09000000000003,394,0,1.0
17904.0,181.07,1,59,33,2011-11-18 12:57:00,2011-11-18 12:57:00,181.07,21,0,1.0
17905.0,2168.37,13,1274,128,2011-09-29 17:33:00,2010-01-28 17:54:00,166.7976923076923,71,608,0.02138157894736842
17906.0,72.9,1,26,12,2011-04-06 17:25:00,2011-04-06 17:25:00,72.9,247,0,1.0
17907.0,291.76,1,1046,13,2010-03-09 12:33:00,2010-03-09 12:33:00,291.76,641,0,1.0
17908.0,1142.47,5,670,178,2010-12-01 11:45:00,2009-12-14 12:24:00,228.494,374,351,0.014245014245014245
17909.0,110.05,1,35,8,2009-12-02 13:10:00,2009-12-02 13:10:00,110.05,737,0,1.0
17910.0,261.7,1,121,25,2009-12-13 16:04:00,2009-12-13 16:04:00,261.7,726,0,1.0
17911.0,366.23,1,223,39,2011-11-30 14:52:00,2011-11-30 14:52:00,366.23,9,0,1.0
17912.0,371.6,6,210,47,2011-02-02 14:25:00,2010-11-29 13:53:00,61.93333333333334,310,65,0.09230769230769231
17913.0,3425.09,14,1715,223,2011-10-12 10:45:00,2009-12-03 13:02:00,244.64928571428572,59,677,0.0206794682422452
17914.0,329.36,1,457,72,2011-12-06 11:58:00,2011-12-06 11:58:00,329.36,4,0,1.0
17915.0,225.78,1,184,27,2010-06-06 13:22:00,2010-06-06 13:22:00,225.78,551,0,1.0
17916.0,43.87,2,90,15,2010-03-21 12:26:00,2009-12-06 14:10:00,21.935,629,104,0.019230769230769232
17917.0,335.03,3,184,77,2011-10-25 13:20:00,2010-12-12 12:08:00,111.67666666666666,45,317,0.00946372239747634
17918.0,388.44,3,351,33,2010-07-27 11:51:00,2010-07-22 14:20:00,129.48,501,4,0.75
17919.0,1840.32,2,1452,37,2011-09-12 13:41:00,2010-09-27 10:40:00,920.16,88,350,0.005714285714285714
17920.0,23569.88,54,12263,714,2011-12-05 14:29:00,2009-12-06 10:37:00,436.47925925925927,4,729,0.07407407407407407
17921.0,2394.36,10,991,230,2011-10-06 18:56:00,2010-07-15 20:05:00,239.436,64,447,0.02237136465324385
17922.0,170.4,1,49,8,2010-06-14 16:32:00,2010-06-14 16:32:00,170.4,543,0,1.0
17923.0,497.0,3,140,2,2011-03-02 15:15:00,2010-06-13 13:58:00,165.66666666666666,282,262,0.011450381679389313
17924.0,3257.7000000000003,8,1208,27,2011-11-28 09:11:00,2010-10-21 12:17:00,407.21250000000003,12,402,0.01990049751243781
17925.0,244.08,1,72,1,2010-12-02 10:10:00,2010-12-02 10:10:00,244.08,373,0,1.0
17926.0,1035.49,5,572,27,2011-07-29 14:39:00,2010-05-09 14:07:00,207.098,133,446,0.011210762331838564
17927.0,294.0,1,108,10,2009-12-18 11:03:00,2009-12-18 11:03:00,294.0,722,0,1.0
17928.0,313.16,3,150,26,2011-10-25 13:52:00,2010-05-17 15:30:00,104.38666666666667,45,525,0.005714285714285714
17929.0,3082.1,12,434,6,2011-11-28 16:01:00,2009-12-09 11:40:00,256.84166666666664,11,719,0.016689847009735744
17930.0,4275.22,13,3795,39,2011-11-04 10:23:00,2010-03-04 10:41:00,328.86307692307696,36,609,0.021346469622331693
17931.0,3402.24,14,1919,274,2011-07-28 18:33:00,2010-02-16 15:47:00,243.01714285714283,134,527,0.026565464895635674
17932.0,1331.57,3,789,84,2011-11-10 19:49:00,2011-05-12 13:58:00,443.8566666666666,29,182,0.016483516483516484
17933.0,105.99,1,57,11,2010-03-17 15:11:00,2010-03-17 15:11:00,105.99,632,0,1.0
17934.0,1049.15,3,628,36,2011-10-19 11:16:00,2010-10-29 12:23:00,349.7166666666667,52,354,0.00847457627118644
17935.0,683.24,7,243,59,2011-07-24 13:18:00,2009-12-04 14:33:00,97.60571428571428,138,596,0.01174496644295302
17936.0,380.13,1,257,68,2011-12-04 13:32:00,2011-12-04 13:32:00,380.13,5,0,1.0
17937.0,4301.22,7,1754,19,2011-12-01 11:45:00,2010-12-12 14:43:00,614.46,9,353,0.019830028328611898
17938.0,144.29,1,53,29,2010-10-15 14:27:00,2010-10-15 14:27:00,144.29,420,0,1.0
17939.0,99.14,1,40,12,2011-07-03 12:27:00,2011-07-03 12:27:00,99.14,160,0,1.0
17940.0,28438.93,15,85147,10,2011-10-21 13:27:00,2009-12-03 12:31:00,1895.9286666666667,49,687,0.021834061135371178
17941.0,1433.28,4,1108,5,2011-08-01 08:30:00,2010-01-06 15:37:00,358.32,131,571,0.0070052539404553416
17942.0,77.50000000000001,1,38,2,2011-12-02 10:45:00,2011-12-02 10:45:00,77.50000000000001,8,0,1.0
17944.0,74.99,1,84,24,2010-10-12 16:25:00,2010-10-12 16:25:00,74.99,423,0,1.0
17945.0,359.5,3,243,65,2010-01-12 11:40:00,2010-01-12 11:33:00,119.83333333333333,697,0,3.0
17946.0,149.57999999999998,2,75,18,2011-04-20 17:00:00,2011-03-25 14:34:00,74.78999999999999,233,26,0.07692307692307693
17947.0,176.68,1,168,9,2011-11-02 13:05:00,2011-11-02 13:05:00,176.68,37,0,1.0
17948.0,358.56000000000006,1,144,1,2011-07-15 12:58:00,2011-07-15 12:58:00,358.56000000000006,147,0,1.0
17949.0,107833.48,116,60440,56,2011-12-08 18:46:00,2009-12-02 11:07:00,929.5989655172414,1,736,0.15760869565217392
17950.0,1166.29,7,659,133,2011-09-28 15:18:00,2010-01-04 17:39:00,166.61285714285714,72,631,0.011093502377179081
17951.0,1340.5800000000002,4,780,24,2011-10-31 12:30:00,2010-10-31 15:15:00,335.14500000000004,40,364,0.01098901098901099
17952.0,788.46,4,477,85,2010-11-26 13:54:00,2010-06-16 11:54:00,197.115,378,163,0.024539877300613498
17953.0,148.67000000000002,1,73,19,2010-06-17 15:08:00,2010-06-17 15:08:00,148.67000000000002,540,0,1.0
17954.0,3801.83,19,3177,478,2011-12-04 14:15:00,2009-12-09 13:22:00,200.0963157894737,5,725,0.02620689655172414
17955.0,949.9,6,681,16,2011-05-25 12:00:00,2010-02-12 16:27:00,158.31666666666666,199,466,0.012875536480686695
17956.0,12.75,1,1,1,2011-04-04 13:47:00,2011-04-04 13:47:00,12.75,249,0,1.0
17957.0,110.72,1,275,30,2011-10-04 14:58:00,2011-10-04 14:58:00,110.72,66,0,1.0
17958.0,973.88,2,284,35,2011-08-15 12:19:00,2009-12-11 15:37:00,486.94,117,611,0.0032733224222585926
17959.0,140.75,1,49,2,2010-04-26 14:12:00,2010-04-26 14:12:00,140.75,592,0,1.0
17960.0,135.08,3,60,37,2011-06-21 14:15:00,2010-03-08 12:22:00,45.02666666666667,171,470,0.006382978723404255
17961.0,2866.74,100,1491,486,2011-11-18 16:55:00,2009-12-01 14:48:00,28.667399999999997,21,717,0.1394700139470014
17962.0,665.91,4,632,145,2011-07-20 14:16:00,2010-01-13 15:24:00,166.4775,142,552,0.007246376811594203
17963.0,643.16,4,341,98,2010-08-25 15:58:00,2010-01-19 17:25:00,160.79,471,217,0.018433179723502304
17964.0,463.21,2,294,84,2011-11-08 10:44:00,2010-12-02 13:32:00,231.605,32,340,0.0058823529411764705
17965.0,7002.9,29,4380,587,2011-11-02 09:31:00,2009-12-14 13:19:00,241.47931034482758,38,687,0.042212518195050945
17966.0,1963.92,10,3918,82,2011-11-02 10:26:00,2010-01-18 13:24:00,196.392,38,652,0.015337423312883436
17967.0,223.42,2,111,59,2010-12-03 11:19:00,2010-10-19 13:19:00,111.71,372,44,0.045454545454545456
17968.0,590.4399999999999,4,352,106,2010-12-01 12:23:00,2010-07-15 15:01:00,147.60999999999999,374,138,0.028985507246376812
17969.0,2354.29,20,1014,113,2011-06-26 13:00:00,2009-12-06 13:53:00,117.7145,166,566,0.0353356890459364
17970.0,562.79,1,513,27,2011-05-12 20:03:00,2011-05-12 20:03:00,562.79,211,0,1.0
17971.0,161.94,1,62,21,2010-06-09 14:04:00,2010-06-09 14:04:00,161.94,548,0,1.0
17972.0,135.19,1,36,30,2011-04-12 12:16:00,2011-04-12 12:16:00,135.19,242,0,1.0
17973.0,337.04,1,176,15,2011-10-19 10:34:00,2011-10-19 10:34:00,337.04,52,0,1.0
17974.0,1739.09,6,1189,279,2011-11-15 11:37:00,2010-10-28 20:03:00,289.8483333333333,25,382,0.015706806282722512
17975.0,6693.03,24,2177,242,2011-11-24 13:27:00,2010-08-06 11:24:00,278.87624999999997,15,475,0.05052631578947368
17976.0,321.79,1,93,56,2010-12-02 13:49:00,2010-12-02 13:49:00,321.79,372,0,1.0
17977.0,1511.45,2,1948,94,2011-11-10 13:28:00,2010-11-04 14:26:00,755.725,29,370,0.005405405405405406
17978.0,1159.99,4,1297,62,2010-12-09 14:05:00,2009-12-08 13:27:00,289.9975,365,366,0.01092896174863388
17979.0,729.01,4,379,115,2011-11-04 12:05:00,2011-03-25 11:34:00,182.2525,36,224,0.017857142857142856
17980.0,1012.72,4,771,41,2011-06-27 12:01:00,2010-11-11 14:42:00,253.18,166,227,0.01762114537444934
17981.0,239.12,1,260,17,2010-10-25 10:40:00,2010-10-25 10:40:00,239.12,411,0,1.0
17982.0,138.18,1,117,13,2010-01-28 09:38:00,2010-01-28 09:38:00,138.18,681,0,1.0
17983.0,171.71,1,108,23,2010-11-09 13:24:00,2010-11-09 13:23:00,171.71,395,0,1.0
17984.0,1148.69,5,938,208,2011-07-17 15:59:00,2009-12-01 11:51:00,229.738,145,593,0.008431703204047217
17985.0,631.35,1,171,20,2011-11-17 14:24:00,2011-11-17 14:24:00,631.35,22,0,1.0
17986.0,20.8,1,10,1,2011-10-14 14:22:00,2011-10-14 14:22:00,20.8,56,0,1.0
17987.0,965.4399999999999,5,981,139,2011-06-07 14:22:00,2010-06-07 11:23:00,193.088,185,365,0.0136986301369863
17988.0,485.69,13,179,114,2011-11-28 11:00:00,2009-12-07 13:35:00,37.36076923076923,12,720,0.018055555555555554
17989.0,207.32999999999998,1,300,26,2010-11-25 13:49:00,2010-11-25 13:49:00,207.32999999999998,379,0,1.0
17990.0,1527.6100000000001,6,777,40,2011-04-17 11:44:00,2009-12-07 15:19:00,254.6016666666667,237,495,0.012121212121212121
17991.0,298.65,3,92,36,2011-04-28 15:58:00,2010-04-27 12:46:00,99.55,225,366,0.00819672131147541
17992.0,252.88,1,130,49,2010-11-15 13:04:00,2010-11-15 13:04:00,252.88,389,0,1.0
17993.0,225.99,1,108,60,2010-04-01 14:23:00,2010-04-01 14:23:00,225.99,617,0,1.0
17994.0,2264.0299999999997,11,2178,226,2011-08-10 11:41:00,2010-03-29 10:37:00,205.82090909090905,122,499,0.022044088176352707
17995.0,495.48,3,263,28,2011-03-03 12:30:00,2010-11-17 17:01:00,165.16,282,105,0.02857142857142857
17996.0,469.73,3,527,62,2010-11-25 11:00:00,2010-06-11 11:48:00,156.57666666666668,380,166,0.018072289156626505
17997.0,1962.46,8,2273,133,2011-09-26 16:13:00,2011-06-28 17:28:00,245.3075,74,89,0.0898876404494382
17998.0,639.24,3,561,57,2010-11-24 15:31:00,2009-12-01 13:07:00,213.08,380,358,0.008379888268156424
17999.0,528.46,3,286,125,2011-11-02 15:56:00,2010-11-26 13:16:00,176.15333333333334,37,341,0.008797653958944282
18000.0,124.25,1,109,6,2010-05-24 17:34:00,2010-05-24 17:34:00,124.25,564,0,1.0
18001.0,924.14,6,874,120,2011-11-27 16:02:00,2009-12-02 15:38:00,154.02333333333334,12,725,0.008275862068965517
18002.0,237.62,4,70,51,2010-11-29 10:57:00,2009-12-08 11:07:00,59.405,376,355,0.011267605633802818
18003.0,353.51,1,297,23,2010-11-28 15:09:00,2010-11-28 15:09:00,353.51,376,0,1.0
18004.0,157.92,1,75,32,2010-12-12 13:47:00,2010-12-12 13:47:00,157.92,362,0,1.0
18005.0,226.47,2,86,52,2011-12-06 11:51:00,2011-10-23 14:40:00,113.235,4,43,0.046511627906976744
18006.0,969.51,4,395,57,2011-11-16 16:52:00,2009-12-17 12:27:00,242.3775,23,699,0.005722460658082976
18007.0,215.22,1,246,46,2010-11-12 11:08:00,2010-11-12 11:08:00,215.22,393,0,1.0
18008.0,19759.079999999998,23,7825,77,2011-09-30 15:17:00,2010-01-06 12:35:00,859.0904347826087,70,632,0.03639240506329114
18009.0,2144.23,8,651,145,2011-04-18 13:36:00,2010-02-25 11:49:00,268.02875,235,417,0.019184652278177457
18010.0,174.8,1,60,14,2011-03-28 12:27:00,2011-03-28 12:27:00,174.8,257,0,1.0
18011.0,410.79,2,125,63,2010-12-01 17:35:00,2010-05-21 13:28:00,205.395,373,194,0.010309278350515464
18012.0,115.3,1,63,13,2009-12-16 13:16:00,2009-12-16 13:16:00,115.3,723,0,1.0
18013.0,187.29,2,285,31,2011-07-07 14:11:00,2011-07-07 14:08:00,93.645,155,0,2.0
18014.0,154.27,1,65,28,2011-11-11 15:28:00,2011-11-11 15:28:00,154.27,28,0,1.0
18015.0,120.03,1,157,46,2011-12-05 14:49:00,2011-12-05 14:49:00,120.03,4,0,1.0
18016.0,1954.56,7,1207,115,2011-11-07 13:25:00,2010-01-27 16:00:00,279.22285714285715,32,648,0.010802469135802469
18017.0,688.0,4,400,1,2011-09-19 16:15:00,2010-10-04 15:11:00,172.0,81,350,0.011428571428571429
18018.0,297.99,4,186,43,2011-08-23 17:37:00,2010-10-15 11:05:00,74.4975,108,312,0.01282051282051282
18019.0,38.45,1,7,5,2011-10-19 12:10:00,2011-10-19 12:10:00,38.45,52,0,1.0
18020.0,190.48000000000002,1,67,12,2010-06-14 12:31:00,2010-06-14 12:31:00,190.48000000000002,544,0,1.0
18021.0,216.41,2,168,32,2010-07-18 10:52:00,2010-07-15 18:47:00,108.205,510,2,1.0
18022.0,1506.62,5,1308,305,2011-11-04 12:45:00,2010-06-11 13:59:00,301.32399999999996,36,510,0.00980392156862745
18024.0,389.78,2,184,21,2011-07-10 12:40:00,2011-07-10 12:28:00,194.89,153,0,2.0
18025.0,1177.72,6,1053,83,2010-11-25 12:37:00,2010-03-30 17:33:00,196.28666666666666,380,239,0.02510460251046025
18026.0,2074.07,2,530,12,2010-07-27 10:37:00,2010-07-22 16:21:00,1037.035,501,4,0.5
18027.0,115.31,1,78,21,2011-09-02 10:38:00,2011-09-02 10:38:00,115.31,99,0,1.0
18028.0,192.05,1,133,4,2010-05-05 13:28:00,2010-05-05 13:28:00,192.05,583,0,1.0
18029.0,433.77,1,253,18,2010-03-07 15:30:00,2010-03-07 15:30:00,433.77,642,0,1.0
18030.0,230.64999999999998,2,67,8,2011-12-05 16:37:00,2011-10-28 13:55:00,115.32499999999999,4,38,0.05263157894736842
18031.0,451.3,1,298,49,2010-11-26 11:00:00,2010-11-26 11:00:00,451.3,379,0,1.0
18032.0,73.5,1,42,5,2011-01-09 15:32:00,2011-01-09 15:32:00,73.5,334,0,1.0
18033.0,93.82000000000001,1,252,32,2011-10-05 17:28:00,2011-10-05 17:28:00,93.82000000000001,65,0,1.0
18034.0,753.35,3,950,181,2011-11-18 12:22:00,2010-11-29 12:36:00,251.11666666666667,22,353,0.0084985835694051
18035.0,1260.23,5,1134,52,2011-11-04 12:39:00,2010-11-19 13:42:00,252.046,36,349,0.014326647564469915
18036.0,1545.49,11,741,221,2011-11-07 14:40:00,2009-12-18 12:04:00,140.4990909090909,32,689,0.015965166908563134
18037.0,167.42,15,37,31,2011-07-08 13:39:00,2009-12-01 13:48:00,11.161333333333333,154,583,0.025728987993138937
18038.0,141.48,1,80,25,2010-06-01 15:59:00,2010-06-01 15:59:00,141.48,556,0,1.0
18039.0,548.22,4,555,137,2010-11-30 13:07:00,2010-03-09 11:19:00,137.055,374,266,0.015037593984962405
18040.0,357.20000000000005,2,148,18,2011-11-20 14:20:00,2011-04-08 08:27:00,178.60000000000002,19,226,0.008849557522123894
18041.0,8018.7699999999995,38,7316,464,2011-11-28 11:39:00,2010-01-14 10:04:00,211.02026315789473,12,683,0.055636896046852125
18042.0,281.15,2,69,13,2011-10-17 11:49:00,2010-06-16 10:53:00,140.575,54,488,0.004098360655737705
18043.0,529.29,3,265,106,2011-11-15 12:48:00,2010-12-08 12:35:00,176.42999999999998,25,342,0.008771929824561403
18044.0,3505.61,18,1598,128,2011-12-05 14:26:00,2010-05-28 15:31:00,194.75611111111112,4,555,0.032432432432432434
18045.0,178.34,1,138,43,2011-10-25 13:07:00,2011-10-25 13:07:00,178.34,45,0,1.0
18046.0,189.63,1,44,26,2010-02-28 11:36:00,2010-02-28 11:36:00,189.63,650,0,1.0
18047.0,326.09,2,130,74,2010-11-23 13:11:00,2010-11-23 12:57:00,163.045,381,0,2.0
18048.0,394.93,3,256,56,2011-05-20 14:58:00,2010-08-03 13:03:00,131.64333333333335,203,290,0.010344827586206896
18049.0,500.5,2,400,81,2010-09-28 14:26:00,2010-04-28 13:24:00,250.25,437,153,0.013071895424836602
18050.0,412.06,2,250,22,2010-12-15 14:25:00,2010-11-11 15:51:00,206.03,359,33,0.06060606060606061
18051.0,2282.28,7,1661,41,2010-03-15 13:58:00,2009-12-09 12:17:00,326.04,634,96,0.07291666666666667
18052.0,10877.18,1,17766,16,2010-05-24 11:11:00,2010-05-24 11:11:00,10877.18,565,0,1.0
18053.0,571.07,3,409,29,2011-09-30 09:05:00,2010-06-30 12:36:00,190.35666666666668,71,456,0.006578947368421052
18054.0,176.5,1,96,11,2010-11-12 08:18:00,2010-11-12 08:18:00,176.5,393,0,1.0
18055.0,10142.64,14,3534,320,2011-12-02 14:25:00,2010-10-22 13:27:00,724.4742857142857,7,406,0.034482758620689655
18056.0,554.6,2,334,28,2011-02-24 14:27:00,2010-03-31 12:29:00,277.3,288,330,0.006060606060606061
18057.0,1168.14,3,930,120,2010-11-11 16:55:00,2010-01-18 12:42:00,389.38000000000005,393,297,0.010101010101010102
18058.0,774.06,3,394,12,2011-11-30 08:38:00,2010-02-10 09:38:00,258.02,10,657,0.0045662100456621
18059.0,306.46,3,258,17,2011-11-16 16:49:00,2011-10-03 09:30:00,102.15333333333332,23,44,0.06818181818181818
18060.0,1185.46,2,902,74,2010-10-27 16:41:00,2010-05-24 08:34:00,592.73,408,156,0.01282051282051282
18061.0,6083.81,28,3359,30,2011-11-18 11:20:00,2009-12-04 11:36:00,217.2789285714286,22,713,0.03927068723702665
18062.0,1632.67,6,831,46,2011-06-19 14:47:00,2010-04-21 08:55:00,272.1116666666667,173,424,0.014150943396226415
18063.0,186.60000000000002,2,48,2,2010-11-14 10:46:00,2010-03-16 13:05:00,93.30000000000001,391,242,0.008264462809917356
18064.0,4481.83,11,2685,53,2011-07-29 16:39:00,2010-02-01 15:01:00,407.4390909090909,133,543,0.020257826887661142
18065.0,5846.63,28,2264,192,2011-12-04 10:30:00,2009-12-09 16:00:00,208.80821428571429,6,724,0.03867403314917127
18066.0,1440.4,3,535,37,2011-09-25 15:30:00,2010-10-20 11:42:00,480.1333333333334,75,340,0.008823529411764706
18067.0,396.33,1,189,36,2011-10-30 15:58:00,2011-10-30 15:58:00,396.33,40,0,1.0
18068.0,101.69999999999999,1,6,1,2011-02-23 14:50:00,2011-02-23 14:50:00,101.69999999999999,289,0,1.0
18069.0,4449.02,11,3166,601,2011-11-13 16:03:00,2010-02-28 16:14:00,404.4563636363637,26,622,0.017684887459807074
18070.0,314.1,1,86,9,2010-02-08 13:28:00,2010-02-08 13:28:00,314.1,669,0,1.0
18071.0,1169.68,6,678,52,2011-03-27 11:59:00,2009-12-05 10:31:00,194.9466666666667,258,477,0.012578616352201259
18072.0,247.44,1,288,18,2011-06-07 10:44:00,2011-06-07 10:44:00,247.44,186,0,1.0
18073.0,3859.82,12,3102,23,2011-08-17 14:02:00,2011-05-26 19:38:00,321.6516666666667,114,82,0.14634146341463414
18074.0,1019.44,2,361,37,2010-12-01 09:53:00,2010-07-22 10:31:00,509.72,374,131,0.015267175572519083
18075.0,5783.29,20,3281,180,2011-11-16 15:21:00,2010-07-29 11:47:00,289.1645,23,475,0.042105263157894736
18076.0,151.49,1,164,8,2010-11-24 14:02:00,2010-11-24 14:02:00,151.49,380,0,1.0
18077.0,4078.79,18,3020,141,2011-12-01 13:32:00,2009-12-07 11:40:00,226.59944444444443,8,724,0.024861878453038673
18078.0,725.53,4,370,65,2011-05-06 14:32:00,2010-03-21 15:50:00,181.3825,217,410,0.00975609756097561
18079.0,4203.93,5,8730,107,2011-10-25 15:27:00,2010-08-05 12:19:00,840.7860000000001,45,446,0.011210762331838564
18080.0,1231.5,2,642,2,2011-11-21 08:02:00,2011-04-11 10:10:00,615.75,19,223,0.008968609865470852
18081.0,343.45,3,195,14,2011-11-03 16:30:00,2011-07-29 11:56:00,114.48333333333333,36,97,0.030927835051546393
18082.0,680.84,1,608,62,2011-11-14 12:45:00,2011-11-14 12:45:00,680.84,26,0,1.0
18083.0,463.53,1,268,36,2010-11-07 11:44:00,2010-11-07 11:44:00,463.53,398,0,1.0
18084.0,795.2299999999999,3,755,7,2011-11-23 13:57:00,2010-11-16 08:09:00,265.07666666666665,16,372,0.008064516129032258
18085.0,1341.8500000000001,4,507,42,2011-01-13 15:17:00,2010-03-21 11:57:00,335.46250000000003,330,298,0.013422818791946308
18086.0,101.34,1,106,7,2011-03-10 13:34:00,2011-03-10 13:34:00,101.34,274,0,1.0
18087.0,13908.72,16,7774,43,2011-02-22 10:43:00,2009-12-01 09:43:00,869.295,291,448,0.03571428571428571
18088.0,166.03,1,107,35,2011-10-09 13:41:00,2011-10-09 13:41:00,166.03,61,0,1.0
18089.0,428.45,1,95,9,2010-09-19 11:57:00,2010-09-19 11:57:00,428.45,447,0,1.0
18090.0,321.9,1,307,47,2010-10-14 12:32:00,2010-10-14 12:32:00,321.9,422,0,1.0
18091.0,360.85,1,539,25,2010-04-25 13:18:00,2010-04-25 13:18:00,360.85,593,0,1.0
18092.0,14693.72,18,8298,42,2011-12-07 13:14:00,2009-12-04 12:37:00,816.3177777777778,2,733,0.02455661664392906
18093.0,4452.71,8,3429,43,2011-09-07 15:43:00,2010-03-31 10:27:00,556.58875,93,525,0.015238095238095238
18094.0,6391.52,13,4164,55,2011-09-19 09:28:00,2010-01-07 11:16:00,491.65538461538466,82,619,0.0210016155088853
18095.0,2303.09,5,1623,37,2011-01-31 12:50:00,2010-04-19 14:09:00,460.61800000000005,313,286,0.017482517482517484
18096.0,1638.16,6,1380,298,2011-11-28 12:44:00,2010-07-14 14:30:00,273.0266666666667,12,501,0.011976047904191617
18097.0,4627.92,11,2716,86,2011-12-02 11:16:00,2009-12-17 11:06:00,420.72,8,715,0.015384615384615385
18098.0,527.94,1,215,85,2010-11-08 16:31:00,2010-11-08 16:31:00,527.94,396,0,1.0
18099.0,168.31,1,149,19,2011-08-04 15:52:00,2011-08-04 15:52:00,168.31,127,0,1.0
18100.0,451.56,1,440,30,2010-06-07 14:19:00,2010-06-07 14:19:00,451.56,550,0,1.0
18101.0,622.01,5,247,89,2011-11-28 13:37:00,2010-02-03 13:52:00,124.402,11,662,0.0075528700906344415
18102.0,580987.04,145,181645,382,2011-12-09 11:50:00,2009-12-01 09:24:00,4006.8071724137935,1,738,0.19647696476964768
18103.0,105.8,1,23,10,2010-06-08 13:36:00,2010-06-08 13:36:00,105.8,549,0,1.0
18104.0,754.64,1,362,38,2011-11-02 14:07:00,2011-11-02 14:07:00,754.64,37,0,1.0
18105.0,113.48000000000002,1,46,18,2011-11-02 12:04:00,2011-11-02 12:04:00,113.48000000000002,38,0,1.0
18106.0,1441.06,6,506,126,2011-01-14 12:23:00,2010-01-15 11:36:00,240.17666666666665,330,364,0.016483516483516484
18107.0,165.88,1,65,38,2010-09-23 13:03:00,2010-09-23 13:03:00,165.88,442,0,1.0
18108.0,848.8100000000001,3,261,43,2011-03-30 13:56:00,2009-12-02 12:47:00,282.93666666666667,254,483,0.006211180124223602
18109.0,9555.71,38,4822,203,2011-12-08 11:36:00,2010-07-01 12:13:00,251.46605263157892,2,524,0.07251908396946564
18110.0,392.28000000000003,2,169,58,2011-11-20 12:34:00,2010-10-24 14:21:00,196.14000000000001,20,391,0.005115089514066497
18111.0,405.85,1,232,27,2010-04-29 12:58:00,2010-04-29 12:58:00,405.85,589,0,1.0
18112.0,773.36,4,443,59,2011-11-27 14:43:00,2010-06-06 12:40:00,193.34,12,539,0.0074211502782931356
18113.0,76.32000000000001,1,72,1,2010-12-06 12:31:00,2010-12-06 12:31:00,76.32000000000001,369,0,1.0
18114.0,220.1,1,55,28,2011-02-22 13:20:00,2011-02-22 13:20:00,220.1,290,0,1.0
18115.0,9.700000000000001,1,3,3,2010-01-11 11:57:00,2010-01-11 11:57:00,9.700000000000001,698,0,1.0
18116.0,2130.89,13,1249,310,2011-10-03 11:00:00,2010-10-24 15:29:00,163.9146153846154,68,343,0.037900874635568516
18117.0,314.4,1,604,67,2011-11-14 12:47:00,2011-11-14 12:47:00,314.4,26,0,1.0
18118.0,6218.62,29,3172,443,2011-11-29 11:32:00,2010-11-23 13:36:00,214.4351724137931,11,370,0.07837837837837838
18119.0,180.7,1,124,29,2010-12-07 11:59:00,2010-12-07 11:59:00,180.7,368,0,1.0
18120.0,111.15,1,31,17,2011-05-09 13:45:00,2011-05-09 13:45:00,111.15,214,0,1.0
18121.0,653.3,2,438,28,2011-07-13 12:53:00,2011-07-08 12:14:00,326.65,149,5,0.4
18122.0,1791.84,6,1215,238,2011-12-01 13:08:00,2011-07-12 11:37:00,298.64,8,142,0.04225352112676056
18123.0,666.64,3,616,53,2011-11-15 14:23:00,2010-07-14 12:47:00,222.21333333333334,24,489,0.006134969325153374
18124.0,102.65,1,47,20,2010-08-24 17:21:00,2010-08-24 17:21:00,102.65,472,0,1.0
18125.0,1131.75,4,800,164,2011-11-10 12:29:00,2011-01-27 15:02:00,282.9375,30,286,0.013986013986013986
18126.0,198.58,1,129,51,2011-10-10 12:19:00,2011-10-10 12:19:00,198.58,61,0,1.0
18127.0,556.13,4,250,56,2011-11-20 14:05:00,2010-11-01 13:56:00,139.0325,19,384,0.010416666666666666
18128.0,399.29,1,216,42,2010-06-20 13:19:00,2010-06-20 13:19:00,399.29,537,0,1.0
18129.0,112.55000000000001,1,48,13,2011-04-10 14:16:00,2011-04-10 14:16:00,112.55000000000001,243,0,1.0
18130.0,1059.39,3,824,58,2011-11-24 14:40:00,2011-10-13 15:58:00,353.13000000000005,15,41,0.07317073170731707
18131.0,222.95999999999998,1,552,4,2010-03-18 08:48:00,2010-03-18 08:48:00,222.95999999999998,632,0,1.0
18132.0,220.13,1,212,60,2010-07-23 16:54:00,2010-07-23 16:54:00,220.13,504,0,1.0
18133.0,931.4999999999999,1,1350,1,2011-05-11 14:14:00,2011-05-11 14:14:00,931.4999999999999,212,0,1.0
18134.0,445.0,2,128,27,2010-04-20 14:02:00,2010-01-14 11:59:00,222.5,598,96,0.020833333333333332
18135.0,1249.6200000000001,10,753,23,2011-11-10 19:32:00,2010-03-15 13:55:00,124.96200000000002,29,605,0.01652892561983471
18136.0,1631.3600000000001,5,860,77,2011-10-07 15:40:00,2010-09-14 15:50:00,326.27200000000005,63,387,0.012919896640826873
18137.0,145.99,2,59,26,2010-06-06 14:18:00,2010-06-06 13:45:00,72.995,551,0,2.0
18138.0,152.65,1,38,8,2011-02-17 14:51:00,2011-02-17 14:51:00,152.65,295,0,1.0
18139.0,8438.34,6,5557,35,2011-11-22 10:44:00,2011-11-21 14:06:00,1406.39,18,0,6.0
18140.0,536.41,1,395,49,2010-08-23 11:58:00,2010-08-23 11:58:00,536.41,474,0,1.0
18141.0,882.47,2,433,38,2010-11-03 11:44:00,2010-04-29 15:32:00,441.235,402,187,0.0106951871657754
18142.0,1019.52,2,1276,9,2011-07-05 13:19:00,2011-05-08 12:31:00,509.76,157,58,0.034482758620689655
18143.0,1000.16,2,570,59,2011-08-15 12:07:00,2011-07-21 10:44:00,500.08,117,25,0.08
18144.0,4892.95,19,2144,51,2011-12-02 12:46:00,2009-12-16 15:57:00,257.5236842105263,8,715,0.026573426573426574
18145.0,5609.74,11,5104,250,2011-11-27 11:22:00,2009-12-08 12:30:00,509.9763636363636,13,718,0.01532033426183844
18146.0,160.35000000000002,2,153,10,2011-07-22 12:08:00,2011-05-03 16:35:00,80.17500000000001,141,79,0.02531645569620253
18147.0,179.33999999999997,2,203,7,2011-10-25 11:46:00,2011-08-23 12:22:00,89.66999999999999,46,62,0.03225806451612903
18148.0,112.85000000000001,1,63,9,2010-03-03 11:40:00,2010-03-03 11:40:00,112.85000000000001,647,0,1.0
18149.0,1553.96,7,869,54,2011-10-20 12:04:00,2010-03-14 12:41:00,221.99428571428572,51,584,0.011986301369863013
18150.0,566.58,3,332,29,2011-11-07 16:49:00,2011-05-22 10:47:00,188.86,32,169,0.01775147928994083
18151.0,1879.44,6,986,99,2011-07-28 11:35:00,2010-03-04 10:47:00,313.24,135,511,0.011741682974559686
18152.0,426.69,1,75,10,2010-03-03 15:26:00,2010-03-03 15:26:00,426.69,646,0,1.0
18153.0,246.22,1,200,17,2010-02-18 15:50:00,2010-02-18 15:50:00,246.22,659,0,1.0
18154.0,932.6,5,626,34,2011-12-06 16:41:00,2010-08-06 09:18:00,186.52,3,487,0.01026694045174538
18155.0,371.62,3,266,19,2011-09-25 13:32:00,2011-02-21 10:36:00,123.87333333333333,75,216,0.013888888888888888
18156.0,675.64,2,283,100,2011-11-27 12:24:00,2010-12-05 12:29:00,337.82,13,356,0.0056179775280898875
18157.0,213.9,1,145,25,2010-05-17 14:09:00,2010-05-17 14:09:00,213.9,571,0,1.0
18158.0,453.4,2,354,24,2011-11-30 16:19:00,2011-09-12 09:03:00,226.7,9,79,0.02531645569620253
18159.0,530.15,1,139,23,2011-02-11 14:26:00,2011-02-11 14:26:00,530.15,301,0,1.0
18160.0,1003.88,3,519,56,2011-10-13 15:50:00,2010-11-18 16:33:00,334.62666666666667,57,328,0.009146341463414634
18161.0,1803.1000000000001,6,965,57,2011-11-24 16:40:00,2010-11-25 15:55:00,300.5166666666667,15,364,0.016483516483516484
18162.0,371.51,1,332,45,2009-12-07 13:24:00,2009-12-07 13:24:00,371.51,732,0,1.0
18163.0,728.84,1,452,33,2010-05-04 14:51:00,2010-05-04 14:51:00,728.84,584,0,1.0
18164.0,399.65000000000003,1,184,24,2011-11-02 12:56:00,2011-11-02 12:56:00,399.65000000000003,37,0,1.0
18165.0,302.46000000000004,1,254,10,2011-06-15 13:23:00,2011-06-15 13:23:00,302.46000000000004,177,0,1.0
18166.0,175.5,1,90,10,2010-03-26 12:26:00,2010-03-26 12:26:00,175.5,624,0,1.0
18167.0,1384.8600000000001,3,382,24,2011-11-16 15:56:00,2011-08-26 11:40:00,461.62000000000006,23,82,0.036585365853658534
18168.0,3435.5,16,1995,209,2011-06-16 19:21:00,2009-12-03 17:29:00,214.71875,176,560,0.02857142857142857
18169.0,202.65,1,61,9,2011-10-10 12:18:00,2011-10-10 12:18:00,202.65,61,0,1.0
18170.0,2878.0,9,1184,59,2011-11-06 14:35:00,2010-01-08 14:10:00,319.77777777777777,33,667,0.013493253373313344
18171.0,2437.31,9,991,76,2011-10-12 09:13:00,2010-01-05 10:46:00,270.8122222222222,59,644,0.013975155279503106
18172.0,17467.24,52,7407,176,2011-11-25 11:12:00,2009-12-11 09:58:00,335.90846153846155,15,714,0.07282913165266107
18173.0,2696.36,5,1730,34,2011-09-14 11:26:00,2010-04-06 10:43:00,539.272,87,526,0.009505703422053232
18174.0,162.5,2,80,1,2011-12-02 16:56:00,2010-04-15 12:17:00,81.25,7,596,0.003355704697986577
18175.0,176.1,1,70,7,2010-02-02 10:25:00,2010-02-02 10:25:00,176.1,676,0,1.0
18176.0,476.35,1,283,30,2010-12-16 15:45:00,2010-12-16 15:45:00,476.35,358,0,1.0
18177.0,2216.32,9,1238,66,2011-11-08 14:44:00,2009-12-15 18:57:00,246.2577777777778,31,692,0.01300578034682081
18178.0,6103.74,11,3850,204,2011-08-03 09:30:00,2010-02-18 14:25:00,554.8854545454545,129,530,0.020754716981132074
18179.0,2547.55,8,1811,101,2011-11-30 16:23:00,2010-02-14 15:51:00,318.44375,9,654,0.012232415902140673
18180.0,1843.75,6,1721,108,2011-12-05 08:39:00,2011-07-20 08:59:00,307.2916666666667,5,137,0.043795620437956206
18181.0,1188.34,5,510,139,2011-11-15 15:08:00,2009-12-04 15:30:00,237.66799999999998,24,710,0.007042253521126761
18182.0,291.13,1,167,10,2010-09-02 14:25:00,2010-09-02 14:25:00,291.13,463,0,1.0
18183.0,632.07,2,371,36,2011-04-26 15:26:00,2011-03-10 10:08:00,316.035,227,47,0.0425531914893617
18184.0,49.8,1,60,1,2011-11-24 15:28:00,2011-11-24 15:28:00,49.8,15,0,1.0
18185.0,304.25,1,183,17,2011-04-04 13:42:00,2011-04-04 13:42:00,304.25,249,0,1.0
18186.0,329.58,1,338,11,2009-12-17 10:22:00,2009-12-17 10:22:00,329.58,723,0,1.0
18187.0,724.89,1,310,48,2010-03-18 09:49:00,2010-03-18 09:49:00,724.89,632,0,1.0
18188.0,3280.59,6,1888,95,2011-11-24 16:46:00,2010-03-26 11:37:00,546.765,15,608,0.009868421052631578
18189.0,1403.73,3,836,79,2011-09-23 12:40:00,2010-03-24 09:57:00,467.91,78,548,0.005474452554744526
18190.0,745.62,5,490,34,2011-05-31 14:48:00,2009-12-22 12:05:00,149.124,192,525,0.009523809523809525
18191.0,529.4,2,332,15,2011-03-23 12:08:00,2010-08-19 17:42:00,264.7,262,215,0.009302325581395349
18192.0,957.97,1,339,45,2011-09-29 09:53:00,2011-09-29 09:53:00,957.97,72,0,1.0
18193.0,1207.35,3,926,66,2011-06-27 13:58:00,2010-09-23 13:33:00,402.45,165,277,0.010830324909747292
18194.0,4162.04,6,1774,23,2011-09-18 13:29:00,2010-01-28 15:30:00,693.6733333333333,82,597,0.010050251256281407
18195.0,101.16,1,60,5,2010-11-17 15:03:00,2010-11-17 15:03:00,101.16,387,0,1.0
18196.0,1455.27,4,1032,209,2011-09-05 16:22:00,2010-03-17 14:55:00,363.8175,95,537,0.0074487895716946
18197.0,230.1,1,166,9,2010-05-13 10:46:00,2010-05-13 10:46:00,230.1,576,0,1.0
18198.0,5425.56,17,4074,81,2011-12-05 14:49:00,2011-01-07 13:39:00,319.15058823529415,4,332,0.05120481927710843
18199.0,344.75,1,99,20,2010-01-25 11:32:00,2010-01-25 11:32:00,344.75,684,0,1.0
18200.0,150.35,1,104,29,2011-08-25 18:45:00,2011-08-25 18:45:00,150.35,106,0,1.0
18201.0,447.53000000000003,1,191,27,2009-12-17 08:55:00,2009-12-17 08:55:00,447.53000000000003,723,0,1.0
18202.0,1396.99,3,581,55,2011-05-24 12:12:00,2011-02-01 13:36:00,465.66333333333336,200,111,0.02702702702702703
18203.0,482.52,4,109,39,2011-07-05 13:07:00,2009-12-08 13:19:00,120.63,157,573,0.006980802792321117
18204.0,1975.35,3,1190,159,2011-09-29 16:44:00,2011-05-31 15:26:00,658.4499999999999,71,121,0.024793388429752067
18205.0,517.36,2,192,30,2011-11-03 13:22:00,2011-09-26 12:02:00,258.68,36,38,0.05263157894736842
18206.0,314.65999999999997,1,246,19,2010-06-04 13:47:00,2010-06-04 13:47:00,314.65999999999997,553,0,1.0
18207.0,544.47,1,325,31,2010-07-28 14:26:00,2010-07-28 14:26:00,544.47,499,0,1.0
18208.0,360.08,1,82,17,2010-05-23 11:54:00,2010-05-23 11:54:00,360.08,566,0,1.0
18209.0,139.10000000000002,1,58,8,2011-11-11 12:07:00,2011-11-11 12:07:00,139.10000000000002,29,0,1.0
18210.0,2768.83,7,1499,116,2011-12-08 11:02:00,2010-11-22 09:39:00,395.54714285714283,2,381,0.01837270341207349
18211.0,600.07,5,359,37,2011-11-14 08:10:00,2011-03-06 12:09:00,120.01400000000001,26,252,0.01984126984126984
18212.0,514.37,2,158,40,2011-01-17 16:14:00,2010-01-31 14:42:00,257.185,326,351,0.005698005698005698
18213.0,232.48000000000002,1,232,15,2011-04-17 10:21:00,2011-04-17 10:21:00,232.48000000000002,237,0,1.0
18214.0,1780.34,4,989,38,2010-06-27 11:21:00,2010-06-03 19:47:00,445.085,531,23,0.17391304347826086
18215.0,2232.4900000000002,5,1131,53,2011-09-11 16:05:00,2010-03-26 13:03:00,446.49800000000005,89,534,0.009363295880149813
18216.0,481.75,1,200,26,2011-11-08 16:55:00,2011-11-08 16:55:00,481.75,31,0,1.0
18217.0,945.04,4,740,33,2011-11-10 13:18:00,2010-07-01 15:39:00,236.26,29,496,0.008064516129032258
18218.0,1121.84,4,1028,25,2011-05-12 12:53:00,2010-02-17 15:11:00,280.46,211,448,0.008928571428571428
18219.0,3352.7000000000003,17,1586,87,2011-12-07 11:43:00,2009-12-07 13:17:00,197.21764705882356,3,729,0.023319615912208505
18220.0,1921.76,6,1352,17,2011-04-27 09:03:00,2009-12-15 11:42:00,320.29333333333335,227,497,0.012072434607645875
18221.0,1424.94,6,1000,71,2011-11-17 14:40:00,2010-11-14 15:46:00,237.49,22,367,0.01634877384196185
18222.0,443.0,1,335,19,2011-09-08 10:45:00,2011-09-08 10:45:00,443.0,93,0,1.0
18223.0,14000.85,26,6644,192,2011-12-05 09:11:00,2009-12-04 12:20:00,538.4942307692307,5,730,0.03561643835616438
18224.0,158.95000000000002,1,69,10,2011-03-21 10:30:00,2011-03-21 10:30:00,158.95000000000002,264,0,1.0
18225.0,13014.8,26,7282,266,2011-12-06 13:27:00,2009-12-04 16:52:00,500.5692307692307,3,731,0.03556771545827633
18226.0,11878.88,26,7883,299,2011-10-26 13:36:00,2010-03-05 10:05:00,456.88,44,600,0.043333333333333335
18227.0,388.75,2,22,6,2011-05-06 12:23:00,2010-08-12 16:45:00,194.375,218,266,0.007518796992481203
18228.0,779.9,2,238,23,2011-10-14 09:21:00,2011-09-21 10:48:00,389.95,57,22,0.09090909090909091
18229.0,10150.51,28,3071,73,2011-11-28 09:48:00,2009-12-03 14:42:00,362.5182142857143,12,724,0.03867403314917127
18230.0,4291.06,9,1996,42,2011-11-30 13:22:00,2010-07-02 10:01:00,476.7844444444445,9,516,0.01744186046511628
18231.0,6848.27,28,2913,217,2011-05-31 14:18:00,2010-01-10 12:13:00,244.58107142857145,192,506,0.05533596837944664
18232.0,592.97,4,302,31,2011-09-19 11:49:00,2011-05-26 16:30:00,148.2425,82,115,0.034782608695652174
18233.0,440.0,1,4,1,2011-01-18 08:44:00,2011-01-18 08:44:00,440.0,326,0,1.0
18234.0,179.6,1,80,30,2010-06-06 11:22:00,2010-06-06 11:22:00,179.6,552,0,1.0
18235.0,1796.48,3,1578,100,2011-09-29 08:27:00,2011-05-06 13:35:00,598.8266666666667,72,145,0.020689655172413793
18236.0,1795.3500000000001,12,696,80,2011-11-10 08:06:00,2010-04-15 13:39:00,149.6125,30,573,0.020942408376963352
18237.0,987.1,5,622,40,2011-12-07 12:49:00,2011-07-28 13:05:00,197.42000000000002,3,131,0.03816793893129771
18238.0,270.92,1,114,14,2010-07-12 12:51:00,2010-07-12 12:51:00,270.92,515,0,1.0
18239.0,1712.26,6,844,85,2011-05-05 12:38:00,2010-10-13 10:11:00,285.37666666666667,219,204,0.029411764705882353
18240.0,422.58,1,126,6,2011-10-24 13:06:00,2011-10-24 13:06:00,422.58,46,0,1.0
18241.0,2986.9900000000002,21,1471,101,2011-11-30 12:10:00,2010-04-01 11:55:00,142.23761904761906,10,608,0.03453947368421053
18242.0,3605.21,8,2021,113,2011-09-28 13:43:00,2010-01-11 08:49:00,450.65125,72,625,0.0128
18243.0,515.78,1,221,26,2010-10-21 14:29:00,2010-10-21 14:29:00,515.78,414,0,1.0
18244.0,568.64,2,856,19,2010-10-05 11:15:00,2010-07-25 10:30:00,284.32,431,72,0.027777777777777776
18245.0,6324.9800000000005,20,5098,336,2011-12-02 14:48:00,2010-03-08 15:26:00,316.249,7,633,0.0315955766192733
18246.0,758.8199999999999,3,214,3,2011-11-16 11:49:00,2010-04-09 10:19:00,252.93999999999997,24,586,0.005119453924914676
18247.0,839.73,3,335,28,2010-10-21 09:49:00,2010-03-18 15:52:00,279.91,415,216,0.013888888888888888
18248.0,804.02,2,511,39,2011-08-09 10:19:00,2011-06-06 13:18:00,402.01,123,63,0.031746031746031744
18249.0,95.34,1,128,8,2011-11-22 15:07:00,2011-11-22 15:07:00,95.34,17,0,1.0
18250.0,349.27,1,199,21,2011-02-02 13:16:00,2011-02-02 13:16:00,349.27,310,0,1.0
18251.0,26278.86,9,39639,87,2011-09-13 15:03:00,2009-12-22 12:01:00,2919.8733333333334,87,630,0.014285714285714285
18252.0,1533.69,7,932,125,2011-10-20 12:43:00,2009-12-18 16:13:00,219.09857142857143,51,670,0.010447761194029851
18253.0,317.88,1,128,7,2010-03-07 12:38:00,2010-03-07 12:38:00,317.88,643,0,1.0
18254.0,267.9,1,188,16,2010-05-07 14:37:00,2010-05-07 14:37:00,267.9,581,0,1.0
18255.0,303.15,2,201,16,2011-09-11 13:16:00,2010-09-09 16:31:00,151.575,89,366,0.00546448087431694
18256.0,110.7,1,180,10,2010-11-17 08:53:00,2010-11-17 08:53:00,110.7,388,0,1.0
18257.0,4585.15,12,2368,218,2011-10-31 14:48:00,2010-02-18 16:20:00,382.0958333333333,39,619,0.01938610662358643
18258.0,2059.67,6,1981,30,2010-09-01 14:20:00,2010-05-16 11:35:00,343.27833333333336,464,108,0.05555555555555555
18259.0,3941.9,7,1274,51,2011-11-15 12:34:00,2009-12-08 08:38:00,563.1285714285715,25,707,0.009900990099009901
18260.0,9947.26,23,5244,212,2011-06-20 12:37:00,2009-12-15 13:50:00,432.4895652173913,173,551,0.041742286751361164
18261.0,324.24,2,146,19,2011-10-27 15:36:00,2011-09-05 09:34:00,162.12,43,52,0.038461538461538464
18262.0,577.54,3,552,40,2011-07-22 16:04:00,2010-04-16 09:05:00,192.51333333333332,140,462,0.006493506493506494
18263.0,1213.1599999999999,3,1468,59,2011-11-14 09:00:00,2011-04-01 11:48:00,404.3866666666666,26,226,0.01327433628318584
18264.0,603.25,1,241,36,2010-07-29 10:02:00,2010-07-29 10:02:00,603.25,499,0,1.0
18265.0,801.51,2,311,44,2011-09-28 14:10:00,2011-07-04 15:26:00,400.755,72,85,0.023529411764705882
18266.0,251.1,1,138,14,2010-10-01 15:33:00,2010-10-01 15:33:00,251.1,434,0,1.0
18267.0,269.37,1,135,17,2010-02-05 08:43:00,2010-02-05 08:43:00,269.37,673,0,1.0
18268.0,1490.23,6,711,36,2011-07-28 19:13:00,2009-12-11 10:27:00,248.37166666666667,134,594,0.010101010101010102
18269.0,168.6,1,76,7,2010-12-08 13:53:00,2010-12-08 13:53:00,168.6,366,0,1.0
18270.0,444.55,3,209,17,2011-11-01 13:57:00,2010-10-03 10:49:00,148.18333333333334,38,394,0.007614213197969543
18271.0,680.85,2,319,19,2010-04-09 09:26:00,2009-12-08 11:27:00,340.425,610,121,0.01652892561983471
18272.0,4385.9800000000005,9,2880,145,2011-12-07 12:43:00,2010-03-04 12:53:00,487.33111111111117,3,642,0.014018691588785047
18273.0,357.0,4,140,1,2011-12-07 13:16:00,2010-04-28 12:24:00,89.25,2,588,0.006802721088435374
18274.0,175.92,1,88,11,2011-11-09 17:03:00,2011-11-09 17:03:00,175.92,30,0,1.0
18275.0,741.85,2,417,19,2010-05-10 15:46:00,2009-12-08 16:23:00,370.925,578,152,0.013157894736842105
18276.0,1656.52,6,1246,81,2011-10-27 10:54:00,2009-12-10 17:14:00,276.08666666666664,44,685,0.008759124087591242
18277.0,1180.05,5,449,53,2011-10-12 15:22:00,2010-08-02 10:26:00,236.01,58,436,0.011467889908256881
18278.0,414.20000000000005,2,140,22,2011-09-27 11:58:00,2010-10-31 12:13:00,207.10000000000002,74,330,0.006060606060606061
18279.0,231.33999999999997,1,630,13,2010-07-08 14:48:00,2010-07-08 14:48:00,231.33999999999997,519,0,1.0
18280.0,488.15000000000003,2,194,28,2011-03-07 09:52:00,2010-11-10 15:51:00,244.07500000000002,278,116,0.017241379310344827
18281.0,201.14,2,146,17,2011-06-12 10:53:00,2010-05-11 10:49:00,100.57,181,397,0.005037783375314861
18282.0,178.05,2,103,12,2011-12-02 11:43:00,2011-08-05 13:35:00,89.025,8,118,0.01694915254237288
18283.0,2658.95,22,1677,351,2011-12-06 12:02:00,2010-02-19 17:16:00,120.86136363636363,4,654,0.03363914373088685
18284.0,411.68,1,493,27,2010-10-04 11:33:00,2010-10-04 11:33:00,411.68,432,0,1.0
18285.0,377.0,1,144,11,2010-02-17 10:24:00,2010-02-17 10:24:00,377.0,661,0,1.0
18286.0,1246.43,2,607,66,2010-08-20 11:57:00,2009-12-16 10:45:00,623.215,477,247,0.008097165991902834
18287.0,4132.99,7,3012,119,2011-10-28 09:29:00,2010-05-17 11:55:00,590.4271428571428,43,528,0.013257575757575758
