Customer ID,HistTotalSpend,HistNumOrders,HistNumItems,HistNumUniqueProducts,HistLastPurchaseDate,HistFirstPurchaseDate,HistAvgOrderValue,HistRecencyDays,HistLifespanDays,HistPurchaseFrequency,IsUK,TargetPeriodSpend,HighValue
12346.0,372.86,11,70,26,2010-06-28 13:53:00,2009-12-14 08:34:00,33.89636363636364,156,196,0.05612244897959184,1,77183.6,1
12347.0,611.53,1,509,40,2010-10-31 14:20:00,2010-10-31 14:20:00,611.53,31,0,1.0,0,4310.0,1
12348.0,221.15999999999997,1,372,19,2010-09-27 14:59:00,2010-09-27 14:59:00,221.15999999999997,65,0,1.0,0,1437.24,1
12349.0,2221.14,2,991,89,2010-10-28 08:23:00,2010-04-29 13:20:00,1110.57,34,181,0.011049723756906077,0,1457.55,1
12351.0,300.93,1,261,21,2010-11-29 15:23:00,2010-11-29 15:23:00,300.93,2,0,1.0,0,0.0,0
12352.0,343.8,2,188,18,2010-11-29 10:07:00,2010-11-12 10:20:00,171.9,2,16,0.125,0,1385.74,1
12353.0,317.76,1,192,20,2010-10-27 12:44:00,2010-10-27 12:44:00,317.76,35,0,1.0,0,89.0,0
12355.0,488.21000000000004,1,303,22,2010-05-21 11:59:00,2010-05-21 11:59:00,488.21000000000004,194,0,1.0,0,459.40000000000003,0
12356.0,3124.3,3,1803,67,2010-11-24 12:24:00,2010-10-11 09:42:00,1041.4333333333334,7,44,0.06818181818181818,0,2487.43,1
12357.0,11229.99,1,3878,164,2010-11-16 10:05:00,2010-11-16 10:05:00,11229.99,15,0,1.0,0,6207.67,1
12358.0,2519.01,3,826,51,2010-11-29 10:56:00,2009-12-08 07:59:00,839.6700000000001,2,356,0.008426966292134831,0,928.0600000000001,0
12359.0,2563.36,6,1130,110,2010-10-10 11:16:00,2009-12-05 13:32:00,427.2266666666667,52,308,0.01948051948051948,0,6310.03,1
12360.0,1310.83,3,1287,73,2010-11-12 11:31:00,2010-02-22 09:32:00,436.9433333333333,19,263,0.011406844106463879,0,2302.06,1
12361.0,276.35,3,141,13,2010-09-03 15:19:00,2010-01-26 14:37:00,92.11666666666667,89,220,0.013636363636363636,0,174.9,0
12366.0,500.24,1,296,3,2010-03-16 10:28:00,2010-03-16 10:28:00,500.24,260,0,1.0,0,0.0,0
12368.0,917.7,1,330,18,2010-03-21 15:56:00,2010-03-21 15:56:00,917.7,255,0,1.0,0,0.0,0
12369.0,1511.15,3,1234,89,2010-10-22 13:13:00,2010-03-08 08:09:00,503.7166666666667,40,228,0.013157894736842105,0,0.0,0
12370.0,534.62,3,246,32,2010-03-25 12:10:00,2010-02-09 09:41:00,178.20666666666668,251,44,0.06818181818181818,0,3421.94,1
12371.0,1819.42,3,836,90,2010-10-26 13:37:00,2010-03-04 18:23:00,606.4733333333334,36,235,0.01276595744680851,0,1527.96,1
12373.0,603.0500000000001,2,315,30,2010-03-25 13:49:00,2010-02-04 12:08:00,301.52500000000003,251,49,0.04081632653061224,0,324.6,0
12374.0,2046.29,2,1015,46,2010-10-14 10:16:00,2010-04-30 14:01:00,1023.145,48,166,0.012048192771084338,0,622.9300000000001,0
12376.0,383.15,2,237,10,2010-11-15 12:15:00,2010-10-18 08:42:00,191.575,16,28,0.07142857142857142,0,0.0,0
12377.0,1718.2,2,1159,74,2010-11-23 19:24:00,2010-04-29 15:34:00,859.1,8,208,0.009615384615384616,0,1548.1200000000001,1
12378.0,1407.7,1,787,82,2010-05-26 14:07:00,2010-05-26 14:07:00,1407.7,189,0,1.0,0,4008.62,1
12379.0,692.98,2,403,36,2010-10-13 14:46:00,2010-06-23 12:49:00,346.49,49,112,0.017857142857142856,0,777.24,0
12380.0,4782.84,4,2204,117,2010-08-31 14:54:00,2010-02-15 12:05:00,1195.71,92,197,0.02030456852791878,0,2427.81,1
12385.0,1668.4,1,594,64,2010-11-25 15:14:00,2010-11-25 15:14:00,1668.4,6,0,1.0,0,0.0,0
12387.0,143.94,1,134,9,2010-10-20 16:27:00,2010-10-20 16:27:00,143.94,42,0,1.0,0,0.0,0
12388.0,1120.45,2,539,36,2010-09-20 12:41:00,2010-05-06 12:54:00,560.225,72,136,0.014705882352941176,0,2780.6600000000003,1
12389.0,1433.33,3,614,41,2010-11-02 11:52:00,2010-02-22 10:15:00,477.77666666666664,29,253,0.011857707509881422,0,0.0,0
12391.0,2285.18,5,911,159,2010-09-01 12:38:00,2010-02-15 10:12:00,457.03599999999994,91,198,0.025252525252525252,0,439.66,0
12392.0,234.75000000000003,1,73,7,2010-04-27 14:04:00,2010-04-27 14:04:00,234.75000000000003,218,0,1.0,0,0.0,0
12393.0,816.85,2,495,38,2010-11-22 16:10:00,2010-10-07 13:49:00,408.425,9,46,0.043478260869565216,0,1582.6000000000001,1
12395.0,1558.54,3,1078,79,2010-10-29 12:44:00,2010-04-16 10:16:00,519.5133333333333,33,196,0.015306122448979591,0,2682.63,1
12396.0,931.4300000000001,1,591,65,2010-02-03 13:22:00,2010-02-03 13:22:00,931.4300000000001,301,0,1.0,0,0.0,0
12399.0,808.65,3,1017,39,2010-11-19 08:53:00,2010-03-05 08:45:00,269.55,12,259,0.011583011583011582,0,1033.65,0
12400.0,205.25,1,91,11,2010-10-21 13:45:00,2010-10-21 13:45:00,205.25,41,0,1.0,0,0.0,0
12402.0,941.3000000000001,5,484,39,2010-11-12 09:50:00,2010-02-07 12:41:00,188.26000000000002,19,277,0.018050541516245487,0,195.6,0
12403.0,555.6600000000001,1,162,3,2010-07-06 11:39:00,2010-07-06 11:39:00,555.6600000000001,148,0,1.0,0,391.7,0
12404.0,63.24,1,1,1,2010-01-26 16:25:00,2010-01-26 16:25:00,63.24,309,0,1.0,0,0.0,0
12406.0,2975.06,3,1598,44,2010-11-05 11:42:00,2010-01-11 14:04:00,991.6866666666666,26,297,0.010101010101010102,0,3415.3,1
12408.0,1287.22,3,809,40,2010-11-19 13:21:00,2010-07-29 13:27:00,429.0733333333333,12,112,0.026785714285714284,0,2618.55,1
12409.0,12346.62,4,7592,125,2010-10-15 10:24:00,2010-05-23 15:21:00,3086.655,47,144,0.027777777777777776,0,11072.67,1
12410.0,240.38,1,128,13,2010-07-25 13:26:00,2010-07-25 13:26:00,240.38,129,0,1.0,0,533.33,0
12411.0,346.9,1,138,22,2010-10-26 09:25:00,2010-10-26 09:25:00,346.9,36,0,1.0,0,0.0,0
12412.0,1262.05,3,1162,49,2010-11-02 17:02:00,2010-06-18 13:22:00,420.68333333333334,29,137,0.021897810218978103,0,1142.88,0
12413.0,185.35,1,31,12,2010-11-02 13:26:00,2010-11-02 13:26:00,185.35,29,0,1.0,0,686.1,0
12414.0,90.0,1,192,7,2010-09-02 12:22:00,2010-09-02 12:22:00,90.0,90,0,1.0,0,442.41,0
12415.0,19468.84,4,14070,168,2010-11-29 15:07:00,2010-06-30 08:30:00,4867.21,2,152,0.02631578947368421,0,124564.53,1
12416.0,202.56,1,132,11,2010-02-21 10:19:00,2010-02-21 10:19:00,202.56,283,0,1.0,0,0.0,0
12417.0,2772.31,11,1308,143,2010-10-25 14:27:00,2009-12-06 10:30:00,252.02818181818182,37,323,0.034055727554179564,0,3226.1,1
12418.0,1352.62,3,681,61,2010-10-22 10:29:00,2010-03-19 14:47:00,450.8733333333333,40,216,0.013888888888888888,0,668.58,0
12419.0,391.01,2,227,22,2010-11-19 10:04:00,2010-10-22 10:40:00,195.505,12,27,0.07407407407407407,0,0.0,0
12421.0,235.56,2,166,17,2010-10-20 14:28:00,2010-07-22 13:57:00,117.78,42,90,0.022222222222222223,0,639.04,0
12422.0,2955.79,9,2212,107,2010-11-10 13:19:00,2009-12-18 12:44:00,328.4211111111111,21,327,0.027522935779816515,0,683.5600000000001,0
12423.0,667.08,2,448,37,2010-11-17 11:33:00,2010-08-31 09:31:00,333.54,14,78,0.02564102564102564,0,1634.31,1
12424.0,1579.07,2,1285,59,2010-10-13 10:29:00,2010-06-09 15:15:00,789.535,49,125,0.016,0,1760.96,1
12425.0,964.21,1,651,55,2010-09-17 14:10:00,2010-09-17 14:10:00,964.21,75,0,1.0,0,777.2,0
12426.0,690.48,1,322,46,2010-02-15 08:41:00,2010-02-15 08:41:00,690.48,289,0,1.0,0,510.73,0
12429.0,2454.01,4,1333,56,2010-09-24 14:15:00,2010-06-11 13:28:00,613.5025,68,105,0.0380952380952381,0,3388.4,1
12431.0,3787.27,10,1689,122,2010-10-26 12:00:00,2010-01-15 09:04:00,378.727,36,284,0.035211267605633804,0,6314.95,1
12433.0,3418.27,3,2463,120,2010-11-05 08:27:00,2010-08-20 09:23:00,1139.4233333333334,26,76,0.039473684210526314,0,13375.87,1
12434.0,297.29,1,138,20,2010-11-23 13:38:00,2010-11-23 13:38:00,297.29,8,0,1.0,0,806.14,0
12435.0,6096.04,4,2903,68,2010-11-08 10:07:00,2009-12-02 13:58:00,1524.01,23,340,0.011764705882352941,0,7829.89,1
12437.0,6834.99,20,5028,215,2010-11-09 14:46:00,2009-12-02 16:24:00,341.7495,22,341,0.05865102639296188,0,4447.41,1
12439.0,1142.88,2,478,69,2010-01-26 12:11:00,2009-12-14 08:40:00,571.44,309,43,0.046511627906976744,0,0.0,0
12440.0,739.2,2,328,20,2010-09-03 13:11:00,2009-12-22 12:03:00,369.6,89,255,0.00784313725490196,0,0.0,0
12443.0,365.31,1,179,20,2009-12-07 15:42:00,2009-12-07 15:42:00,365.31,359,0,1.0,0,0.0,0
12445.0,301.58000000000004,1,144,20,2010-10-15 12:28:00,2010-10-15 12:28:00,301.58000000000004,47,0,1.0,0,77.4,0
12449.0,678.6,1,724,9,2010-09-27 09:37:00,2010-09-27 09:37:00,678.6,65,0,1.0,0,3596.29,1
12450.0,490.32,3,314,25,2010-11-05 16:27:00,2010-08-22 13:11:00,163.44,26,75,0.04,0,197.88,0
12451.0,3634.36,3,2784,147,2010-09-02 15:38:00,2010-06-28 12:58:00,1211.4533333333334,90,66,0.045454545454545456,0,8995.52,1
12454.0,12931.44,3,6696,8,2010-11-09 10:09:00,2010-10-14 17:33:00,4310.4800000000005,22,25,0.12,0,3528.34,1
12455.0,3383.09,4,1211,120,2010-09-20 14:39:00,2009-12-18 12:33:00,845.7725,72,276,0.014492753623188406,0,2339.86,1
12457.0,512.6800000000001,1,248,21,2010-09-30 17:59:00,2010-09-30 17:59:00,512.6800000000001,62,0,1.0,0,2043.23,1
12458.0,715.09,2,477,43,2010-10-08 11:36:00,2010-08-09 10:33:00,357.545,54,60,0.03333333333333333,0,787.4,0
12459.0,398.36,1,256,22,2010-04-13 14:53:00,2010-04-13 14:53:00,398.36,232,0,1.0,0,0.0,0
12460.0,296.65,1,168,17,2010-09-09 13:51:00,2010-09-09 13:51:00,296.65,83,0,1.0,0,0.0,0
12466.0,56.73,1,1,1,2010-01-26 16:26:00,2010-01-26 16:26:00,56.73,309,0,1.0,0,0.0,0
12467.0,132.8,1,129,9,2010-10-12 15:41:00,2010-10-12 15:41:00,132.8,50,0,1.0,0,0.0,0
12468.0,2581.2,3,1815,101,2010-07-01 10:28:00,2010-01-26 10:09:00,860.4,153,156,0.019230769230769232,0,657.5400000000001,0
12469.0,3070.54,2,2552,76,2010-07-05 12:40:00,2010-06-21 10:30:00,1535.27,149,14,0.14285714285714285,0,0.0,0
12470.0,211.95,1,95,23,2010-01-19 11:01:00,2010-01-19 11:01:00,211.95,316,0,1.0,0,0.0,0
12471.0,17752.34,45,8521,157,2010-11-30 14:35:00,2009-12-07 10:41:00,394.4964444444444,1,358,0.12569832402234637,0,17388.65,1
12472.0,8903.18,12,6187,279,2010-11-08 15:34:00,2009-12-14 10:49:00,741.9316666666667,23,329,0.0364741641337386,0,6068.11,1
12474.0,4616.66,11,3083,196,2010-11-26 12:19:00,2010-02-11 09:41:00,419.6963636363636,5,288,0.03819444444444445,0,6694.09,1
12475.0,396.26,1,234,24,2010-10-26 08:49:00,2010-10-26 08:49:00,396.26,36,0,1.0,0,669.38,0
12476.0,6421.49,7,3176,224,2010-11-07 15:34:00,2010-07-26 09:04:00,917.3557142857143,24,104,0.0673076923076923,0,5898.42,1
12477.0,7056.63,3,2466,209,2010-11-05 09:35:00,2010-03-26 14:01:00,2352.21,26,223,0.013452914798206279,0,13219.74,1
12480.0,1949.22,3,1232,78,2010-11-05 15:08:00,2010-07-20 13:21:00,649.74,26,108,0.027777777777777776,0,2885.63,1
12481.0,6029.6900000000005,4,3848,132,2010-11-28 14:33:00,2010-04-11 13:10:00,1507.4225000000001,3,231,0.017316017316017316,0,5003.82,1
12482.0,21941.72,27,27040,41,2010-05-12 16:51:00,2010-02-24 10:24:00,812.6562962962963,203,77,0.35064935064935066,0,0.0,0
12483.0,2158.2000000000003,11,1037,34,2010-11-26 12:35:00,2010-01-31 13:28:00,196.20000000000002,5,298,0.03691275167785235,0,1910.98,1
12484.0,1617.78,5,1071,109,2010-08-13 13:45:00,2010-01-27 16:41:00,323.556,110,197,0.025380710659898477,0,3939.32,1
12485.0,708.1,1,414,34,2010-06-28 15:22:00,2010-06-28 15:22:00,708.1,156,0,1.0,0,0.0,0
12486.0,917.28,1,520,48,2010-10-04 12:14:00,2010-10-04 12:14:00,917.28,58,0,1.0,0,0.0,0
12487.0,285.3,1,174,2,2009-12-09 11:36:00,2009-12-09 11:36:00,285.3,357,0,1.0,0,0.0,0
12490.0,3904.71,10,2816,116,2010-11-26 14:16:00,2009-12-01 12:52:00,390.471,5,360,0.027777777777777776,0,4859.93,1
12492.0,380.0,1,248,21,2010-11-01 14:58:00,2010-11-01 14:58:00,380.0,30,0,1.0,0,227.21,0
12494.0,479.17,2,267,27,2010-10-24 11:49:00,2010-05-12 13:52:00,239.585,38,164,0.012195121951219513,0,1084.1,0
12495.0,277.4,1,128,16,2010-03-09 10:53:00,2010-03-09 10:53:00,277.4,267,0,1.0,0,0.0,0
12496.0,45.34,2,30,10,2010-03-29 14:06:00,2010-03-29 13:57:00,22.67,247,0,2.0,0,0.0,0
12497.0,5043.400000000001,2,4440,29,2010-11-04 12:31:00,2010-03-05 09:39:00,2521.7000000000003,27,244,0.00819672131147541,0,953.1,0
12499.0,357.72,1,300,26,2010-05-28 15:12:00,2010-05-28 15:12:00,357.72,187,0,1.0,0,0.0,0
12500.0,1499.39,7,688,60,2010-09-30 18:45:00,2010-02-04 15:05:00,214.19857142857146,62,238,0.029411764705882353,0,4059.8199999999997,1
12503.0,896.0,1,560,1,2010-05-04 13:59:00,2010-05-04 13:59:00,896.0,211,0,1.0,0,0.0,0
12504.0,261.0,2,366,7,2010-10-18 15:09:00,2010-04-22 10:24:00,130.5,44,179,0.0111731843575419,0,428.04999999999995,0
12505.0,787.2,1,318,41,2010-10-27 09:18:00,2010-10-27 09:18:00,787.2,35,0,1.0,0,0.0,0
12507.0,455.25,1,359,27,2010-05-04 09:23:00,2010-05-04 09:23:00,455.25,211,0,1.0,0,1052.81,0
12510.0,2224.46,5,1674,83,2010-09-06 14:27:00,2009-12-04 13:47:00,444.892,86,276,0.018115942028985508,0,814.5699999999999,0
12511.0,3084.02,1,1753,190,2010-10-07 10:39:00,2010-10-07 10:39:00,3084.02,55,0,1.0,0,0.0,0
12514.0,580.08,1,400,33,2010-03-08 12:18:00,2010-03-08 12:18:00,580.08,268,0,1.0,0,1017.6800000000001,0
12516.0,1102.56,2,1064,37,2010-10-05 09:43:00,2010-04-19 14:14:00,551.28,57,168,0.011904761904761904,0,1186.06,0
12519.0,349.7,1,210,21,2010-08-20 08:21:00,2010-08-20 08:21:00,349.7,103,0,1.0,0,276.84000000000003,0
12523.0,2310.58,12,1384,104,2010-11-30 12:31:00,2009-12-07 13:46:00,192.54833333333332,1,357,0.03361344537815126,0,1699.77,1
12524.0,5848.39,9,3435,64,2010-11-16 09:08:00,2010-02-08 14:41:00,649.8211111111111,15,280,0.03214285714285714,0,3945.7200000000003,1
12525.0,883.73,3,504,55,2010-07-29 16:08:00,2010-03-02 14:01:00,294.57666666666665,125,149,0.020134228187919462,0,0.0,0
12527.0,386.8,2,292,13,2010-08-02 12:23:00,2010-06-28 15:37:00,193.4,121,34,0.058823529411764705,0,330.71000000000004,0
12529.0,316.48,1,192,21,2010-06-29 13:10:00,2010-06-29 13:10:00,316.48,155,0,1.0,0,0.0,0
12530.0,1880.98,5,1788,65,2010-10-20 15:15:00,2010-03-07 14:37:00,376.196,42,227,0.022026431718061675,0,1500.28,1
12531.0,1645.98,1,1065,109,2010-01-22 14:17:00,2010-01-22 14:17:00,1645.98,313,0,1.0,0,125.22,0
12533.0,1223.89,2,696,62,2010-03-22 10:56:00,2009-12-01 11:50:00,611.945,254,110,0.01818181818181818,0,0.0,0
12537.0,612.94,1,446,42,2010-10-27 08:36:00,2010-10-27 08:36:00,612.94,35,0,1.0,0,0.0,0
12538.0,276.5,1,145,13,2010-11-26 13:02:00,2010-11-26 13:02:00,276.5,5,0,1.0,0,363.95,0
12539.0,5618.400000000001,3,2467,126,2010-09-15 09:50:00,2009-12-23 13:00:00,1872.8000000000002,77,265,0.011320754716981131,0,5568.35,1
12540.0,7670.25,15,4291,170,2010-11-26 10:43:00,2009-12-07 16:56:00,511.35,5,353,0.042492917847025496,0,11580.24,1
12542.0,481.88,2,522,39,2010-08-12 19:12:00,2010-03-09 16:26:00,240.94,111,156,0.01282051282051282,0,0.0,0
12543.0,840.25,1,683,42,2010-09-17 15:51:00,2010-09-17 15:51:00,840.25,75,0,1.0,0,0.0,0
12547.0,147.78,1,174,12,2010-07-27 13:55:00,2010-07-27 13:55:00,147.78,127,0,1.0,0,151.8,0
12549.0,1570.68,5,1365,37,2010-05-13 12:05:00,2010-01-11 12:29:00,314.136,202,121,0.04132231404958678,0,0.0,0
12553.0,826.47,2,355,38,2010-11-19 12:18:00,2010-10-12 13:35:00,413.235,12,37,0.05405405405405406,0,3278.28,1
12554.0,384.5,1,237,25,2010-09-17 12:29:00,2010-09-17 12:29:00,384.5,75,0,1.0,0,0.0,0
12555.0,129.23,1,1,1,2010-01-26 16:26:00,2010-01-26 16:26:00,129.23,309,0,1.0,0,0.0,0
12557.0,6105.18,3,1998,15,2010-10-03 10:50:00,2009-12-17 10:39:00,2035.0600000000002,59,290,0.010344827586206896,0,11990.960000000001,1
12562.0,1041.18,2,540,32,2010-11-19 09:35:00,2010-09-30 13:13:00,520.59,12,49,0.04081632653061224,0,3385.7400000000002,1
12563.0,221.24,1,112,12,2010-10-27 09:52:00,2010-10-27 09:52:00,221.24,35,0,1.0,0,0.0,0
12567.0,2132.2,5,990,85,2010-11-16 13:33:00,2010-02-11 10:30:00,426.43999999999994,15,278,0.017985611510791366,0,8609.28,1
12568.0,52.0,1,47,4,2010-03-05 09:15:00,2010-03-05 09:15:00,52.0,271,0,1.0,0,0.0,0
12570.0,77.52,1,1,1,2010-01-26 17:28:00,2010-01-26 17:28:00,77.52,309,0,1.0,0,0.0,0
12573.0,556.87,4,395,83,2010-11-23 13:01:00,2010-08-31 17:25:00,139.2175,8,83,0.04819277108433735,0,160.54000000000002,0
12575.0,568.82,2,312,33,2010-09-08 13:09:00,2010-07-01 09:15:00,284.41,84,69,0.028985507246376812,0,0.0,0
12576.0,746.89,3,525,50,2010-11-12 12:44:00,2010-07-01 13:46:00,248.96333333333334,19,133,0.022556390977443608,0,1315.83,1
12577.0,990.5,5,722,144,2010-11-23 14:06:00,2009-12-03 19:31:00,198.1,8,354,0.014124293785310734,0,622.65,0
12578.0,1623.94,2,1176,52,2010-11-19 17:21:00,2010-09-22 11:19:00,811.97,12,58,0.034482758620689655,0,2402.51,1
12580.0,583.2,1,328,33,2010-05-12 11:45:00,2010-05-12 11:45:00,583.2,203,0,1.0,0,379.7,0
12582.0,1469.04,2,685,79,2010-10-13 10:52:00,2010-05-11 09:55:00,734.52,49,155,0.012903225806451613,0,351.36,0
12583.0,5788.2,12,3446,84,2010-11-19 13:35:00,2009-12-06 11:57:00,482.34999999999997,12,348,0.034482758620689655,0,6705.38,1
12586.0,1865.73,3,608,76,2010-11-30 10:47:00,2009-12-16 13:15:00,621.91,1,348,0.008620689655172414,0,196.94000000000003,0
12588.0,543.88,2,380,26,2010-11-05 12:38:00,2010-04-21 12:22:00,271.94,26,198,0.010101010101010102,0,174.89999999999998,0
12589.0,2720.23,4,1439,98,2010-10-14 11:54:00,2010-01-19 12:26:00,680.0575,48,267,0.0149812734082397,0,574.68,0
12591.0,746.1,2,420,37,2010-11-14 14:32:00,2010-10-27 10:42:00,373.05,17,18,0.1111111111111111,0,368.85,0
12592.0,1322.04,2,1578,30,2010-07-08 14:26:00,2010-07-08 14:06:00,661.02,146,0,2.0,0,401.6,0
12594.0,1681.89,5,989,59,2010-11-26 12:17:00,2010-03-03 13:51:00,336.37800000000004,5,267,0.018726591760299626,0,3208.2200000000003,1
12595.0,281.02,1,270,18,2010-07-23 09:10:00,2010-07-23 09:10:00,281.02,131,0,1.0,0,0.0,0
12598.0,1385.01,3,935,68,2010-09-02 14:22:00,2010-03-01 09:58:00,461.67,90,185,0.016216216216216217,0,2807.08,1
12599.0,1138.14,6,1226,36,2010-11-23 15:49:00,2010-05-11 10:42:00,189.69000000000003,8,196,0.030612244897959183,0,888.58,0
12600.0,2079.38,11,592,31,2010-11-29 10:02:00,2009-12-07 13:37:00,189.03454545454545,2,356,0.03089887640449438,0,2311.04,1
12601.0,86.2,1,44,5,2010-10-31 10:57:00,2010-10-31 10:57:00,86.2,31,0,1.0,0,487.06,0
12605.0,1124.95,3,921,62,2010-11-28 14:18:00,2010-09-07 14:21:00,374.98333333333335,3,81,0.037037037037037035,0,0.0,0
12606.0,21.0,1,1,1,2010-01-26 16:23:00,2010-01-26 16:23:00,21.0,309,0,1.0,0,0.0,0
12608.0,415.79,1,323,16,2010-10-31 10:49:00,2010-10-31 10:49:00,415.79,31,0,1.0,1,0.0,0
12609.0,2057.01,6,891,83,2010-11-30 14:48:00,2009-12-20 13:30:00,342.83500000000004,1,345,0.017391304347826087,0,964.85,0
12613.0,3184.9900000000002,5,2497,131,2010-11-16 17:17:00,2009-12-14 13:10:00,636.998,15,337,0.01483679525222552,0,3092.38,1
12615.0,3269.79,4,1931,146,2010-10-22 09:45:00,2010-03-18 14:09:00,817.4475,40,217,0.018433179723502304,0,2093.19,1
12616.0,381.8,1,212,21,2010-11-16 11:38:00,2010-11-16 11:38:00,381.8,15,0,1.0,0,641.3,0
12619.0,140.14,1,140,10,2010-05-28 12:52:00,2010-05-28 12:52:00,140.14,187,0,1.0,0,2945.56,1
12621.0,9685.53,15,6214,155,2010-11-28 11:52:00,2010-02-09 12:01:00,645.702,3,291,0.05154639175257732,0,12411.67,1
12623.0,3046.7400000000002,6,1758,108,2010-10-19 09:35:00,2010-01-12 11:45:00,507.79,43,279,0.021505376344086023,0,269.1,0
12625.0,2265.06,2,1685,84,2010-07-18 15:56:00,2010-04-22 11:33:00,1132.53,136,87,0.022988505747126436,0,2413.82,1
12629.0,1198.22,2,713,39,2010-11-19 09:18:00,2010-10-12 16:40:00,599.11,12,37,0.05405405405405406,0,0.0,0
12631.0,2841.07,5,1371,105,2010-09-09 14:50:00,2010-01-15 14:50:00,568.214,83,237,0.02109704641350211,0,480.5,0
12632.0,714.88,2,689,31,2010-07-07 09:39:00,2010-05-24 09:07:00,357.44,147,44,0.045454545454545456,0,0.0,0
12633.0,3226.18,3,2060,181,2010-11-22 13:09:00,2010-07-02 11:44:00,1075.3933333333332,9,143,0.02097902097902098,0,1929.98,1
12634.0,360.0,1,336,19,2010-06-09 15:41:00,2010-06-09 15:41:00,360.0,175,0,1.0,0,0.0,0
12635.0,1115.23,2,770,76,2010-11-12 15:46:00,2010-09-09 10:50:00,557.615,19,64,0.03125,0,1509.18,1
12637.0,2280.91,4,1263,162,2010-11-26 13:50:00,2010-06-14 13:36:00,570.2275,5,165,0.024242424242424242,0,5804.9,1
12638.0,169.8,1,84,8,2010-03-10 10:30:00,2010-03-10 10:30:00,169.8,266,0,1.0,0,511.69,0
12639.0,706.27,2,427,38,2010-10-01 12:17:00,2010-03-22 09:05:00,353.135,61,193,0.010362694300518135,0,366.1,0
12643.0,4762.18,5,2854,13,2010-11-19 12:42:00,2010-04-07 14:16:00,952.436,12,225,0.022222222222222223,0,3041.64,1
12644.0,1422.58,3,706,75,2010-10-05 10:23:00,2010-01-14 13:02:00,474.1933333333333,57,263,0.011406844106463879,0,477.90999999999997,0
12645.0,1584.1200000000001,4,1031,71,2010-10-26 18:44:00,2010-02-09 10:49:00,396.03000000000003,36,259,0.015444015444015444,0,1631.18,1
12647.0,10962.73,23,5091,211,2010-11-19 09:40:00,2010-01-13 15:06:00,476.6404347826087,12,309,0.0744336569579288,0,3146.82,1
12648.0,738.95,3,354,31,2010-09-28 10:35:00,2010-01-07 18:38:00,246.3166666666667,64,263,0.011406844106463879,0,300.05,0
12649.0,1527.14,5,1365,74,2010-11-22 12:57:00,2010-01-12 17:24:00,305.428,9,313,0.01597444089456869,0,569.51,0
12651.0,263.75,3,187,21,2010-11-26 11:58:00,2010-08-31 15:21:00,87.91666666666667,5,86,0.03488372093023256,0,114.0,0
12652.0,97.05000000000001,1,31,3,2010-10-01 15:16:00,2010-10-01 15:16:00,97.05000000000001,61,0,1.0,0,793.98,0
12653.0,1950.98,1,762,43,2010-07-01 09:56:00,2010-07-01 09:56:00,1950.98,153,0,1.0,0,2209.85,1
12655.0,243.35000000000002,1,79,15,2010-10-12 09:17:00,2010-10-12 09:17:00,243.35000000000002,50,0,1.0,0,0.0,0
12656.0,2104.66,3,1123,107,2010-10-10 10:43:00,2010-05-26 09:00:00,701.5533333333333,52,137,0.021897810218978103,0,3619.17,1
12661.0,162.0,1,216,11,2010-09-29 16:46:00,2010-09-29 16:46:00,162.0,63,0,1.0,0,0.0,0
12662.0,2586.76,9,1348,88,2010-11-23 16:18:00,2010-04-01 09:50:00,287.4177777777778,8,236,0.038135593220338986,0,3543.78,1
12663.0,185.4,2,178,8,2010-03-25 09:40:00,2010-02-09 14:28:00,92.7,251,43,0.046511627906976744,0,0.0,0
12664.0,1028.16,2,288,3,2010-07-13 13:28:00,2009-12-13 10:28:00,514.08,141,212,0.009433962264150943,0,4391.88,1
12665.0,214.6,2,126,12,2010-10-18 11:34:00,2010-02-08 15:11:00,107.3,44,251,0.00796812749003984,0,45.0,0
12666.0,1248.42,1,370,31,2010-11-10 16:40:00,2010-11-10 16:40:00,1248.42,21,0,1.0,0,0.0,0
12668.0,6728.88,5,3375,232,2010-11-26 11:48:00,2010-01-31 15:45:00,1345.776,5,298,0.016778523489932886,0,3177.15,1
12670.0,692.24,2,226,20,2010-11-19 10:05:00,2010-02-11 10:13:00,346.12,12,280,0.007142857142857143,0,2744.05,1
12671.0,2622.48,1,1459,44,2010-04-12 16:30:00,2010-04-12 16:30:00,2622.48,233,0,1.0,0,0.0,0
12672.0,181.15,1,58,11,2010-04-23 09:57:00,2010-04-23 09:57:00,181.15,222,0,1.0,0,225.9,0
12673.0,565.5,1,346,31,2010-11-03 10:46:00,2010-11-03 10:46:00,565.5,28,0,1.0,0,574.52,0
12675.0,873.25,2,333,110,2010-06-04 09:49:00,2010-05-10 16:44:00,436.625,180,24,0.08333333333333333,0,0.0,0
12676.0,1241.7,4,1190,46,2010-10-27 09:36:00,2010-08-13 13:29:00,310.425,35,74,0.05405405405405406,0,1091.39,0
12677.0,359.1,2,174,12,2010-06-02 14:30:00,2010-02-11 13:55:00,179.55,182,111,0.018018018018018018,0,0.0,0
12678.0,16263.72,6,11446,138,2010-11-29 09:55:00,2010-01-07 16:46:00,2710.62,2,325,0.018461538461538463,0,16331.46,1
12681.0,14571.22,22,9391,338,2010-11-26 09:51:00,2009-12-13 13:31:00,662.3281818181817,5,347,0.06340057636887608,0,12365.54,1
12682.0,9716.4,20,4914,201,2010-11-19 12:50:00,2009-12-01 09:28:00,485.82,12,353,0.056657223796033995,0,11019.82,1
12683.0,2833.13,6,2014,107,2010-09-09 17:37:00,2009-12-13 15:01:00,472.18833333333333,83,270,0.022222222222222223,0,7612.57,1
12687.0,1858.91,1,1402,125,2010-08-16 12:12:00,2010-08-16 12:12:00,1858.91,107,0,1.0,0,0.0,0
12691.0,116.6,1,50,6,2010-10-15 12:00:00,2010-10-15 12:00:00,116.6,47,0,1.0,0,927.8,0
12692.0,110.95,1,36,13,2010-03-12 14:02:00,2010-03-12 14:02:00,110.95,264,0,1.0,0,0.0,0
12693.0,703.11,3,273,34,2010-11-08 14:57:00,2010-07-05 13:56:00,234.37,23,126,0.023809523809523808,0,711.91,0
12694.0,901.68,1,842,45,2010-10-14 19:39:00,2010-10-14 19:39:00,901.68,47,0,1.0,0,761.67,0
12695.0,789.02,3,232,27,2010-06-29 16:12:00,2010-02-12 13:22:00,263.00666666666666,155,137,0.021897810218978103,0,582.1,0
12696.0,731.91,2,561,42,2010-10-01 10:43:00,2010-07-19 10:02:00,365.955,61,74,0.02702702702702703,0,0.0,0
12698.0,285.75,1,108,15,2010-04-28 15:51:00,2010-04-28 15:51:00,285.75,217,0,1.0,0,0.0,0
12699.0,566.11,1,369,40,2010-10-18 12:07:00,2010-10-18 12:07:00,566.11,44,0,1.0,0,0.0,0
12701.0,1522.7,4,1042,79,2010-06-28 13:44:00,2010-03-16 13:23:00,380.675,156,104,0.038461538461538464,0,725.71,0
12703.0,632.98,3,426,43,2010-03-16 13:22:00,2010-01-24 12:05:00,210.99333333333334,260,51,0.058823529411764705,0,265.55,0
12705.0,4731.81,5,3182,195,2010-11-21 13:59:00,2010-06-24 09:51:00,946.3620000000001,10,150,0.03333333333333333,0,6382.29,1
12708.0,2116.75,8,1109,78,2010-10-31 15:09:00,2009-12-18 10:25:00,264.59375,31,317,0.025236593059936908,0,2442.91,1
12709.0,20171.239999999998,18,9848,151,2010-11-18 12:50:00,2009-12-09 13:49:00,1120.6244444444444,13,343,0.052478134110787174,0,9400.52,1
12711.0,1213.05,2,763,55,2010-04-07 11:59:00,2010-02-01 11:30:00,606.525,238,65,0.03076923076923077,0,0.0,0
12712.0,2056.9,8,1128,88,2010-11-05 11:49:00,2009-12-09 10:46:00,257.1125,26,331,0.02416918429003021,0,3928.13,1
12714.0,8520.85,7,5657,323,2010-11-16 18:10:00,2009-12-04 10:00:00,1217.2642857142857,15,347,0.020172910662824207,0,4294.86,1
12717.0,227.93,1,93,15,2010-04-28 14:34:00,2010-04-28 14:34:00,227.93,217,0,1.0,0,830.98,0
12720.0,1789.55,4,1334,111,2010-10-24 15:28:00,2010-07-21 09:46:00,447.3875,38,95,0.042105263157894736,0,5115.73,1
12721.0,1248.95,2,690,72,2010-11-19 15:13:00,2010-08-25 11:07:00,624.475,12,86,0.023255813953488372,0,2386.13,1
12724.0,1160.11,3,927,65,2010-11-21 13:26:00,2010-06-22 14:00:00,386.7033333333333,10,151,0.019867549668874173,0,923.41,0
12725.0,1534.96,2,974,71,2010-10-21 10:28:00,2010-05-04 13:59:00,767.48,41,169,0.011834319526627219,0,371.8,0
12726.0,1279.5,4,1468,29,2010-11-17 16:59:00,2010-03-25 16:25:00,319.875,14,237,0.016877637130801686,0,2411.1,1
12727.0,1464.8300000000002,3,721,43,2010-09-23 10:45:00,2010-02-23 09:54:00,488.2766666666667,69,212,0.014150943396226415,0,3440.7000000000003,1
12728.0,197.84,1,122,14,2010-11-21 11:34:00,2010-11-21 11:34:00,197.84,10,0,1.0,0,728.33,0
12730.0,703.25,1,227,46,2010-07-06 12:19:00,2010-07-06 12:19:00,703.25,148,0,1.0,0,0.0,0
12731.0,6879.8,5,3204,72,2010-09-23 15:12:00,2010-03-02 09:23:00,1375.96,69,205,0.024390243902439025,0,18751.91,1
12733.0,2040.07,3,758,105,2010-11-15 13:56:00,2010-01-19 13:23:00,680.0233333333333,16,300,0.01,0,383.95,0
12734.0,493.25,2,175,12,2010-11-30 11:05:00,2010-11-12 13:26:00,246.625,1,17,0.11764705882352941,0,110.39999999999999,0
12739.0,1445.69,1,463,49,2010-11-10 14:27:00,2010-11-10 14:27:00,1445.69,21,0,1.0,0,975.54,0
12741.0,236.07,1,213,15,2010-06-24 16:24:00,2010-06-24 16:24:00,236.07,160,0,1.0,0,0.0,0
12742.0,1201.52,1,1359,67,2010-03-24 12:43:00,2010-03-24 12:43:00,1201.52,252,0,1.0,0,0.0,0
12744.0,4037.77,4,1753,110,2010-09-06 10:24:00,2010-04-27 16:19:00,1009.4425,86,131,0.030534351145038167,0,9120.39,1
12745.0,925.41,3,468,21,2010-08-10 10:14:00,2010-01-26 16:22:00,308.46999999999997,113,195,0.015384615384615385,1,0.0,0
12746.0,254.55,1,97,17,2010-06-17 10:41:00,2010-06-17 10:41:00,254.55,167,0,1.0,1,0.0,0
12747.0,4702.47,15,1365,67,2010-11-16 15:55:00,2009-12-07 13:23:00,313.498,15,344,0.0436046511627907,1,4196.01,1
12748.0,17913.5,117,11803,1228,2010-11-29 12:36:00,2009-12-04 17:31:00,153.10683760683762,2,359,0.32590529247910865,1,31650.78,1
12749.0,2806.48,4,889,121,2010-11-05 13:56:00,2010-07-06 15:05:00,701.62,26,121,0.03305785123966942,1,4040.88,1
12751.0,268.27,1,189,61,2010-09-21 12:49:00,2010-09-21 12:49:00,268.27,71,0,1.0,0,0.0,0
12755.0,1424.31,9,802,31,2010-11-19 13:19:00,2010-01-15 11:57:00,158.25666666666666,12,308,0.02922077922077922,0,3811.9500000000003,1
12758.0,7111.650000000001,5,4020,146,2010-09-06 13:02:00,2009-12-01 14:40:00,1422.3300000000002,86,278,0.017985611510791366,0,2791.59,1
12759.0,3207.3,5,2283,150,2010-11-18 19:14:00,2009-12-04 10:47:00,641.46,13,349,0.014326647564469915,0,1411.44,1
12760.0,317.8,1,196,20,2010-09-10 08:50:00,2010-09-10 08:50:00,317.8,82,0,1.0,0,0.0,0
12761.0,712.95,1,277,25,2010-09-01 10:47:00,2010-09-01 10:47:00,712.95,91,0,1.0,0,0.0,0
12765.0,1299.58,6,1002,48,2010-08-24 13:51:00,2010-03-08 09:43:00,216.59666666666666,99,169,0.03550295857988166,0,0.0,0
12766.0,1677.3600000000001,2,1367,84,2010-11-16 13:28:00,2010-10-28 09:29:00,838.6800000000001,15,19,0.10526315789473684,0,6457.63,1
12767.0,949.82,1,598,43,2010-11-29 09:38:00,2010-11-29 09:38:00,949.82,2,0,1.0,0,0.0,0
12768.0,168.69,1,102,10,2010-09-15 12:08:00,2010-09-15 12:08:00,168.69,77,0,1.0,0,0.0,0
12770.0,1895.0,1,1100,16,2010-09-09 11:43:00,2010-09-09 11:43:00,1895.0,83,0,1.0,0,1351.45,1
12771.0,226.29999999999998,1,102,14,2010-08-11 11:51:00,2010-08-11 11:51:00,226.29999999999998,112,0,1.0,0,0.0,0
12773.0,124.25,1,109,6,2010-05-24 17:30:00,2010-05-24 17:30:00,124.25,191,0,1.0,0,0.0,0
12774.0,83.7,1,52,5,2010-06-22 10:38:00,2010-06-22 10:38:00,83.7,162,0,1.0,0,0.0,0
12775.0,270.08000000000004,2,204,12,2010-11-16 15:14:00,2010-10-26 14:24:00,135.04000000000002,15,21,0.09523809523809523,0,1281.04,1
12776.0,27.5,1,45,3,2010-02-10 12:11:00,2010-02-10 12:11:00,27.5,294,0,1.0,0,0.0,0
12777.0,519.45,1,458,26,2010-09-08 11:35:00,2010-09-08 11:35:00,519.45,84,0,1.0,1,0.0,0
12778.0,848.4499999999999,3,903,54,2010-11-08 10:51:00,2010-04-16 09:57:00,282.81666666666666,23,206,0.014563106796116505,0,693.23,0
12779.0,2492.75,6,1477,82,2010-11-12 15:33:00,2009-12-03 07:25:00,415.4583333333333,19,344,0.01744186046511628,0,3981.36,1
12780.0,322.4,1,284,19,2010-04-20 09:40:00,2010-04-20 09:40:00,322.4,225,0,1.0,0,0.0,0
12782.0,1923.3200000000002,6,918,93,2010-11-30 11:37:00,2010-07-08 13:31:00,320.55333333333334,1,144,0.041666666666666664,0,1938.92,1
12784.0,1034.33,1,575,71,2010-06-28 13:06:00,2010-06-28 13:06:00,1034.33,156,0,1.0,0,476.82,0
12785.0,648.45,2,317,35,2010-06-22 12:16:00,2009-12-08 13:56:00,324.225,162,195,0.010256410256410256,0,255.95,0
12786.0,668.5000000000001,1,320,17,2010-04-09 12:12:00,2010-04-09 12:12:00,668.5000000000001,236,0,1.0,0,0.0,0
12787.0,380.52000000000004,1,248,23,2010-10-22 14:57:00,2010-10-22 14:57:00,380.52000000000004,40,0,1.0,0,418.66,0
12788.0,384.90000000000003,4,190,19,2010-09-02 14:21:00,2010-06-29 13:05:00,96.22500000000001,90,65,0.06153846153846154,0,0.0,0
12789.0,148.5,2,30,1,2010-07-15 12:43:00,2010-01-15 12:06:00,74.25,139,181,0.011049723756906077,0,76.85,0
12790.0,251.92999999999998,1,139,15,2010-10-25 13:04:00,2010-10-25 13:04:00,251.92999999999998,37,0,1.0,0,294.92,0
12791.0,479.23,4,251,15,2010-11-12 10:53:00,2010-03-25 17:29:00,119.8075,19,231,0.017316017316017316,0,177.60000000000002,0
12792.0,370.47,1,175,21,2010-06-23 10:49:00,2010-06-23 10:49:00,370.47,161,0,1.0,0,344.54,0
12793.0,284.05,1,164,19,2010-11-03 13:05:00,2010-11-03 13:05:00,284.05,28,0,1.0,0,461.48,0
12796.0,351.0,1,180,6,2010-03-21 15:49:00,2010-03-21 15:49:00,351.0,255,0,1.0,0,0.0,0
12797.0,242.05,1,95,16,2010-10-11 12:53:00,2010-10-11 12:53:00,242.05,51,0,1.0,0,226.03,0
12798.0,1533.89,1,3199,25,2010-10-14 12:27:00,2010-10-14 12:27:00,1533.89,48,0,1.0,0,6977.04,1
12799.0,219.35,1,137,15,2010-06-28 15:57:00,2010-06-28 15:57:00,219.35,156,0,1.0,0,0.0,0
12800.0,500.25,2,281,30,2010-08-26 14:11:00,2010-02-01 11:02:00,250.125,97,206,0.009708737864077669,0,0.0,0
12801.0,871.82,1,500,49,2010-07-27 09:38:00,2010-07-27 09:38:00,871.82,127,0,1.0,0,0.0,0
12802.0,1788.84,4,1644,87,2010-09-21 15:57:00,2010-05-25 09:34:00,447.21,71,119,0.03361344537815126,0,397.58,0
12803.0,1017.81,1,867,54,2010-11-11 14:57:00,2010-11-11 14:57:00,1017.81,20,0,1.0,0,0.0,0
12804.0,325.37,2,270,60,2010-08-31 11:58:00,2010-07-27 13:52:00,162.685,92,34,0.058823529411764705,0,0.0,0
12805.0,1230.95,4,581,43,2010-11-23 12:27:00,2010-02-03 09:06:00,307.7375,8,293,0.013651877133105802,0,0.0,0
12806.0,2558.96,2,2084,56,2010-05-16 13:49:00,2010-04-30 10:44:00,1279.48,199,16,0.125,0,0.0,0
12807.0,250.35,1,143,15,2010-11-21 14:21:00,2010-11-21 14:21:00,250.35,10,0,1.0,0,0.0,0
12808.0,293.05,2,134,19,2010-09-30 17:55:00,2010-09-03 10:24:00,146.525,62,27,0.07407407407407407,0,455.65000000000003,0
12809.0,979.03,2,291,51,2010-05-23 11:08:00,2010-03-02 14:19:00,489.515,192,81,0.024691358024691357,0,405.31,0
12810.0,534.99,2,389,32,2010-06-23 10:53:00,2010-02-01 09:52:00,267.495,161,142,0.014084507042253521,0,0.0,0
12811.0,435.05,2,202,22,2010-11-26 09:49:00,2010-10-08 12:20:00,217.525,5,48,0.041666666666666664,0,458.85,0
12813.0,1621.8,3,1134,36,2010-07-26 09:50:00,2010-01-15 16:52:00,540.6,128,191,0.015706806282722512,0,0.0,0
12817.0,444.94,2,164,15,2010-11-05 08:28:00,2010-10-01 08:57:00,222.47,26,34,0.058823529411764705,0,126.04,0
12819.0,540.52,1,344,19,2010-09-07 15:20:00,2010-09-07 15:20:00,540.52,85,0,1.0,1,0.0,0
12820.0,1747.18,7,1242,87,2010-11-07 14:26:00,2009-12-05 13:37:00,249.59714285714287,24,337,0.020771513353115726,1,942.34,0
12821.0,128.08,1,92,7,2010-04-07 15:14:00,2010-04-07 15:14:00,128.08,238,0,1.0,1,92.72,0
12823.0,4742.0,13,700,1,2010-11-10 12:22:00,2010-01-29 12:52:00,364.7692307692308,21,284,0.045774647887323945,1,1759.5,1
12825.0,518.63,2,139,20,2010-07-06 13:56:00,2010-03-08 10:17:00,259.315,148,120,0.016666666666666666,1,0.0,0
12826.0,1326.03,5,857,50,2010-10-31 15:07:00,2009-12-18 10:43:00,265.206,31,317,0.015772870662460567,1,1474.72,1
12829.0,92.3,1,174,8,2010-06-07 15:04:00,2010-06-07 15:04:00,92.3,177,0,1.0,1,293.0,0
12831.0,236.06,2,168,13,2010-09-02 16:00:00,2010-09-02 15:58:00,118.03,90,0,2.0,1,215.05,0
12835.0,5996.83,41,2349,138,2010-10-08 10:59:00,2009-12-03 12:13:00,146.2641463414634,54,308,0.1331168831168831,1,0.0,0
12836.0,3949.37,11,1169,173,2010-11-15 16:22:00,2009-12-01 14:19:00,359.03363636363633,16,349,0.03151862464183381,1,2610.36,1
12837.0,528.5600000000001,1,170,73,2010-05-19 15:10:00,2010-05-19 15:10:00,528.5600000000001,196,0,1.0,1,134.1,0
12838.0,2303.96,8,1251,151,2010-11-17 12:49:00,2010-04-26 09:59:00,287.995,14,205,0.03902439024390244,1,671.95,0
12839.0,4077.7,12,2771,111,2010-11-25 09:48:00,2009-12-07 09:18:00,339.80833333333334,6,353,0.0339943342776204,1,5591.42,1
12840.0,1315.2,3,747,57,2010-09-28 17:58:00,2010-02-03 14:51:00,438.40000000000003,64,237,0.012658227848101266,1,2726.77,1
12841.0,2966.62,15,2288,129,2010-11-25 13:38:00,2010-07-08 15:38:00,197.77466666666666,6,139,0.1079136690647482,1,3991.58,1
12842.0,799.0,2,340,13,2010-10-31 10:45:00,2009-12-02 08:15:00,399.5,31,333,0.006006006006006006,1,1118.99,0
12843.0,4759.61,20,2244,74,2010-11-22 13:31:00,2009-12-13 11:41:00,237.98049999999998,9,344,0.05813953488372093,1,1702.26,1
12844.0,322.64,2,98,43,2010-09-23 16:23:00,2010-04-25 11:51:00,161.32,69,151,0.013245033112582781,1,325.96000000000004,0
12846.0,15.58,1,1,1,2010-01-26 16:29:00,2010-01-26 16:29:00,15.58,309,0,1.0,1,0.0,0
12847.0,765.36,1,624,34,2010-11-17 12:44:00,2010-11-17 12:44:00,765.36,14,0,1.0,1,843.64,0
12848.0,208.0,1,58,16,2010-02-02 12:45:00,2010-02-02 12:45:00,208.0,302,0,1.0,1,0.0,0
12849.0,2023.3300000000002,4,1255,79,2010-11-23 11:41:00,2010-04-27 13:44:00,505.83250000000004,8,209,0.019138755980861243,1,992.65,0
12850.0,330.0,1,200,2,2010-09-20 12:26:00,2010-09-20 12:26:00,330.0,72,0,1.0,1,0.0,0
12851.0,148.95,1,51,30,2010-08-19 15:13:00,2010-08-19 15:13:00,148.95,104,0,1.0,1,131.81,0
12853.0,1950.4,5,868,58,2010-10-08 14:51:00,2010-02-05 11:57:00,390.08000000000004,54,245,0.02040816326530612,1,1957.1000000000001,1
12854.0,1654.72,4,1004,120,2010-05-27 16:54:00,2009-12-11 12:55:00,413.68,188,167,0.023952095808383235,1,1316.25,1
12855.0,574.74,3,210,63,2010-11-10 14:58:00,2010-11-02 18:16:00,191.58,21,7,0.42857142857142855,1,38.1,0
12857.0,2581.6,4,1077,46,2010-09-29 16:49:00,2010-01-25 15:37:00,645.4,63,247,0.016194331983805668,1,1106.4,0
12858.0,147.27,1,51,36,2010-11-21 12:55:00,2010-11-21 12:55:00,147.27,10,0,1.0,1,0.0,0
12859.0,575.1,1,292,21,2010-09-07 12:20:00,2010-09-07 12:20:00,575.1,85,0,1.0,1,0.0,0
12860.0,54.22,1,26,16,2010-01-15 15:22:00,2010-01-15 15:22:00,54.22,320,0,1.0,1,0.0,0
12861.0,68.25,1,27,4,2010-03-30 11:39:00,2010-03-30 11:39:00,68.25,246,0,1.0,1,0.0,0
12862.0,984.62,2,611,119,2010-10-10 11:47:00,2010-08-01 15:20:00,492.31,52,69,0.028985507246376812,1,0.0,0
12863.0,2271.35,5,707,23,2010-11-25 17:47:00,2010-04-29 13:54:00,454.27,6,210,0.023809523809523808,1,521.2,0
12864.0,152.45,1,231,4,2010-07-19 17:22:00,2010-07-19 17:22:00,152.45,135,0,1.0,1,147.12,0
12865.0,1755.24,2,1048,93,2010-11-26 15:37:00,2010-08-20 12:20:00,877.62,5,98,0.02040816326530612,0,1568.23,1
12866.0,593.23,2,377,33,2010-08-22 15:48:00,2010-07-25 11:37:00,296.615,101,28,0.07142857142857142,0,499.12,0
12867.0,3819.92,6,3592,260,2010-11-07 15:31:00,2009-12-16 16:25:00,636.6533333333333,24,325,0.018461538461538463,1,4009.34,1
12868.0,436.7,2,242,26,2010-11-24 10:27:00,2010-11-12 10:05:00,218.35,7,12,0.16666666666666666,1,1607.0600000000002,1
12869.0,337.66999999999996,1,144,35,2010-01-27 12:10:00,2010-01-27 12:10:00,337.66999999999996,308,0,1.0,1,0.0,0
12870.0,1676.95,3,906,85,2010-11-29 13:42:00,2010-03-25 14:32:00,558.9833333333333,2,248,0.012096774193548387,1,0.0,0
12871.0,363.38,1,284,7,2010-09-26 10:34:00,2010-09-26 10:34:00,363.38,66,0,1.0,1,380.64,0
12872.0,2683.9900000000002,10,1323,189,2010-11-21 13:46:00,2009-12-03 20:03:00,268.399,10,352,0.028409090909090908,1,599.97,0
12873.0,1653.3,2,658,30,2010-11-07 11:15:00,2010-01-27 09:50:00,826.65,24,284,0.007042253521126761,1,374.0,0
12874.0,873.42,2,618,43,2010-11-19 15:23:00,2010-06-03 12:51:00,436.71,12,169,0.011834319526627219,0,0.0,0
12875.0,1013.7600000000001,3,3168,2,2010-08-25 14:35:00,2010-01-11 12:37:00,337.92,98,226,0.01327433628318584,1,343.2300000000001,0
12876.0,1698.77,2,1095,69,2010-11-10 12:21:00,2010-04-28 13:26:00,849.385,21,195,0.010256410256410256,0,2053.02,1
12877.0,1406.3700000000001,8,1059,76,2010-11-03 13:53:00,2010-01-18 10:23:00,175.79625000000001,28,289,0.02768166089965398,1,1535.77,1
12880.0,640.13,2,279,32,2010-11-23 10:50:00,2010-05-14 11:57:00,320.065,8,192,0.010416666666666666,1,0.0,0
12887.0,222.4,1,100,13,2010-11-21 11:18:00,2010-11-21 11:18:00,222.4,10,0,1.0,1,0.0,0
12889.0,385.46000000000004,4,124,25,2010-11-23 16:08:00,2010-07-25 14:32:00,96.36500000000001,8,121,0.03305785123966942,1,0.0,0
12890.0,329.3,1,201,56,2010-11-17 14:06:00,2010-11-17 14:05:00,329.3,14,0,1.0,1,376.71999999999997,0
12891.0,509.5,8,1375,2,2010-09-07 15:31:00,2010-02-18 14:32:00,63.6875,85,201,0.03980099502487562,1,331.0,0
12892.0,263.38,1,140,18,2010-11-08 09:51:00,2010-11-08 09:51:00,263.38,23,0,1.0,1,0.0,0
12894.0,157.35,1,33,21,2010-05-13 14:47:00,2010-05-13 14:47:00,157.35,202,0,1.0,1,0.0,0
12897.0,297.75,2,139,9,2010-11-23 13:29:00,2010-06-14 11:58:00,148.875,8,162,0.012345679012345678,1,216.5,0
12898.0,296.21,2,235,27,2010-09-02 08:08:00,2010-02-18 12:36:00,148.105,90,195,0.010256410256410256,1,0.0,0
12899.0,366.4,1,108,17,2010-10-22 09:53:00,2010-10-22 09:53:00,366.4,40,0,1.0,1,0.0,0
12900.0,340.33000000000004,1,139,13,2010-10-13 15:17:00,2010-10-13 15:17:00,340.33000000000004,49,0,1.0,1,0.0,0
12903.0,833.5300000000001,1,493,41,2010-10-07 12:39:00,2010-10-07 12:39:00,833.5300000000001,55,0,1.0,1,0.0,0
12905.0,1018.42,2,532,52,2010-05-12 10:05:00,2010-01-26 14:06:00,509.21,203,105,0.01904761904761905,1,0.0,0
12907.0,508.91,2,177,23,2010-11-09 12:08:00,2010-08-02 14:33:00,254.455,22,98,0.02040816326530612,1,0.0,0
12908.0,1026.0,3,1800,1,2010-11-24 09:29:00,2010-03-19 15:59:00,342.0,7,249,0.012048192771084338,1,750.0,0
12909.0,924.52,3,668,49,2010-10-11 09:44:00,2010-02-24 12:14:00,308.17333333333335,51,228,0.013157894736842105,1,2178.67,1
12910.0,2721.48,5,1940,38,2010-11-25 12:27:00,2010-03-28 13:10:00,544.296,6,241,0.02074688796680498,1,3075.04,1
12911.0,1651.72,1,807,220,2010-06-06 12:13:00,2010-06-06 12:13:00,1651.72,178,0,1.0,1,0.0,0
12913.0,3799.61,8,1667,26,2010-11-24 15:23:00,2009-12-01 12:18:00,474.95125,7,358,0.0223463687150838,1,2483.63,1
12914.0,223.98,1,336,9,2010-11-04 12:28:00,2010-11-04 12:28:00,223.98,27,0,1.0,1,0.0,0
12915.0,611.45,2,318,34,2010-08-24 10:45:00,2010-04-29 19:36:00,305.725,99,116,0.017241379310344827,1,363.65,0
12916.0,1534.78,3,598,51,2010-09-23 11:57:00,2010-01-24 11:26:00,511.5933333333333,69,242,0.012396694214876033,1,2944.95,1
12917.0,3765.2,5,984,44,2010-11-04 15:56:00,2009-12-09 14:22:00,753.04,27,330,0.015151515151515152,1,594.0,0
12920.0,323.86,3,292,32,2010-05-17 12:57:00,2009-12-14 15:58:00,107.95333333333333,198,153,0.0196078431372549,1,162.78,0
12921.0,18646.15,37,11802,200,2010-11-19 12:56:00,2009-12-01 13:43:00,503.95000000000005,12,352,0.10511363636363637,1,16587.09,1
12923.0,597.6,2,162,28,2010-11-14 13:16:00,2010-05-13 14:55:00,298.8,17,184,0.010869565217391304,1,171.57,0
12924.0,1535.7,8,942,37,2010-11-11 15:21:00,2009-12-09 12:40:00,191.9625,20,337,0.02373887240356083,1,925.75,0
12925.0,35.28,1,108,5,2010-04-26 10:32:00,2010-04-26 10:32:00,35.28,219,0,1.0,1,694.05,0
12926.0,1523.59,4,752,201,2010-10-24 15:57:00,2009-12-14 14:35:00,380.8975,38,314,0.012738853503184714,1,0.0,0
12927.0,197.31,1,145,11,2010-11-10 10:02:00,2010-11-10 10:02:00,197.31,21,0,1.0,1,0.0,0
12928.0,2242.19,7,1427,62,2010-11-26 15:53:00,2010-06-08 10:16:00,320.3128571428571,5,171,0.04093567251461988,1,2062.7,1
12931.0,50291.38,42,34902,21,2010-11-24 10:09:00,2009-12-01 11:46:00,1197.4138095238095,7,357,0.11764705882352941,1,42055.96,1
12932.0,1698.56,8,1609,69,2010-06-18 14:22:00,2010-02-10 08:46:00,212.32,166,128,0.0625,1,0.0,0
12933.0,1029.1,5,450,152,2010-11-24 17:11:00,2009-12-10 16:39:00,205.82,7,349,0.014326647564469915,1,607.53,0
12934.0,181.65,1,31,2,2009-12-03 10:51:00,2009-12-03 10:51:00,181.65,363,0,1.0,1,0.0,0
12935.0,2083.16,8,1348,61,2010-11-29 13:55:00,2010-04-11 15:59:00,260.395,2,231,0.03463203463203463,1,2160.7,1
12937.0,1593.34,5,976,71,2010-09-02 16:01:00,2009-12-03 15:43:00,318.668,90,273,0.018315018315018316,1,1504.27,1
12939.0,13683.0,12,5452,12,2010-11-25 14:50:00,2010-01-12 11:27:00,1140.25,6,317,0.03785488958990536,1,11581.8,1
12941.0,377.49,1,381,27,2009-12-15 13:12:00,2009-12-15 13:12:00,377.49,351,0,1.0,1,0.0,0
12943.0,496.5,2,222,22,2010-05-30 13:52:00,2010-04-13 11:03:00,248.25,185,47,0.0425531914893617,1,0.0,0
12945.0,437.16,1,281,28,2010-02-21 15:18:00,2010-02-21 15:18:00,437.16,283,0,1.0,1,462.95,0
12946.0,324.45,1,149,20,2010-09-29 10:14:00,2010-09-29 10:14:00,324.45,63,0,1.0,1,0.0,0
12948.0,252.48,2,224,7,2009-12-09 11:46:00,2009-12-02 12:28:00,126.24,357,6,0.3333333333333333,1,2064.95,1
12949.0,11359.48,14,5852,262,2010-11-22 15:45:00,2009-12-03 15:56:00,811.3914285714285,9,353,0.039660056657223795,1,4167.22,1
12951.0,2149.65,9,1159,83,2010-11-18 12:11:00,2010-01-10 12:43:00,238.85000000000002,13,311,0.028938906752411574,1,1064.07,0
12953.0,498.96,1,280,31,2010-07-05 13:37:00,2010-07-05 13:37:00,498.96,149,0,1.0,1,329.85,0
12954.0,162.45,1,83,10,2010-03-11 10:16:00,2010-03-11 10:16:00,162.45,265,0,1.0,1,0.0,0
12956.0,413.82,3,306,23,2010-01-24 10:33:00,2009-12-15 19:03:00,137.94,311,39,0.07692307692307693,1,108.07,0
12957.0,4689.43,5,2137,221,2010-06-16 08:55:00,2009-12-11 12:01:00,937.8860000000001,168,186,0.026881720430107527,1,4017.54,1
12958.0,467.34,2,118,45,2010-11-04 16:16:00,2010-05-05 16:22:00,233.67,27,182,0.01098901098901099,1,0.0,0
12959.0,150.95,1,109,8,2010-08-12 17:20:00,2010-08-12 17:20:00,150.95,111,0,1.0,1,0.0,0
12960.0,1322.0700000000002,4,1379,49,2010-10-22 09:31:00,2010-02-16 13:32:00,330.51750000000004,40,247,0.016194331983805668,1,0.0,0
12961.0,211.99,1,180,37,2010-11-25 16:44:00,2010-11-25 16:44:00,211.99,6,0,1.0,1,0.0,0
12963.0,1379.16,4,756,65,2010-09-30 15:12:00,2010-07-08 14:45:00,344.79,62,84,0.047619047619047616,1,1856.63,1
12964.0,132.24,1,56,26,2010-09-28 17:47:00,2010-09-28 17:47:00,132.24,64,0,1.0,1,0.0,0
12967.0,1277.6200000000001,1,474,46,2010-11-21 11:03:00,2010-11-21 11:03:00,1277.6200000000001,10,0,1.0,1,1660.9,1
12969.0,122.45,1,55,5,2010-04-16 10:50:00,2010-04-16 10:50:00,122.45,229,0,1.0,1,0.0,0
12970.0,1047.07,6,684,173,2010-11-24 13:08:00,2009-12-04 14:19:00,174.51166666666666,7,354,0.01694915254237288,1,405.47,0
12971.0,4514.6900000000005,30,5017,40,2010-11-30 16:07:00,2009-12-15 19:04:00,150.4896666666667,1,349,0.08595988538681948,1,11189.91,1
12972.0,1161.2,4,844,69,2010-10-22 08:41:00,2010-02-16 14:30:00,290.3,40,247,0.016194331983805668,1,0.0,0
12973.0,385.55,1,31,6,2010-10-22 10:14:00,2010-10-22 10:14:00,385.55,40,0,1.0,1,0.0,0
12974.0,264.15,1,80,24,2010-05-23 11:45:00,2010-05-23 11:45:00,264.15,192,0,1.0,1,144.8,0
12975.0,2100.09,6,911,92,2010-09-29 09:46:00,2009-12-06 10:38:00,350.01500000000004,63,296,0.02027027027027027,1,0.0,0
12976.0,2417.78,7,2123,94,2010-11-26 14:51:00,2010-02-12 15:46:00,345.3971428571429,5,286,0.024475524475524476,1,738.6,0
12977.0,474.64,3,116,45,2010-07-26 12:34:00,2010-07-16 16:25:00,158.21333333333334,128,9,0.3333333333333333,1,39.239999999999995,0
12978.0,2502.82,5,1394,126,2010-11-19 14:29:00,2009-12-10 12:10:00,500.564,12,344,0.014534883720930232,1,0.0,0
12979.0,517.7,1,520,56,2009-12-10 15:45:00,2009-12-10 15:45:00,517.7,356,0,1.0,0,0.0,0
12980.0,8870.880000000001,12,1024,7,2010-11-18 14:31:00,2009-12-02 11:26:00,739.2400000000001,13,351,0.03418803418803419,1,7374.900000000001,1
12982.0,2354.27,7,1441,117,2010-11-10 08:50:00,2010-04-12 13:50:00,336.32428571428574,21,211,0.03317535545023697,1,390.54,0
12983.0,490.08,1,638,30,2010-04-20 12:58:00,2010-04-20 12:58:00,490.08,225,0,1.0,1,0.0,0
12986.0,2729.84,10,1164,61,2010-10-07 11:57:00,2010-01-21 10:45:00,272.98400000000004,55,259,0.03861003861003861,1,0.0,0
12987.0,753.51,3,366,35,2010-10-15 13:48:00,2010-01-20 09:57:00,251.17,47,268,0.011194029850746268,1,558.7,0
12989.0,6627.64,18,3992,11,2010-10-11 12:36:00,2009-12-10 13:27:00,368.20222222222225,51,304,0.05921052631578947,1,6924.11,1
12990.0,546.0,4,280,6,2010-10-18 08:56:00,2010-03-30 11:36:00,136.5,44,201,0.01990049751243781,1,409.5,0
12991.0,261.06,1,78,14,2010-11-15 13:43:00,2010-11-15 13:43:00,261.06,16,0,1.0,1,503.76,0
12992.0,93.35,1,21,6,2009-12-14 16:46:00,2009-12-14 16:46:00,93.35,352,0,1.0,1,0.0,0
12993.0,844.87,4,511,44,2010-09-20 13:09:00,2010-02-18 10:35:00,211.2175,72,214,0.018691588785046728,1,414.76,0
12996.0,355.5,1,122,22,2010-11-29 09:27:00,2010-11-29 09:27:00,355.5,2,0,1.0,1,0.0,0
12997.0,884.02,4,522,32,2010-11-10 12:16:00,2010-04-06 11:06:00,221.005,21,218,0.01834862385321101,1,1226.89,0
12998.0,920.08,3,1124,58,2010-08-04 08:05:00,2010-02-24 11:55:00,306.6933333333333,119,160,0.01875,1,0.0,0
13000.0,497.65,1,169,31,2009-12-14 17:03:00,2009-12-14 17:03:00,497.65,352,0,1.0,1,534.85,0
13001.0,14256.68,20,7958,261,2010-10-31 13:14:00,2009-12-03 16:21:00,712.8340000000001,31,331,0.06042296072507553,1,9785.970000000001,1
13002.0,293.18,2,128,14,2010-10-19 12:23:00,2010-10-01 11:58:00,146.59,43,18,0.1111111111111111,1,120.95,0
13004.0,5994.94,18,3946,230,2010-11-18 19:08:00,2009-12-15 09:44:00,333.0522222222222,13,338,0.05325443786982249,1,5655.91,1
13005.0,485.98,2,290,27,2010-10-04 11:07:00,2010-09-08 12:52:00,242.99,58,25,0.08,1,513.7,0
13007.0,175.25,1,59,11,2010-05-09 10:38:00,2010-05-09 10:38:00,175.25,206,0,1.0,1,0.0,0
13008.0,382.66,2,204,20,2010-11-07 10:34:00,2009-12-16 16:07:00,191.33,24,325,0.006153846153846154,1,229.47,0
13009.0,234.0,1,120,4,2010-02-05 12:22:00,2010-02-05 12:22:00,234.0,299,0,1.0,1,0.0,0
13010.0,330.12,2,323,10,2010-11-30 15:09:00,2010-03-01 11:28:00,165.06,1,274,0.0072992700729927005,1,0.0,0
13012.0,1310.99,3,739,54,2010-10-06 10:40:00,2010-04-26 14:14:00,436.99666666666667,56,162,0.018518518518518517,1,1646.8400000000001,1
13013.0,6286.49,16,3437,189,2010-11-17 11:14:00,2009-12-14 10:34:00,392.905625,14,338,0.047337278106508875,1,4810.9400000000005,1
13014.0,1914.8,1,1074,115,2010-10-03 11:35:00,2010-10-03 11:35:00,1914.8,59,0,1.0,1,3466.28,1
13015.0,3240.14,6,1918,156,2010-09-27 10:39:00,2010-04-15 16:35:00,540.0233333333333,65,164,0.036585365853658534,1,3339.64,1
13018.0,2485.46,7,1311,117,2010-10-22 13:11:00,2010-03-01 12:34:00,355.0657142857143,40,235,0.029787234042553193,1,7277.7,1
13019.0,1229.95,6,397,46,2010-11-25 14:56:00,2009-12-06 15:40:00,204.99166666666667,6,353,0.0169971671388102,1,0.0,0
13020.0,618.96,2,278,38,2010-05-26 11:12:00,2010-02-18 10:35:00,309.48,189,97,0.020618556701030927,1,0.0,0
13021.0,2270.86,8,1194,87,2010-11-30 13:31:00,2009-12-05 12:02:00,283.8575,1,360,0.022222222222222223,1,2616.38,1
13022.0,50.3,1,34,4,2010-10-06 10:50:00,2010-10-06 10:50:00,50.3,56,0,1.0,0,0.0,0
13023.0,651.13,1,293,35,2010-06-29 09:52:00,2010-06-29 09:51:00,651.13,155,0,1.0,1,599.9,0
13024.0,555.87,2,181,26,2010-08-26 09:42:00,2010-05-06 14:25:00,277.935,97,111,0.018018018018018018,1,0.0,0
13025.0,323.39,1,241,13,2009-12-08 10:02:00,2009-12-08 10:02:00,323.39,358,0,1.0,1,0.0,0
13026.0,757.72,4,846,24,2010-08-08 10:43:00,2009-12-13 11:34:00,189.43,115,237,0.016877637130801686,1,975.36,0
13027.0,10327.2,13,25560,7,2010-11-19 15:51:00,2010-01-20 10:41:00,794.4000000000001,12,303,0.0429042904290429,1,6912.0,1
13029.0,679.8,2,60,6,2010-11-30 08:59:00,2010-07-04 13:46:00,339.9,1,148,0.013513513513513514,1,1247.5,0
13031.0,3292.84,5,2309,275,2010-10-28 15:34:00,2010-06-03 14:57:00,658.568,34,147,0.034013605442176874,1,0.0,0
13032.0,1805.78,7,899,110,2010-11-12 12:49:00,2010-09-05 14:01:00,257.9685714285714,19,67,0.1044776119402985,1,1010.1800000000001,0
13033.0,30.0,1,15,2,2010-10-06 09:37:00,2010-10-06 09:37:00,30.0,56,0,1.0,1,190.55,0
13034.0,114.05000000000001,1,37,7,2010-11-03 15:22:00,2010-11-03 15:22:00,114.05000000000001,28,0,1.0,1,642.77,0
13035.0,442.32,1,282,15,2010-10-04 15:41:00,2010-10-04 15:41:00,442.32,58,0,1.0,1,921.88,0
13036.0,307.1,1,38,6,2010-01-24 11:35:00,2010-01-24 11:35:00,307.1,311,0,1.0,1,0.0,0
13037.0,3033.88,9,1699,155,2010-11-05 10:39:00,2009-12-03 17:04:00,337.09777777777776,26,336,0.026785714285714284,1,881.07,0
13039.0,1010.73,4,290,37,2010-05-04 16:45:00,2009-12-17 16:43:00,252.6825,211,138,0.028985507246376812,1,0.0,0
13041.0,799.13,4,335,23,2010-09-15 11:44:00,2010-04-29 08:43:00,199.7825,77,139,0.02877697841726619,1,0.0,0
13042.0,1488.59,3,812,164,2010-04-20 13:43:00,2009-12-07 15:42:00,496.19666666666666,225,133,0.022556390977443608,1,0.0,0
13044.0,4287.58,10,2119,327,2010-08-04 16:27:00,2010-01-08 14:46:00,428.758,119,208,0.04807692307692308,1,560.47,0
13045.0,503.64,2,184,25,2010-11-03 12:49:00,2010-08-10 13:02:00,251.82,28,84,0.023809523809523808,1,305.28000000000003,0
13046.0,319.94,1,241,21,2010-09-09 13:09:00,2010-09-09 13:09:00,319.94,83,0,1.0,1,629.31,0
13047.0,5190.99,14,1937,115,2010-10-21 12:23:00,2009-12-16 11:43:00,370.78499999999997,41,309,0.045307443365695796,1,3232.59,1
13048.0,2229.7200000000003,5,1433,85,2010-09-29 13:49:00,2010-01-27 12:55:00,445.9440000000001,63,245,0.02040816326530612,1,1819.41,1
13049.0,751.5600000000001,2,352,10,2010-11-15 14:44:00,2010-11-03 15:39:00,375.78000000000003,16,11,0.18181818181818182,1,656.6800000000001,0
13050.0,6044.18,17,3240,397,2010-11-30 13:09:00,2009-12-15 15:06:00,355.54,1,349,0.04871060171919771,1,5833.11,1
13051.0,155.8,2,72,4,2010-05-10 09:14:00,2010-03-30 11:11:00,77.9,205,40,0.05,1,0.0,0
13052.0,2770.33,6,1201,149,2010-10-15 14:47:00,2010-02-23 12:31:00,461.72166666666664,47,234,0.02564102564102564,1,348.15000000000003,0
13053.0,127.65,1,47,17,2010-03-28 11:28:00,2010-03-28 11:28:00,127.65,248,0,1.0,1,0.0,0
13055.0,1106.7,1,927,78,2010-10-06 08:17:00,2010-10-06 08:17:00,1106.7,56,0,1.0,1,1214.41,0
13056.0,209.48,1,158,18,2010-06-06 14:10:00,2010-06-06 14:10:00,209.48,178,0,1.0,1,0.0,0
13057.0,709.59,3,456,34,2010-06-27 15:44:00,2010-03-18 12:14:00,236.53,157,101,0.0297029702970297,1,0.0,0
13059.0,2108.37,9,825,152,2010-10-22 16:11:00,2010-03-31 12:23:00,234.26333333333332,40,205,0.04390243902439024,1,183.4,0
13063.0,188.4,1,116,12,2010-08-16 12:27:00,2010-08-16 12:27:00,188.4,107,0,1.0,1,0.0,0
13064.0,561.25,2,154,19,2010-06-07 16:28:00,2010-04-27 10:08:00,280.625,177,41,0.04878048780487805,1,1105.59,0
13065.0,849.19,4,307,39,2010-11-12 10:08:00,2010-06-10 11:44:00,212.2975,19,154,0.025974025974025976,1,205.86,0
13067.0,393.05,2,99,13,2010-10-26 12:15:00,2010-09-19 13:43:00,196.525,36,36,0.05555555555555555,1,115.46000000000001,0
13069.0,4853.01,14,9298,401,2010-11-28 11:33:00,2010-06-14 14:27:00,346.6435714285714,3,166,0.08433734939759036,1,4431.44,1
13070.0,522.9,3,262,11,2010-09-06 12:37:00,2009-12-07 14:44:00,174.29999999999998,86,272,0.011029411764705883,1,228.8,0
13071.0,129.22,1,30,12,2010-04-06 13:37:00,2010-04-06 13:37:00,129.22,239,0,1.0,1,0.0,0
13073.0,418.08,2,261,25,2010-10-24 14:06:00,2010-09-28 09:27:00,209.04,38,26,0.07692307692307693,1,0.0,0
13074.0,1378.74,4,826,26,2010-07-16 16:53:00,2009-12-16 11:46:00,344.685,138,212,0.018867924528301886,1,0.0,0
13076.0,135.4,1,44,9,2010-09-08 10:27:00,2010-09-08 10:27:00,135.4,84,0,1.0,1,0.0,0
13077.0,2012.63,7,1606,143,2010-11-23 15:07:00,2009-12-11 11:17:00,287.5185714285714,8,347,0.020172910662824207,1,728.02,0
13078.0,16390.12,31,6402,108,2010-11-30 13:18:00,2009-12-01 09:06:00,528.7135483870967,1,364,0.08516483516483517,1,12627.94,1
13079.0,199.08,1,96,11,2010-10-18 14:15:00,2010-10-18 14:15:00,199.08,44,0,1.0,1,220.10000000000002,0
13080.0,222.65,3,73,11,2010-11-03 14:34:00,2010-04-09 13:07:00,74.21666666666667,28,208,0.014423076923076924,1,58.08,0
13081.0,28500.99,17,21009,506,2010-11-16 16:01:00,2009-12-08 13:58:00,1676.528823529412,15,343,0.04956268221574344,1,28337.38,1
13082.0,3722.12,12,4142,48,2010-10-11 14:19:00,2009-12-22 15:37:00,310.1766666666667,51,292,0.0410958904109589,1,3613.63,1
13083.0,91.67999999999999,1,120,4,2010-10-10 13:38:00,2010-10-10 13:38:00,91.67999999999999,52,0,1.0,1,303.75,0
13084.0,122.39999999999999,1,144,2,2010-08-05 08:49:00,2010-08-05 08:49:00,122.39999999999999,118,0,1.0,1,0.0,0
13085.0,2017.2,6,728,33,2010-01-29 11:42:00,2009-12-01 07:45:00,336.2,306,59,0.1016949152542373,1,416.08,0
13086.0,439.33000000000004,1,155,47,2010-11-22 10:28:00,2010-11-22 10:28:00,439.33000000000004,9,0,1.0,1,0.0,0
13087.0,313.64,1,86,15,2009-12-13 15:16:00,2009-12-13 15:16:00,313.64,353,0,1.0,1,0.0,0
13088.0,236.11,1,76,19,2010-10-18 15:35:00,2010-10-18 15:35:00,236.11,44,0,1.0,1,0.0,0
13089.0,54654.83,106,27907,466,2010-11-25 12:36:00,2009-12-02 15:44:00,515.6116037735849,6,357,0.2969187675070028,1,58762.08,1
13090.0,4180.92,10,984,91,2010-11-30 12:48:00,2010-08-02 13:58:00,418.092,1,119,0.08403361344537816,1,8895.82,1
13091.0,762.98,1,872,23,2009-12-10 12:44:00,2009-12-10 12:44:00,762.98,356,0,1.0,1,345.82,0
13092.0,1662.45,7,385,43,2010-10-21 13:02:00,2010-02-10 08:44:00,237.49285714285716,41,253,0.02766798418972332,1,477.83,0
13093.0,46311.78,47,22010,172,2010-11-30 19:27:00,2009-12-04 10:32:00,985.3570212765957,1,361,0.13019390581717452,1,7832.47,1
13094.0,282.12,1,180,5,2010-11-15 14:15:00,2010-11-15 14:15:00,282.12,16,0,1.0,1,1927.3200000000002,1
13096.0,419.7000000000001,1,6,1,2010-11-10 14:08:00,2010-11-10 14:08:00,419.7000000000001,21,0,1.0,1,0.0,0
13097.0,7012.14,17,2984,277,2010-11-16 09:50:00,2009-12-01 13:31:00,412.4788235294118,15,349,0.04871060171919771,1,6003.22,1
13101.0,594.21,3,365,41,2010-07-29 14:45:00,2010-01-27 15:49:00,198.07000000000002,125,182,0.016483516483516484,1,101.19,0
13102.0,4956.01,13,2162,114,2010-11-25 14:44:00,2010-05-06 13:12:00,381.2315384615385,6,203,0.06403940886699508,1,6424.09,1
13103.0,465.70000000000005,2,344,21,2010-09-28 11:48:00,2010-05-11 14:41:00,232.85000000000002,64,139,0.014388489208633094,1,243.94,0
13104.0,610.62,3,330,5,2010-10-20 14:38:00,2010-02-24 15:06:00,203.54,42,237,0.012658227848101266,1,1098.48,0
13105.0,72.0,1,100,1,2010-09-29 13:41:00,2010-09-29 13:41:00,72.0,63,0,1.0,1,0.0,0
13106.0,526.96,1,213,15,2010-10-22 13:10:00,2010-10-22 13:10:00,526.96,40,0,1.0,1,76.5,0
13107.0,3721.45,5,3023,102,2010-10-22 10:35:00,2010-02-04 10:50:00,744.29,40,259,0.019305019305019305,1,1531.6200000000001,1
13108.0,398.4,1,447,25,2010-09-30 17:09:00,2010-09-30 17:09:00,398.4,62,0,1.0,1,350.06,0
13109.0,347.49,1,237,23,2010-06-06 12:59:00,2010-06-06 12:59:00,347.49,178,0,1.0,1,786.54,0
13110.0,1468.8,5,375,77,2010-09-28 15:23:00,2009-12-01 14:14:00,293.76,64,301,0.016611295681063124,1,1488.67,1
13111.0,321.88000000000005,1,180,12,2009-12-21 09:00:00,2009-12-21 09:00:00,321.88000000000005,345,0,1.0,1,0.0,0
13112.0,20.599999999999998,1,11,2,2010-06-16 17:03:00,2010-06-16 17:03:00,20.599999999999998,168,0,1.0,1,0.0,0
13113.0,5984.11,13,1390,106,2010-11-29 12:02:00,2010-03-28 16:13:00,460.31615384615384,2,245,0.053061224489795916,1,12245.960000000001,1
13114.0,234.38,1,74,16,2009-12-09 09:56:00,2009-12-09 09:56:00,234.38,357,0,1.0,1,0.0,0
13115.0,3199.92,6,2367,136,2010-11-25 18:49:00,2010-04-19 13:29:00,533.32,6,220,0.02727272727272727,1,2294.78,1
13117.0,1270.75,10,907,68,2010-11-18 11:49:00,2010-03-26 13:50:00,127.075,13,236,0.0423728813559322,1,984.91,0
13118.0,1217.6,4,424,57,2010-11-28 13:53:00,2010-09-26 15:46:00,304.4,3,62,0.06451612903225806,1,1197.81,0
13119.0,134.9,1,110,11,2010-02-09 08:38:00,2010-02-09 08:38:00,134.9,295,0,1.0,1,0.0,0
13123.0,506.75,2,268,36,2010-08-24 10:18:00,2010-06-28 12:43:00,253.375,99,56,0.03571428571428571,1,0.0,0
13124.0,885.33,1,619,56,2010-11-19 15:50:00,2010-11-19 15:50:00,885.33,12,0,1.0,1,3756.33,1
13125.0,148.62,1,53,20,2010-07-04 11:58:00,2010-07-04 11:58:00,148.62,150,0,1.0,1,0.0,0
13126.0,1675.17,5,1146,74,2010-10-28 14:39:00,2010-03-02 12:24:00,335.034,34,240,0.020833333333333332,1,2099.64,1
13128.0,263.5,1,31,1,2010-03-18 15:08:00,2010-03-18 15:08:00,263.5,258,0,1.0,1,0.0,0
13129.0,233.25,2,296,10,2010-09-13 13:47:00,2010-06-28 11:54:00,116.625,79,77,0.025974025974025976,1,0.0,0
13131.0,2240.4700000000003,4,1076,94,2010-10-17 15:13:00,2010-02-09 09:47:00,560.1175000000001,45,250,0.016,1,1073.3,0
13133.0,90.65,1,23,5,2010-09-06 15:30:00,2010-09-06 15:30:00,90.65,86,0,1.0,1,109.8,0
13134.0,681.65,2,305,21,2010-11-02 13:58:00,2010-10-19 13:21:00,340.825,29,14,0.14285714285714285,1,1793.58,1
13135.0,275.45,1,123,17,2010-08-05 17:28:00,2010-08-05 17:28:00,275.45,118,0,1.0,1,3096.0,1
13136.0,3666.9500000000003,8,1781,140,2010-11-29 12:43:00,2009-12-08 18:30:00,458.36875000000003,2,355,0.022535211267605635,1,2607.61,1
13137.0,3983.65,8,2034,406,2010-11-18 13:27:00,2010-07-25 15:40:00,497.95625,13,115,0.06956521739130435,1,3603.29,1
13138.0,311.62,1,120,22,2010-11-08 11:45:00,2010-11-08 11:45:00,311.62,23,0,1.0,1,962.39,0
13139.0,3138.04,1,2189,95,2010-09-28 09:12:00,2010-09-28 09:12:00,3138.04,64,0,1.0,1,5064.9400000000005,1
13140.0,632.45,2,387,57,2010-10-15 15:13:00,2010-08-05 19:05:00,316.225,47,70,0.02857142857142857,1,422.47,0
13141.0,5267.33,12,3611,231,2010-11-19 10:51:00,2009-12-09 13:34:00,438.94416666666666,12,344,0.03488372093023256,1,2388.75,1
13143.0,405.1,1,198,23,2010-05-04 12:22:00,2010-05-04 12:22:00,405.1,211,0,1.0,1,0.0,0
13144.0,24.4,1,8,3,2010-10-04 14:14:00,2010-10-04 14:14:00,24.4,58,0,1.0,1,110.95,0
13145.0,510.0,3,120,1,2010-10-15 14:08:00,2010-04-19 11:11:00,170.0,47,179,0.01675977653631285,1,618.52,0
13148.0,4805.06,14,2516,296,2010-11-15 17:43:00,2009-12-07 15:26:00,343.21857142857147,16,343,0.04081632653061224,1,3683.26,1
13150.0,449.96999999999997,3,171,7,2010-08-12 12:59:00,2010-03-19 09:03:00,149.98999999999998,111,146,0.02054794520547945,1,0.0,0
13151.0,1196.8400000000001,2,425,70,2010-03-24 09:31:00,2010-03-22 10:26:00,598.4200000000001,252,1,2.0,1,1257.8700000000001,0
13152.0,2146.38,7,977,114,2010-10-18 13:44:00,2010-01-14 10:01:00,306.6257142857143,44,277,0.02527075812274368,1,0.0,0
13154.0,1624.84,3,976,78,2010-11-05 16:00:00,2009-12-04 08:46:00,541.6133333333333,26,336,0.008928571428571428,1,0.0,0
13155.0,398.72,2,244,23,2010-10-22 14:49:00,2010-08-05 09:30:00,199.36,40,78,0.02564102564102564,1,971.76,0
13156.0,1586.54,3,914,94,2010-11-19 13:09:00,2010-02-01 13:45:00,528.8466666666667,12,290,0.010344827586206896,1,0.0,0
13157.0,3946.14,5,3323,121,2010-10-26 14:42:00,2010-03-08 11:59:00,789.228,36,232,0.021551724137931036,1,1741.22,1
13158.0,307.12,1,208,21,2010-11-16 17:12:00,2010-11-16 17:12:00,307.12,15,0,1.0,1,1201.06,0
13161.0,359.38,1,76,25,2010-07-27 12:44:00,2010-07-27 12:44:00,359.38,127,0,1.0,1,112.75,0
13162.0,7587.2,12,4042,124,2010-11-24 15:35:00,2009-12-04 13:59:00,632.2666666666667,7,355,0.03380281690140845,1,1688.29,1
13163.0,17.65,1,3,2,2010-04-08 16:21:00,2010-04-08 16:21:00,17.65,237,0,1.0,1,0.0,0
13164.0,372.2,2,120,7,2010-05-19 13:52:00,2010-02-10 11:52:00,186.1,196,98,0.02040816326530612,1,0.0,0
13165.0,429.68,1,360,7,2010-10-22 17:04:00,2010-10-22 17:04:00,429.68,40,0,1.0,1,1021.48,0
13166.0,458.73,1,306,27,2010-10-21 14:29:00,2010-10-21 14:29:00,458.73,41,0,1.0,1,417.2,0
13167.0,333.82,1,222,16,2010-11-14 12:58:00,2010-11-14 12:58:00,333.82,17,0,1.0,1,779.33,0
13168.0,541.14,1,228,45,2010-06-15 15:00:00,2010-06-15 15:00:00,541.14,169,0,1.0,1,1299.59,1
13169.0,127.2,1,24,5,2010-05-26 15:58:00,2010-05-26 15:58:00,127.2,189,0,1.0,1,712.88,0
13172.0,69.6,1,48,1,2010-11-04 15:10:00,2010-11-04 15:10:00,69.6,27,0,1.0,1,0.0,0
13173.0,2036.17,9,1202,131,2010-09-17 14:50:00,2009-12-10 12:52:00,226.2411111111111,75,281,0.03202846975088968,1,353.65000000000003,0
13174.0,5233.64,8,2439,462,2010-11-01 15:14:00,2009-12-04 15:40:00,654.205,30,331,0.02416918429003021,1,2738.82,1
13175.0,831.45,2,423,40,2010-05-06 13:13:00,2009-12-04 12:11:00,415.725,209,153,0.013071895424836602,1,0.0,0
13177.0,229.75,1,89,13,2010-10-05 10:35:00,2010-10-05 10:35:00,229.75,57,0,1.0,1,282.45,0
13178.0,8333.72,10,5208,160,2010-11-07 15:50:00,2009-12-16 14:00:00,833.372,24,326,0.03067484662576687,1,5725.47,1
13179.0,572.3100000000001,1,368,34,2010-03-31 11:40:00,2010-03-31 11:40:00,572.3100000000001,245,0,1.0,1,0.0,0
13180.0,86.10000000000001,1,42,4,2010-04-11 13:37:00,2010-04-11 13:37:00,86.10000000000001,234,0,1.0,1,0.0,0
13181.0,359.69,1,171,19,2010-11-23 15:05:00,2010-11-23 15:05:00,359.69,8,0,1.0,1,0.0,0
13183.0,3078.4,6,1819,31,2010-11-10 13:49:00,2010-03-14 12:32:00,513.0666666666667,21,241,0.024896265560165973,1,3957.78,1
13187.0,92.34,3,188,13,2010-03-25 19:06:00,2010-03-25 17:18:00,30.78,251,0,3.0,1,236.02,0
13190.0,570.66,3,308,16,2010-06-13 15:47:00,2009-12-07 12:13:00,190.22,171,188,0.015957446808510637,1,0.0,0
13191.0,159.21,1,111,57,2010-02-19 17:02:00,2010-02-19 17:02:00,159.21,285,0,1.0,1,0.0,0
13192.0,1646.64,4,1034,92,2010-06-22 09:52:00,2010-01-22 08:37:00,411.66,162,151,0.026490066225165563,1,911.94,0
13194.0,412.08,1,300,7,2010-10-14 11:54:00,2010-10-14 11:54:00,412.08,48,0,1.0,1,60.7,0
13195.0,136.73,1,70,43,2010-10-21 13:07:00,2010-10-21 13:07:00,136.73,41,0,1.0,1,0.0,0
13196.0,1271.06,3,782,74,2010-09-22 14:01:00,2010-04-01 12:54:00,423.68666666666667,70,174,0.017241379310344827,1,1797.78,1
13197.0,373.01000000000005,1,204,19,2010-04-09 09:14:00,2010-04-09 09:14:00,373.01000000000005,236,0,1.0,1,0.0,0
13198.0,1572.99,2,801,81,2010-11-17 14:25:00,2010-10-01 13:27:00,786.495,14,47,0.0425531914893617,1,3401.2400000000002,1
13199.0,6147.09,29,5391,26,2010-11-30 14:45:00,2009-12-05 10:11:00,211.96862068965518,1,360,0.08055555555555556,1,9802.12,1
13201.0,1233.06,4,1036,65,2010-07-25 14:30:00,2010-03-07 11:01:00,308.265,129,140,0.02857142857142857,1,0.0,0
13202.0,1580.3,7,572,55,2010-11-10 16:24:00,2009-12-09 10:48:00,225.75714285714284,21,336,0.020833333333333332,1,0.0,0
13203.0,1778.79,6,1613,106,2010-11-18 10:08:00,2009-12-17 14:15:00,296.465,13,335,0.01791044776119403,1,869.46,0
13204.0,966.6600000000001,1,428,57,2009-12-08 14:56:00,2009-12-08 14:56:00,966.6600000000001,358,0,1.0,1,0.0,0
13205.0,2803.2,1,256,1,2010-09-22 16:26:00,2010-09-22 16:26:00,2803.2,70,0,1.0,1,0.0,0
13206.0,8308.19,13,7086,393,2010-11-04 16:50:00,2009-12-07 13:48:00,639.0915384615384,27,332,0.0391566265060241,1,0.0,0
13207.0,285.6,2,48,4,2010-09-14 15:44:00,2010-04-06 16:37:00,142.8,78,160,0.0125,1,250.26000000000002,0
13208.0,758.65,3,540,92,2010-09-16 19:43:00,2009-12-03 13:25:00,252.88333333333333,75,287,0.010452961672473868,1,1193.17,0
13209.0,2617.9,5,1528,42,2010-07-13 15:50:00,2010-01-24 14:30:00,523.58,141,170,0.029411764705882353,1,5891.61,1
13211.0,1523.35,7,1011,75,2010-11-23 15:17:00,2009-12-06 15:24:00,217.62142857142857,8,351,0.019943019943019943,1,1095.42,0
13213.0,2330.94,6,1602,109,2010-11-21 14:34:00,2010-05-20 14:50:00,388.49,10,184,0.03260869565217391,1,1520.58,1
13214.0,3264.23,7,2966,207,2010-10-18 10:00:00,2010-03-03 14:10:00,466.31857142857143,44,228,0.03070175438596491,1,0.0,0
13215.0,81.6,1,96,1,2010-11-02 18:26:00,2010-11-02 18:26:00,81.6,29,0,1.0,1,0.0,0
13217.0,132.5,1,250,1,2010-02-22 12:49:00,2010-02-22 12:49:00,132.5,282,0,1.0,1,533.98,0
13219.0,76.23,1,11,11,2010-03-31 14:18:00,2010-03-31 14:18:00,76.23,245,0,1.0,1,0.0,0
13220.0,516.8,1,200,32,2010-05-13 10:35:00,2010-05-13 10:35:00,516.8,202,0,1.0,1,819.2900000000001,0
13222.0,88.5,1,30,1,2010-05-11 13:54:00,2010-05-11 13:54:00,88.5,204,0,1.0,1,0.0,0
13223.0,805.92,4,480,4,2010-10-12 11:07:00,2010-02-12 13:27:00,201.48,50,241,0.016597510373443983,1,163.2,0
13225.0,9796.23,9,3985,50,2010-10-14 16:26:00,2009-12-17 09:09:00,1088.47,48,301,0.029900332225913623,1,6463.84,1
13226.0,204.25,1,99,12,2010-11-11 13:46:00,2010-11-11 13:46:00,204.25,20,0,1.0,1,108.21000000000001,0
13230.0,3353.88,16,1857,402,2010-11-28 14:28:00,2010-03-18 20:02:00,209.6175,3,254,0.06299212598425197,1,2755.63,1
13233.0,571.34,2,600,33,2010-10-15 11:49:00,2010-01-14 14:10:00,285.67,47,273,0.007326007326007326,1,605.12,0
13234.0,346.5,2,159,56,2010-02-05 11:41:00,2009-12-07 12:32:00,173.25,299,59,0.03389830508474576,1,0.0,0
13237.0,643.0,1,128,24,2010-11-17 10:07:00,2010-11-17 10:07:00,643.0,14,0,1.0,1,0.0,0
13238.0,305.9,2,144,11,2010-10-05 12:38:00,2010-04-28 15:02:00,152.95,57,159,0.012578616352201259,1,700.73,0
13239.0,1265.1299999999999,4,824,69,2010-09-28 17:21:00,2010-07-25 13:34:00,316.28249999999997,64,65,0.06153846153846154,1,329.56,0
13240.0,806.69,4,410,116,2010-10-24 13:57:00,2010-02-25 13:17:00,201.6725,38,241,0.016597510373443983,1,648.7,0
13241.0,112.53,1,46,40,2010-10-24 11:17:00,2010-10-24 11:17:00,112.53,38,0,1.0,1,0.0,0
13242.0,429.0,4,220,12,2010-09-14 13:53:00,2010-02-09 13:12:00,107.25,78,217,0.018433179723502304,1,270.40000000000003,0
13243.0,635.26,4,322,121,2010-09-16 13:18:00,2010-03-18 13:10:00,158.815,76,182,0.02197802197802198,1,585.12,0
13245.0,558.72,1,246,29,2010-10-03 14:03:00,2010-10-03 14:03:00,558.72,59,0,1.0,1,430.5,0
13246.0,1390.23,5,1209,166,2010-11-11 12:54:00,2010-07-02 13:36:00,278.046,20,131,0.03816793893129771,1,1961.52,1
13249.0,897.52,6,700,2,2010-11-03 14:05:00,2010-01-24 12:11:00,149.58666666666667,28,283,0.02120141342756184,1,711.41,0
13250.0,253.09,2,107,17,2010-09-05 11:33:00,2010-07-25 14:01:00,126.545,87,41,0.04878048780487805,1,0.0,0
13251.0,252.68,1,215,25,2010-11-02 13:20:00,2010-11-02 13:20:00,252.68,29,0,1.0,1,0.0,0
13252.0,399.3,2,134,19,2010-11-10 16:00:00,2010-03-24 10:30:00,199.65,21,231,0.008658008658008658,1,0.0,0
13253.0,1920.71,2,1443,39,2010-10-05 13:33:00,2010-01-05 12:13:00,960.355,57,273,0.007326007326007326,1,1030.4,0
13254.0,51.41,1,43,4,2010-11-28 15:42:00,2010-11-28 15:42:00,51.41,3,0,1.0,1,0.0,0
13255.0,279.25,1,230,13,2010-07-15 13:20:00,2010-07-15 13:20:00,279.25,139,0,1.0,1,399.51,0
13257.0,149.75,1,33,7,2010-09-29 14:58:00,2010-09-29 14:58:00,149.75,63,0,1.0,1,0.0,0
13258.0,336.59999999999997,2,164,5,2010-11-25 10:54:00,2010-11-04 12:45:00,168.29999999999998,6,20,0.1,1,672.83,0
13259.0,1115.61,8,376,180,2010-11-07 10:56:00,2010-01-10 10:26:00,139.45125,24,301,0.026578073089700997,1,283.18,0
13262.0,373.16,2,122,38,2010-11-15 12:20:00,2010-04-18 12:14:00,186.58,16,211,0.009478672985781991,1,200.29,0
13263.0,1239.27,4,604,137,2010-11-11 15:49:00,2010-10-22 17:07:00,309.8175,20,19,0.21052631578947367,1,7411.71,1
13264.0,722.5600000000001,1,375,38,2010-09-23 12:42:00,2010-09-23 12:42:00,722.5600000000001,69,0,1.0,1,0.0,0
13266.0,2300.78,7,2409,83,2010-10-22 12:13:00,2009-12-17 10:52:00,328.6828571428572,40,309,0.022653721682847898,1,3834.2599999999998,1
13267.0,4908.32,17,1990,100,2010-11-30 15:02:00,2009-12-07 16:56:00,288.7247058823529,1,357,0.047619047619047616,1,4521.49,1
13269.0,3194.04,13,2853,103,2010-11-23 10:06:00,2009-12-02 11:47:00,245.69538461538463,8,355,0.036619718309859155,1,5343.28,1
13274.0,360.85,1,199,19,2010-10-26 13:48:00,2010-10-26 13:48:00,360.85,36,0,1.0,1,0.0,0
13275.0,238.86,2,138,48,2010-11-21 12:09:00,2010-03-17 14:05:00,119.43,10,248,0.008064516129032258,1,0.0,0
13276.0,1300.98,3,679,184,2010-11-07 14:17:00,2010-03-07 14:05:00,433.66,24,245,0.012244897959183673,1,590.9300000000001,0
13277.0,264.9,3,206,7,2010-11-24 15:34:00,2010-06-18 08:45:00,88.3,7,159,0.018867924528301886,1,258.4,0
13278.0,882.62,3,796,47,2010-11-05 11:42:00,2010-04-08 11:59:00,294.20666666666665,26,210,0.014285714285714285,1,542.73,0
13280.0,1494.8700000000001,4,971,113,2010-11-25 14:51:00,2010-03-05 09:07:00,373.71750000000003,6,265,0.01509433962264151,1,798.46,0
13281.0,350.85,1,201,22,2010-09-26 16:03:00,2010-09-26 16:03:00,350.85,66,0,1.0,1,0.0,0
13282.0,181.05,1,103,14,2010-10-29 14:11:00,2010-10-29 14:11:00,181.05,33,0,1.0,1,1132.14,0
13283.0,279.7,2,114,13,2010-05-21 13:56:00,2010-03-09 14:36:00,139.85,194,72,0.027777777777777776,1,93.66,0
13285.0,655.47,2,406,42,2010-04-18 13:38:00,2010-03-25 14:26:00,327.735,227,23,0.08695652173913043,1,2709.12,1
13286.0,734.91,1,274,46,2010-04-18 15:35:00,2010-04-18 15:35:00,734.91,227,0,1.0,1,0.0,0
13287.0,781.59,3,429,46,2010-04-15 15:26:00,2010-01-04 10:43:00,260.53000000000003,230,101,0.0297029702970297,1,0.0,0
13288.0,927.61,5,379,7,2010-09-22 16:32:00,2010-02-11 14:59:00,185.522,70,223,0.02242152466367713,1,0.0,0
13289.0,307.95,1,119,16,2009-12-16 11:53:00,2009-12-16 11:53:00,307.95,350,0,1.0,1,0.0,0
13291.0,2909.68,10,1367,134,2010-10-21 19:01:00,2010-02-11 18:36:00,290.96799999999996,41,252,0.03968253968253968,1,361.11,0
13292.0,415.57,3,183,28,2010-10-20 13:15:00,2010-07-01 14:36:00,138.52333333333334,42,110,0.02727272727272727,1,578.94,0
13293.0,1192.94,6,555,51,2010-11-12 13:28:00,2010-02-09 12:05:00,198.82333333333335,19,276,0.021739130434782608,1,0.0,0
13294.0,815.79,1,543,48,2010-03-03 12:54:00,2010-03-03 12:54:00,815.79,273,0,1.0,1,873.74,0
13295.0,900.77,3,651,49,2010-11-28 14:14:00,2010-05-12 09:13:00,300.25666666666666,3,200,0.015,1,201.20000000000002,0
13296.0,705.11,5,575,46,2010-10-12 12:41:00,2010-05-11 14:29:00,141.022,50,153,0.032679738562091505,1,87.4,0
13297.0,2278.77,3,1731,58,2010-11-19 13:49:00,2010-06-15 12:35:00,759.59,12,157,0.01910828025477707,1,2089.85,1
13299.0,1076.2,2,386,56,2010-10-12 10:53:00,2010-06-29 11:30:00,538.1,50,104,0.019230769230769232,1,142.5,0
13300.0,913.62,2,252,29,2010-11-16 17:10:00,2010-05-14 15:56:00,456.81,15,186,0.010752688172043012,1,371.89,0
13302.0,95.45,1,7,2,2010-07-01 12:32:00,2010-07-01 12:32:00,95.45,153,0,1.0,1,63.75,0
13303.0,61.72,1,26,4,2010-11-04 14:55:00,2010-11-04 14:55:00,61.72,27,0,1.0,1,0.0,0
13304.0,917.57,3,478,48,2010-09-10 10:09:00,2010-02-08 12:42:00,305.8566666666667,82,213,0.014084507042253521,1,300.42,0
13305.0,1615.55,6,996,105,2010-11-18 17:10:00,2010-03-10 14:49:00,269.2583333333333,13,253,0.023715415019762844,1,2000.86,1
13306.0,53.65,1,74,4,2010-10-05 14:55:00,2010-10-05 14:55:00,53.65,57,0,1.0,1,0.0,0
13307.0,258.34,2,136,14,2010-08-09 12:56:00,2010-04-26 13:28:00,129.17,114,104,0.019230769230769232,1,15.0,0
13308.0,284.86,1,230,17,2010-04-22 09:22:00,2010-04-22 09:22:00,284.86,223,0,1.0,1,1385.51,1
13309.0,249.58,1,370,23,2010-11-12 12:10:00,2010-11-12 12:10:00,249.58,19,0,1.0,1,1456.79,1
13310.0,409.17,2,229,23,2010-11-24 09:14:00,2010-11-02 17:03:00,204.585,7,21,0.09523809523809523,1,1132.03,0
13312.0,124.75,1,41,5,2010-09-14 14:36:00,2010-09-14 14:36:00,124.75,78,0,1.0,1,0.0,0
13313.0,1890.0,7,1457,78,2010-08-17 11:45:00,2009-12-02 16:18:00,270.0,106,257,0.027237354085603113,1,1555.3200000000002,1
13315.0,310.26000000000005,1,232,22,2010-01-19 15:34:00,2010-01-19 15:34:00,310.26000000000005,316,0,1.0,1,0.0,0
13316.0,7207.89,6,14423,69,2010-11-12 10:14:00,2010-03-10 10:01:00,1201.315,19,247,0.024291497975708502,1,5732.93,1
13317.0,4212.41,13,2113,150,2010-11-19 10:06:00,2009-12-13 11:11:00,324.03153846153845,12,340,0.03823529411764706,1,2273.68,1
13319.0,10477.67,32,4250,213,2010-11-25 12:47:00,2009-12-06 14:46:00,327.4271875,6,353,0.0906515580736544,1,10845.550000000001,1
13320.0,679.4,2,423,37,2010-10-01 14:59:00,2010-08-18 10:29:00,339.7,61,44,0.045454545454545456,1,1532.2,1
13324.0,3391.52,8,3243,23,2010-10-07 12:44:00,2010-05-25 10:23:00,423.94,55,135,0.05925925925925926,1,7121.95,1
13326.0,281.76,1,140,13,2010-10-03 16:00:00,2010-10-03 16:00:00,281.76,59,0,1.0,1,0.0,0
13327.0,5506.71,12,2603,127,2010-11-09 13:36:00,2009-12-18 15:35:00,458.8925,22,325,0.036923076923076927,1,3627.77,1
13329.0,4019.77,6,2848,60,2010-11-18 19:06:00,2009-12-04 15:41:00,669.9616666666667,13,349,0.017191977077363897,1,789.0,0
13330.0,1655.17,3,1200,53,2010-09-10 14:12:00,2010-02-23 10:12:00,551.7233333333334,82,199,0.01507537688442211,1,1140.93,0
13331.0,262.4,1,54,12,2010-11-03 08:04:00,2010-11-03 08:04:00,262.4,28,0,1.0,1,0.0,0
13333.0,1015.74,3,685,54,2010-10-24 13:24:00,2010-02-19 09:26:00,338.58,38,247,0.012145748987854251,1,0.0,0
13334.0,2699.48,2,1434,177,2010-06-21 13:52:00,2010-02-25 12:21:00,1349.74,163,116,0.017241379310344827,1,3502.32,1
13337.0,1575.26,1,980,87,2010-06-11 13:27:00,2010-06-11 13:27:00,1575.26,173,0,1.0,1,0.0,0
13338.0,1908.6,3,894,100,2010-06-16 10:23:00,2010-01-05 12:25:00,636.1999999999999,168,161,0.018633540372670808,1,437.02,0
13340.0,11364.08,5,3866,77,2010-10-18 10:42:00,2010-02-22 14:54:00,2272.816,44,237,0.02109704641350211,1,10736.48,1
13346.0,299.4,6,180,4,2010-09-03 11:41:00,2010-04-22 12:34:00,49.9,89,133,0.045112781954887216,1,0.0,0
13357.0,3185.61,4,1766,239,2010-08-02 14:02:00,2010-03-22 14:30:00,796.4025,121,132,0.030303030303030304,1,609.4,0
13359.0,553.75,1,219,32,2010-11-01 15:05:00,2010-11-01 15:05:00,553.75,30,0,1.0,1,389.56,0
13360.0,1503.65,4,941,57,2010-10-04 12:37:00,2010-01-08 11:16:00,375.9125,58,269,0.01486988847583643,1,0.0,0
13361.0,1450.5,2,324,29,2010-08-24 14:56:00,2010-04-01 07:49:00,725.25,99,145,0.013793103448275862,1,0.0,0
13362.0,2303.33,3,1099,106,2010-11-26 16:38:00,2010-10-10 15:27:00,767.7766666666666,5,47,0.06382978723404255,1,3090.7400000000002,1
13363.0,731.36,1,436,42,2010-10-26 11:07:00,2010-10-26 11:07:00,731.36,36,0,1.0,1,892.5,0
13367.0,460.2,1,252,19,2010-10-04 10:00:00,2010-10-04 10:00:00,460.2,58,0,1.0,1,0.0,0
13368.0,448.1,2,278,21,2010-10-21 09:43:00,2010-10-12 10:43:00,224.05,41,8,0.25,1,573.4,0
13371.0,2297.66,2,1019,75,2010-07-22 17:33:00,2010-03-17 15:29:00,1148.83,132,127,0.015748031496062992,1,0.0,0
13373.0,4274.94,3,2612,184,2010-10-20 10:09:00,2009-12-06 12:34:00,1424.9799999999998,42,317,0.00946372239747634,1,3312.25,1
13374.0,372.8,2,134,16,2010-10-21 10:04:00,2010-09-16 10:29:00,186.4,41,34,0.058823529411764705,1,0.0,0
13375.0,1013.58,1,682,34,2010-09-21 08:12:00,2010-09-21 08:12:00,1013.58,71,0,1.0,1,778.65,0
13377.0,1452.88,2,746,70,2010-11-08 12:20:00,2010-03-04 10:06:00,726.44,23,249,0.008032128514056224,1,0.0,0
13380.0,62.4,1,48,3,2010-10-03 10:18:00,2010-10-03 10:18:00,62.4,59,0,1.0,1,0.0,0
13381.0,4585.06,6,3096,112,2010-11-25 13:30:00,2009-12-01 15:19:00,764.1766666666667,6,358,0.01675977653631285,1,3639.31,1
13382.0,1164.5900000000001,4,732,61,2010-10-07 09:28:00,2009-12-08 09:56:00,291.14750000000004,55,302,0.013245033112582781,1,222.99,0
13383.0,305.28000000000003,1,288,1,2010-06-14 11:45:00,2010-06-14 11:45:00,305.28000000000003,170,0,1.0,1,0.0,0
13384.0,2528.9,4,1720,81,2010-11-14 13:13:00,2010-07-27 12:22:00,632.225,17,110,0.03636363636363636,1,4151.93,1
13386.0,835.46,2,514,24,2010-10-21 12:52:00,2010-09-28 13:09:00,417.73,41,22,0.09090909090909091,1,0.0,0
13387.0,181.84,1,117,70,2010-10-18 14:07:00,2010-10-18 14:07:00,181.84,44,0,1.0,1,0.0,0
13388.0,508.55,1,419,34,2010-04-15 10:18:00,2010-04-15 10:18:00,508.55,230,0,1.0,1,677.1,0
13392.0,91.14,1,82,8,2010-01-31 13:34:00,2010-01-31 13:34:00,91.14,304,0,1.0,1,0.0,0
13393.0,1131.45,4,662,53,2010-05-05 09:34:00,2009-12-07 18:12:00,282.8625,210,148,0.02702702702702703,1,0.0,0
13394.0,4101.68,11,2962,167,2010-11-25 18:08:00,2009-12-01 11:58:00,372.88000000000005,6,359,0.03064066852367688,1,2520.02,1
13395.0,872.51,2,1324,56,2010-11-04 14:00:00,2010-10-14 13:00:00,436.255,27,21,0.09523809523809523,1,307.72,0
13397.0,1647.74,5,906,47,2010-09-28 13:10:00,2010-01-20 09:50:00,329.548,64,251,0.0199203187250996,1,1544.13,1
13398.0,213.0,1,60,13,2010-09-17 09:34:00,2010-09-17 09:34:00,213.0,75,0,1.0,1,457.34000000000003,0
13399.0,275.4,3,120,10,2010-09-01 13:59:00,2010-07-08 17:47:00,91.8,91,54,0.05555555555555555,1,0.0,0
13400.0,310.83,1,284,23,2010-05-06 09:00:00,2010-05-06 09:00:00,310.83,209,0,1.0,1,0.0,0
13402.0,605.62,2,438,34,2010-07-22 08:24:00,2010-05-24 10:56:00,302.81,132,58,0.034482758620689655,1,621.23,0
13403.0,154.5,2,70,6,2010-11-17 11:38:00,2009-12-16 13:23:00,77.25,14,335,0.005970149253731343,1,75.0,0
13405.0,641.36,3,690,14,2010-08-15 13:28:00,2009-12-15 14:13:00,213.78666666666666,108,242,0.012396694214876033,1,557.45,0
13406.0,568.92,2,292,7,2010-10-08 14:44:00,2010-03-18 07:29:00,284.46,54,204,0.00980392156862745,1,0.0,0
13407.0,2244.7,3,1690,85,2010-05-10 12:41:00,2010-02-16 11:13:00,748.2333333333332,205,83,0.03614457831325301,1,0.0,0
13408.0,22057.74,44,12441,167,2010-11-29 10:11:00,2009-12-04 09:31:00,501.3122727272728,2,360,0.12222222222222222,1,28117.04,1
13410.0,1198.9,4,726,18,2010-11-11 16:45:00,2009-12-08 13:43:00,299.725,20,338,0.011834319526627219,1,1003.06,0
13412.0,487.35,1,176,33,2010-03-29 16:28:00,2010-03-29 16:28:00,487.35,247,0,1.0,1,0.0,0
13413.0,429.44,6,455,38,2010-03-10 12:17:00,2010-01-21 17:43:00,71.57333333333334,266,47,0.1276595744680851,1,0.0,0
13414.0,1103.64,3,1128,27,2010-09-02 16:55:00,2010-04-15 17:00:00,367.88000000000005,90,139,0.02158273381294964,1,1390.5,1
13415.0,784.17,4,496,85,2010-08-24 11:38:00,2009-12-11 14:20:00,196.0425,99,255,0.01568627450980392,1,0.0,0
13416.0,228.3,1,66,7,2009-12-03 13:02:00,2009-12-03 13:02:00,228.3,363,0,1.0,1,712.5,0
13417.0,1028.66,4,370,35,2010-06-10 10:05:00,2010-02-08 12:39:00,257.165,174,121,0.03305785123966942,1,640.83,0
13418.0,5432.2300000000005,13,3436,156,2010-11-11 10:41:00,2009-12-11 12:51:00,417.86384615384617,20,334,0.038922155688622756,1,6127.43,1
13421.0,2225.04,6,1223,124,2010-10-29 17:17:00,2010-02-14 14:45:00,370.84,33,257,0.023346303501945526,1,1823.21,1
13423.0,217.03,1,141,12,2010-10-07 09:02:00,2010-10-07 09:02:00,217.03,55,0,1.0,1,0.0,0
13424.0,572.77,1,529,40,2010-09-16 10:49:00,2010-09-16 10:49:00,572.77,76,0,1.0,1,0.0,0
13425.0,1766.22,2,1235,86,2010-07-19 12:56:00,2010-05-09 14:35:00,883.11,135,70,0.02857142857142857,1,1624.21,1
13426.0,4526.06,12,2623,106,2010-11-22 11:22:00,2009-12-09 15:16:00,377.1716666666667,9,347,0.0345821325648415,1,3641.32,1
13427.0,423.93,3,335,18,2010-08-19 11:45:00,2009-12-17 13:44:00,141.31,104,244,0.012295081967213115,1,582.6,0
13428.0,276.76,2,205,66,2010-07-13 13:33:00,2010-07-13 13:20:00,138.38,141,0,2.0,1,201.78,0
13431.0,2047.14,6,898,74,2010-10-29 14:09:00,2010-02-18 11:53:00,341.19,33,253,0.023715415019762844,1,1269.1,1
13432.0,436.55,2,214,97,2010-05-17 13:18:00,2010-04-06 14:42:00,218.275,198,40,0.05,1,0.0,0
13433.0,658.32,4,190,22,2010-07-26 16:55:00,2010-01-12 08:59:00,164.58,128,195,0.020512820512820513,1,0.0,0
13434.0,1132.6200000000001,3,564,14,2010-11-19 15:09:00,2010-02-22 09:54:00,377.54,12,270,0.011111111111111112,1,534.24,0
13435.0,637.44,2,625,40,2010-11-28 13:51:00,2010-07-27 16:56:00,318.72,3,123,0.016260162601626018,1,3809.89,1
13438.0,46.5,1,10,1,2010-06-10 18:46:00,2010-06-10 18:46:00,46.5,174,0,1.0,1,0.0,0
13439.0,702.9,2,710,101,2010-11-16 15:24:00,2010-07-01 14:36:00,351.45,15,138,0.014492753623188406,1,283.71,0
13440.0,1295.25,7,573,49,2010-10-12 13:11:00,2010-09-14 10:34:00,185.03571428571428,50,28,0.25,1,0.0,0
13441.0,424.26,1,316,25,2010-10-04 10:38:00,2010-10-04 10:38:00,424.26,58,0,1.0,1,296.64,0
13442.0,419.87,3,115,33,2010-02-10 14:03:00,2009-12-01 14:59:00,139.95666666666668,294,70,0.04285714285714286,1,0.0,0
13443.0,1269.3700000000001,6,802,175,2010-09-17 12:31:00,2010-01-31 13:30:00,211.5616666666667,75,228,0.02631578947368421,1,0.0,0
13444.0,619.08,2,331,51,2010-11-30 13:02:00,2010-07-21 14:34:00,309.54,1,131,0.015267175572519083,1,0.0,0
13445.0,241.89999999999998,1,198,7,2010-03-23 15:34:00,2010-03-23 15:34:00,241.89999999999998,253,0,1.0,1,0.0,0
13446.0,3881.89,11,2403,113,2010-10-05 18:51:00,2010-02-14 11:52:00,352.8990909090909,57,233,0.04721030042918455,1,0.0,0
13448.0,4851.53,6,2546,247,2010-11-05 09:07:00,2009-12-06 12:14:00,808.5883333333333,26,333,0.018018018018018018,1,3534.69,1
13450.0,2076.32,7,2336,39,2010-11-30 13:20:00,2010-04-15 19:15:00,296.6171428571429,1,228,0.03070175438596491,1,2043.72,1
13451.0,4190.66,6,3098,362,2010-11-23 14:50:00,2010-03-21 16:13:00,698.4433333333333,8,246,0.024390243902439025,1,2898.2599999999998,1
13452.0,139.8,1,4,1,2010-08-24 09:53:00,2010-08-24 09:53:00,139.8,99,0,1.0,1,590.0,0
13453.0,424.71,1,207,23,2010-11-02 13:23:00,2010-11-02 13:23:00,424.71,29,0,1.0,1,356.98,0
13454.0,219.87,1,198,23,2010-03-08 14:40:00,2010-03-08 14:40:00,219.87,268,0,1.0,1,0.0,0
13455.0,1154.65,4,441,55,2010-09-12 15:15:00,2009-12-09 08:58:00,288.6625,80,277,0.01444043321299639,1,1058.34,0
13457.0,148.22,2,96,9,2010-01-20 08:48:00,2009-12-02 12:46:00,74.11,315,48,0.041666666666666664,1,0.0,0
13458.0,2312.7000000000003,2,1252,94,2010-11-25 15:02:00,2010-11-16 14:01:00,1156.3500000000001,6,9,0.2222222222222222,1,9646.57,1
13459.0,1160.41,2,986,57,2010-03-25 10:24:00,2010-01-26 13:35:00,580.205,251,57,0.03508771929824561,1,0.0,0
13461.0,2715.0,3,1962,25,2010-10-28 17:53:00,2010-04-21 16:01:00,905.0,34,190,0.015789473684210527,1,1445.0,1
13462.0,1002.35,4,635,55,2010-10-25 10:00:00,2009-12-14 09:48:00,250.5875,37,315,0.012698412698412698,1,151.5,0
13464.0,2422.96,5,1037,95,2010-11-10 12:24:00,2010-03-31 15:22:00,484.592,21,223,0.02242152466367713,1,674.68,0
13465.0,931.12,2,584,34,2010-09-19 15:13:00,2010-05-02 15:30:00,465.56,73,139,0.014388489208633094,1,0.0,0
13466.0,705.45,4,401,34,2010-10-27 12:50:00,2010-03-21 13:50:00,176.3625,35,219,0.0182648401826484,1,307.90000000000003,0
13468.0,7088.31,35,3028,200,2010-11-23 18:12:00,2009-12-03 13:32:00,202.52314285714286,8,355,0.09859154929577464,1,5704.97,1
13469.0,82.4,1,52,6,2010-02-24 15:03:00,2010-02-24 15:03:00,82.4,280,0,1.0,1,0.0,0
13472.0,592.24,2,310,24,2010-09-02 09:41:00,2010-06-02 09:48:00,296.12,90,91,0.02197802197802198,1,0.0,0
13473.0,2235.12,6,734,44,2010-05-14 10:47:00,2009-12-15 19:02:00,372.52,201,149,0.040268456375838924,1,422.64,0
13474.0,419.75,2,189,62,2010-09-22 09:21:00,2010-08-01 14:40:00,209.875,70,51,0.0392156862745098,1,226.84,0
13476.0,823.0,3,296,38,2010-10-29 08:24:00,2010-03-05 09:39:00,274.3333333333333,33,237,0.012658227848101266,1,1238.47,0
13477.0,1364.5900000000001,5,1070,65,2010-09-10 09:08:00,2010-01-25 11:52:00,272.918,82,227,0.022026431718061675,1,1454.58,1
13478.0,2215.78,5,1189,114,2010-08-27 13:23:00,2010-01-31 15:51:00,443.15600000000006,96,207,0.024154589371980676,1,0.0,0
13479.0,550.42,2,582,34,2010-09-13 13:29:00,2010-08-19 16:18:00,275.21,79,24,0.08333333333333333,1,300.95,0
13480.0,627.82,2,362,40,2010-10-19 11:53:00,2010-01-29 12:35:00,313.91,43,262,0.007633587786259542,1,0.0,0
13481.0,2026.28,6,913,87,2010-11-30 10:32:00,2009-12-04 12:37:00,337.7133333333333,1,360,0.016666666666666666,1,1804.56,1
13482.0,151.45,1,71,9,2010-03-22 10:31:00,2010-03-22 10:31:00,151.45,254,0,1.0,1,184.64000000000001,0
13484.0,476.92,2,180,31,2010-11-21 13:48:00,2010-03-10 11:46:00,238.46,10,256,0.0078125,1,313.8,0
13485.0,2560.98,10,1520,117,2010-11-28 11:04:00,2009-12-03 13:46:00,256.098,3,359,0.027855153203342618,1,454.24,0
13487.0,271.47,2,97,11,2010-07-22 10:41:00,2009-12-05 10:25:00,135.735,132,229,0.008733624454148471,1,575.4,0
13488.0,5237.65,10,2857,168,2010-11-05 14:40:00,2010-01-25 10:13:00,523.765,26,284,0.035211267605633804,1,8968.31,1
13490.0,154.25,1,25,8,2010-02-23 14:48:00,2010-02-23 14:48:00,154.25,281,0,1.0,1,0.0,0
13491.0,3251.84,17,1446,100,2010-11-15 14:22:00,2009-12-07 08:24:00,191.28470588235294,16,343,0.04956268221574344,1,1215.82,0
13495.0,2818.44,5,1636,49,2010-11-24 14:13:00,2009-12-07 12:12:00,563.688,7,352,0.014204545454545454,1,2044.8700000000001,1
13497.0,818.78,4,362,36,2010-07-15 12:24:00,2010-02-08 10:27:00,204.695,139,157,0.025477707006369428,1,348.05,0
13498.0,327.38,1,362,17,2009-12-09 15:26:00,2009-12-09 15:26:00,327.38,357,0,1.0,1,0.0,0
13500.0,299.53,1,229,20,2010-11-03 13:16:00,2010-11-03 13:16:00,299.53,28,0,1.0,1,1166.77,0
13501.0,1544.79,2,693,52,2010-08-10 13:01:00,2010-05-18 13:24:00,772.395,113,83,0.024096385542168676,0,1340.32,1
13502.0,488.5,2,226,14,2010-10-20 10:15:00,2010-06-09 10:52:00,244.25,42,132,0.015151515151515152,1,292.0,0
13503.0,1561.19,4,853,147,2010-08-17 13:17:00,2010-02-16 13:49:00,390.2975,106,181,0.022099447513812154,1,216.85,0
13506.0,879.5600000000001,3,618,43,2010-11-09 18:58:00,2010-09-05 12:33:00,293.18666666666667,22,65,0.046153846153846156,1,458.52,0
13508.0,176.07999999999998,1,156,16,2010-03-07 11:58:00,2010-03-07 11:58:00,176.07999999999998,269,0,1.0,1,110.97,0
13509.0,135.0,1,108,5,2010-07-20 12:10:00,2010-07-20 12:10:00,135.0,134,0,1.0,1,964.72,0
13510.0,2766.73,7,1658,126,2010-11-29 12:26:00,2009-12-21 11:53:00,395.2471428571429,2,343,0.02040816326530612,1,1791.56,1
13511.0,282.76,1,60,5,2010-02-01 12:10:00,2010-02-01 12:10:00,282.76,303,0,1.0,1,0.0,0
13512.0,462.18,3,276,20,2010-11-17 14:55:00,2010-05-05 13:22:00,154.06,14,196,0.015306122448979591,1,251.21,0
13513.0,619.49,2,255,24,2010-09-24 16:25:00,2010-02-22 16:36:00,309.745,68,213,0.009389671361502348,1,205.1,0
13514.0,663.7,3,248,13,2010-10-07 12:10:00,2010-01-26 15:11:00,221.23333333333335,55,253,0.011857707509881422,1,152.20000000000002,0
13515.0,374.7,2,138,17,2010-09-16 15:07:00,2010-03-05 11:58:00,187.35,76,195,0.010256410256410256,1,891.12,0
13516.0,295.85,1,129,17,2010-10-18 08:52:00,2010-10-18 08:52:00,295.85,44,0,1.0,1,1389.41,1
13519.0,220.46,1,110,11,2010-09-23 11:45:00,2010-09-23 11:45:00,220.46,69,0,1.0,1,122.75,0
13520.0,2461.65,5,1517,61,2010-11-02 16:52:00,2009-12-17 11:11:00,492.33000000000004,29,320,0.015625,0,2984.35,1
13523.0,569.69,1,237,29,2010-11-02 14:55:00,2010-11-02 14:55:00,569.69,29,0,1.0,1,3964.88,1
13526.0,1182.0,2,1911,29,2009-12-01 13:13:00,2009-12-01 12:56:00,591.0,365,0,2.0,1,0.0,0
13527.0,2298.93,5,1053,152,2010-10-17 12:52:00,2010-01-21 12:37:00,459.78599999999994,45,269,0.01858736059479554,1,2242.36,1
13530.0,402.98,1,272,18,2010-03-15 14:10:00,2010-03-15 14:10:00,402.98,261,0,1.0,1,0.0,0
13531.0,949.27,4,323,38,2010-07-29 13:43:00,2009-12-03 15:20:00,237.3175,125,237,0.016877637130801686,1,483.8,0
13534.0,1850.82,10,908,59,2010-11-25 15:54:00,2010-07-07 15:00:00,185.082,6,141,0.07092198581560284,1,5870.08,1
13535.0,89.5,1,10,1,2010-11-02 11:49:00,2010-11-02 11:49:00,89.5,29,0,1.0,1,0.0,0
13537.0,717.85,2,337,38,2010-10-10 12:45:00,2010-09-14 10:41:00,358.925,52,26,0.07692307692307693,1,0.0,0
13538.0,1822.28,5,784,102,2010-11-08 14:19:00,2010-02-02 12:47:00,364.456,23,279,0.017921146953405017,1,1280.85,1
13539.0,938.02,4,390,45,2010-10-15 09:15:00,2010-04-28 12:04:00,234.505,47,169,0.023668639053254437,1,631.34,0
13540.0,632.39,3,189,26,2010-08-29 14:20:00,2010-02-22 09:22:00,210.79666666666665,94,188,0.015957446808510637,1,0.0,0
13541.0,785.25,2,279,10,2010-10-08 16:37:00,2010-05-18 16:15:00,392.625,54,143,0.013986013986013986,1,0.0,0
13542.0,3959.4900000000002,17,804,98,2010-11-28 11:24:00,2009-12-10 19:53:00,232.91117647058826,3,352,0.048295454545454544,1,0.0,0
13543.0,1439.61,2,329,37,2010-03-15 13:34:00,2010-01-21 14:30:00,719.805,261,52,0.038461538461538464,1,0.0,0
13544.0,514.14,4,219,152,2010-10-24 11:25:00,2010-03-05 11:31:00,128.535,38,232,0.017241379310344827,1,276.06,0
13545.0,364.93,2,252,54,2010-11-14 11:27:00,2010-06-13 11:49:00,182.465,17,153,0.013071895424836602,1,0.0,0
13546.0,465.15,2,230,47,2010-11-22 17:33:00,2010-10-11 17:23:00,232.575,9,42,0.047619047619047616,1,621.09,0
13547.0,164.53,1,78,43,2010-10-27 14:14:00,2010-10-27 14:14:00,164.53,35,0,1.0,1,0.0,0
13548.0,223.28,1,122,61,2010-08-25 13:44:00,2010-08-25 13:44:00,223.28,98,0,1.0,1,678.16,0
13549.0,87.6,1,96,8,2010-11-17 12:17:00,2010-11-17 12:17:00,87.6,14,0,1.0,1,918.2,0
13550.0,342.55,1,430,40,2010-11-21 15:24:00,2010-11-21 15:24:00,342.55,10,0,1.0,1,0.0,0
13551.0,152.39999999999998,1,24,1,2010-02-11 15:01:00,2010-02-11 15:01:00,152.39999999999998,293,0,1.0,1,91.80000000000001,0
13552.0,3208.85,10,1213,87,2010-10-07 12:30:00,2010-02-19 13:28:00,320.885,55,229,0.043668122270742356,1,3740.07,1
13553.0,499.6,1,201,85,2010-02-03 12:21:00,2010-02-03 12:21:00,499.6,301,0,1.0,1,0.0,0
13554.0,1629.35,7,578,156,2010-11-24 15:05:00,2010-09-19 12:39:00,232.7642857142857,7,66,0.10606060606060606,1,0.0,0
13555.0,4792.96,9,2126,175,2010-11-26 11:50:00,2010-01-19 13:20:00,532.5511111111111,5,310,0.02903225806451613,1,4098.88,1
13556.0,200.82,2,134,8,2010-10-06 16:44:00,2010-09-30 09:01:00,100.41,56,6,0.3333333333333333,1,0.0,0
13557.0,2448.2,11,1852,107,2010-10-20 14:06:00,2009-12-08 17:41:00,222.56363636363633,42,315,0.03492063492063492,1,584.0600000000001,0
13559.0,990.0,2,360,1,2010-07-15 09:52:00,2010-06-14 11:52:00,495.0,139,30,0.06666666666666667,1,0.0,0
13561.0,1661.54,10,1042,120,2010-11-07 14:28:00,2010-02-28 13:42:00,166.154,24,252,0.03968253968253968,1,141.85999999999999,0
13562.0,3038.85,5,846,65,2010-11-03 10:43:00,2010-01-14 16:33:00,607.77,28,292,0.017123287671232876,1,1799.3300000000002,1
13564.0,14706.19,34,8198,474,2010-11-16 15:34:00,2009-12-02 11:55:00,432.535,15,349,0.09742120343839542,1,1174.03,0
13565.0,174.57999999999998,1,88,22,2010-10-24 15:51:00,2010-10-24 15:51:00,174.57999999999998,38,0,1.0,1,240.22,0
13566.0,827.91,3,683,158,2010-10-01 12:27:00,2010-03-10 12:22:00,275.96999999999997,61,205,0.014634146341463415,1,856.84,0
13567.0,1079.29,4,643,180,2010-10-07 12:51:00,2010-06-16 12:48:00,269.8225,55,113,0.035398230088495575,1,0.0,0
13569.0,387.92,2,189,85,2010-11-23 12:54:00,2010-10-07 13:05:00,193.96,8,46,0.043478260869565216,1,337.12,0
13571.0,2448.32,14,1434,158,2010-11-22 13:09:00,2009-12-08 13:02:00,174.88000000000002,9,349,0.04011461318051576,1,2088.94,1
13573.0,612.8199999999999,4,344,51,2010-11-25 15:01:00,2010-03-12 16:06:00,153.20499999999998,6,257,0.01556420233463035,1,290.25,0
13574.0,404.45,1,304,84,2010-10-24 13:28:00,2010-10-24 13:28:00,404.45,38,0,1.0,1,0.0,0
13576.0,4485.25,10,1860,91,2010-11-12 14:55:00,2009-12-08 15:12:00,448.525,19,338,0.029585798816568046,1,6717.34,1
13577.0,1796.68,7,869,57,2010-11-22 08:11:00,2009-12-14 16:10:00,256.66857142857145,9,342,0.02046783625730994,1,1687.6000000000001,1
13578.0,147.66,1,127,9,2010-10-26 13:44:00,2010-10-26 13:44:00,147.66,36,0,1.0,1,0.0,0
13579.0,907.3000000000001,3,542,57,2010-11-03 09:33:00,2010-02-18 13:53:00,302.43333333333334,28,257,0.011673151750972763,1,467.04,0
13580.0,107.75,1,45,5,2010-10-29 15:01:00,2010-10-29 15:01:00,107.75,33,0,1.0,1,0.0,0
13581.0,162.53,1,89,23,2010-10-21 16:30:00,2010-10-21 16:30:00,162.53,41,0,1.0,1,118.0,0
13582.0,241.68,2,106,10,2010-11-15 11:34:00,2010-04-01 11:38:00,120.84,16,227,0.00881057268722467,1,0.0,0
13583.0,664.0,1,371,42,2010-01-29 13:53:00,2010-01-29 13:53:00,664.0,306,0,1.0,1,781.03,0
13584.0,243.3,2,323,55,2010-07-29 13:36:00,2010-02-02 08:40:00,121.65,125,177,0.011299435028248588,1,142.4,0
13585.0,684.54,3,1386,29,2010-06-27 12:33:00,2009-12-01 14:56:00,228.17999999999998,157,207,0.014492753623188406,1,0.0,0
13586.0,127.28,1,38,20,2010-06-16 13:47:00,2010-06-16 13:47:00,127.28,168,0,1.0,1,0.0,0
13587.0,961.1,3,484,20,2010-09-16 13:52:00,2010-02-14 13:17:00,320.3666666666667,76,214,0.014018691588785047,1,712.4,0
13589.0,741.09,4,179,29,2010-09-16 13:29:00,2009-12-06 10:26:00,185.2725,76,284,0.014084507042253521,1,379.65,0
13590.0,4354.12,12,3423,225,2010-11-29 11:40:00,2009-12-01 13:37:00,362.8433333333333,2,362,0.03314917127071823,1,1981.92,1
13591.0,976.81,4,365,42,2010-09-30 08:59:00,2009-12-14 15:44:00,244.2025,62,289,0.01384083044982699,1,1117.13,0
13593.0,3481.4100000000003,9,1451,174,2010-11-17 13:11:00,2010-03-02 16:36:00,386.8233333333334,14,259,0.03474903474903475,1,2011.88,1
13594.0,136.35000000000002,1,37,7,2010-08-11 10:23:00,2010-08-11 10:23:00,136.35000000000002,112,0,1.0,1,396.97,0
13595.0,784.48,3,341,114,2010-07-11 12:36:00,2010-03-03 14:42:00,261.49333333333334,143,129,0.023255813953488372,1,0.0,0
13597.0,396.71,2,231,17,2010-11-04 14:54:00,2010-11-02 09:30:00,198.355,27,2,1.0,1,0.0,0
13598.0,601.92,4,341,46,2010-08-01 13:21:00,2010-02-26 11:22:00,150.48,122,156,0.02564102564102564,1,160.04,0
13599.0,4661.12,12,2955,100,2010-11-09 18:06:00,2009-12-01 12:30:00,388.4266666666667,22,343,0.03498542274052478,1,5149.92,1
13600.0,298.9,1,275,22,2010-03-15 17:16:00,2010-03-15 17:16:00,298.9,261,0,1.0,1,219.52,0
13601.0,466.67,2,409,77,2010-11-12 15:20:00,2010-06-11 15:03:00,233.335,19,154,0.012987012987012988,1,693.32,0
13602.0,596.28,3,271,29,2010-11-23 12:14:00,2010-05-28 11:49:00,198.76,8,179,0.01675977653631285,1,428.89,0
13604.0,717.62,1,242,21,2010-02-19 12:02:00,2010-02-19 12:02:00,717.62,285,0,1.0,1,0.0,0
13605.0,522.67,2,425,50,2010-11-17 17:16:00,2010-05-17 15:46:00,261.335,14,184,0.010869565217391304,1,0.0,0
13607.0,400.3,1,178,24,2010-11-02 11:48:00,2010-11-02 11:48:00,400.3,29,0,1.0,1,675.51,0
13608.0,232.05,1,110,31,2010-06-17 12:28:00,2010-06-17 12:28:00,232.05,167,0,1.0,1,0.0,0
13609.0,167.35,1,19,7,2010-04-25 13:26:00,2010-04-25 13:26:00,167.35,220,0,1.0,1,0.0,0
13610.0,1020.13,7,380,156,2010-11-17 15:31:00,2010-01-05 14:12:00,145.73285714285714,14,316,0.022151898734177215,1,1082.33,0
13611.0,2143.53,7,1234,122,2010-11-30 16:26:00,2009-12-03 07:57:00,306.21857142857147,1,362,0.019337016574585635,1,1154.4,0
13612.0,818.29,1,444,50,2010-03-17 12:14:00,2010-03-17 12:14:00,818.29,259,0,1.0,1,0.0,0
13613.0,1039.8500000000001,5,445,50,2010-09-13 12:01:00,2010-02-17 12:40:00,207.97000000000003,79,207,0.024154589371980676,1,0.0,0
13614.0,747.28,2,257,67,2010-11-11 12:20:00,2010-06-06 13:42:00,373.64,20,157,0.012738853503184714,1,1585.46,1
13615.0,5854.84,7,2721,244,2010-11-05 13:42:00,2010-01-28 15:43:00,836.4057142857143,26,280,0.025,1,417.69,0
13616.0,283.85,2,172,31,2010-05-20 12:59:00,2010-01-17 14:56:00,141.925,195,122,0.01639344262295082,1,0.0,0
13617.0,734.57,5,293,31,2010-10-27 14:00:00,2010-08-01 15:23:00,146.91400000000002,35,86,0.05813953488372093,1,544.18,0
13619.0,223.44,2,78,38,2010-06-13 11:39:00,2010-02-03 14:16:00,111.72,171,129,0.015503875968992248,1,0.0,0
13620.0,112.34,1,74,5,2010-06-29 15:02:00,2010-06-29 15:02:00,112.34,155,0,1.0,1,0.0,0
13622.0,658.95,1,379,32,2010-01-12 13:22:00,2010-01-12 13:22:00,658.95,323,0,1.0,1,0.0,0
13623.0,1805.32,5,724,152,2010-11-24 13:36:00,2009-12-02 13:57:00,361.06399999999996,7,356,0.014044943820224719,1,727.74,0
13624.0,462.08,1,820,22,2010-11-16 13:43:00,2010-11-16 13:43:00,462.08,15,0,1.0,1,0.0,0
13625.0,301.26,1,144,21,2010-04-22 10:50:00,2010-04-22 10:50:00,301.26,223,0,1.0,1,0.0,0
13626.0,449.81,1,189,25,2010-11-25 16:12:00,2010-11-25 16:12:00,449.81,6,0,1.0,1,257.23,0
13627.0,607.43,2,363,37,2010-08-08 14:32:00,2010-03-09 14:03:00,303.715,115,152,0.013157894736842105,1,1638.47,1
13628.0,310.14,1,106,16,2010-02-01 14:44:00,2010-02-01 14:44:00,310.14,303,0,1.0,1,0.0,0
13629.0,5578.5,8,3350,7,2010-10-22 09:48:00,2010-02-11 17:34:00,697.3125,40,252,0.031746031746031744,1,7792.36,1
13632.0,1526.88,3,602,63,2010-11-10 12:03:00,2010-04-07 10:59:00,508.96000000000004,21,217,0.013824884792626729,1,2118.93,1
13634.0,3440.7200000000003,10,1385,151,2010-11-28 14:40:00,2010-01-10 14:26:00,344.072,3,322,0.031055900621118012,1,1547.3600000000001,1
13635.0,1928.13,3,1207,89,2010-09-23 10:06:00,2009-12-01 09:46:00,642.71,69,296,0.010135135135135136,1,1071.03,0
13639.0,312.93,1,197,19,2010-09-29 10:05:00,2010-09-29 10:05:00,312.93,63,0,1.0,1,1033.34,0
13640.0,405.0,1,108,4,2010-04-07 15:33:00,2010-04-07 15:33:00,405.0,238,0,1.0,1,0.0,0
13641.0,942.37,4,1097,40,2010-03-09 07:37:00,2009-12-05 13:17:00,235.5925,267,93,0.043010752688172046,1,0.0,0
13642.0,159.92,3,80,41,2010-10-03 12:33:00,2010-10-03 12:23:00,53.306666666666665,59,0,3.0,1,312.28,0
13643.0,1637.33,7,629,57,2010-11-22 15:19:00,2009-12-08 12:48:00,233.9042857142857,9,349,0.02005730659025788,1,519.44,0
13646.0,326.25,2,79,58,2010-11-05 12:13:00,2010-11-05 12:00:00,163.125,26,0,2.0,1,0.0,0
13647.0,1393.56,4,908,50,2010-08-02 10:31:00,2010-04-15 12:55:00,348.39,121,108,0.037037037037037035,1,1648.1200000000001,1
13648.0,1759.0700000000002,8,959,94,2010-11-04 14:46:00,2009-12-01 18:13:00,219.88375000000002,27,337,0.02373887240356083,1,0.0,0
13649.0,1107.08,4,643,82,2010-11-07 16:03:00,2010-06-30 16:35:00,276.77,24,129,0.031007751937984496,1,346.6,0
13650.0,1451.66,4,824,62,2010-11-30 13:55:00,2010-01-26 08:44:00,362.915,1,308,0.012987012987012988,1,1836.3400000000001,1
13651.0,132.65,1,29,8,2010-11-23 09:44:00,2010-11-23 09:44:00,132.65,8,0,1.0,1,79.2,0
13652.0,1166.97,2,880,77,2010-10-07 14:28:00,2010-02-25 17:37:00,583.485,55,223,0.008968609865470852,1,1095.08,0
13653.0,152.2,1,72,9,2010-08-09 08:19:00,2010-08-09 08:19:00,152.2,114,0,1.0,1,0.0,0
13654.0,3600.67,5,2580,133,2010-11-24 16:41:00,2009-12-02 11:43:00,720.134,7,357,0.014005602240896359,1,2707.33,1
13655.0,1347.54,4,620,55,2010-11-30 08:24:00,2010-04-27 09:59:00,336.885,1,216,0.018518518518518517,1,932.97,0
13656.0,699.2,2,372,38,2010-07-28 10:48:00,2010-04-23 12:50:00,349.6,126,95,0.021052631578947368,1,379.65,0
13658.0,3386.33,4,1152,92,2010-11-21 16:10:00,2010-02-05 13:17:00,846.5825,10,289,0.01384083044982699,1,2639.17,1
13659.0,3321.68,10,1645,137,2010-10-19 14:09:00,2010-02-17 09:05:00,332.168,43,244,0.040983606557377046,1,1563.0,1
13660.0,306.64,1,136,39,2010-11-04 16:10:00,2010-11-04 16:10:00,306.64,27,0,1.0,1,0.0,0
13661.0,325.24,1,118,17,2010-04-15 14:58:00,2010-04-15 14:58:00,325.24,230,0,1.0,1,0.0,0
13662.0,1352.35,8,636,77,2010-11-19 10:58:00,2010-02-19 13:21:00,169.04375,12,272,0.029411764705882353,1,881.26,0
13663.0,1858.04,4,802,75,2010-11-24 13:55:00,2010-03-03 10:11:00,464.51,7,266,0.015037593984962405,1,189.47,0
13665.0,1711.66,3,1652,97,2010-11-18 13:06:00,2010-07-23 13:29:00,570.5533333333334,13,117,0.02564102564102564,1,0.0,0
13666.0,42.4,2,12,6,2010-10-15 15:46:00,2009-12-04 10:48:00,21.2,47,315,0.006349206349206349,1,84.65,0
13668.0,6638.650000000001,14,2374,192,2010-11-21 11:52:00,2009-12-11 14:28:00,474.18928571428575,10,344,0.040697674418604654,1,6309.83,1
13669.0,195.0,1,156,5,2010-10-28 15:05:00,2010-10-28 15:05:00,195.0,34,0,1.0,1,218.55,0
13671.0,172.6,1,95,61,2010-11-10 10:50:00,2010-11-10 10:50:00,172.6,21,0,1.0,1,0.0,0
13672.0,233.53,1,81,12,2009-12-09 11:40:00,2009-12-09 11:40:00,233.53,357,0,1.0,1,186.39000000000001,0
13674.0,240.68,1,102,14,2010-10-03 10:41:00,2010-10-03 10:41:00,240.68,59,0,1.0,1,0.0,0
13676.0,243.9,2,104,13,2010-06-18 17:30:00,2010-03-30 16:53:00,121.95,166,80,0.025,1,0.0,0
13677.0,551.24,2,217,98,2010-10-31 11:32:00,2010-07-07 17:25:00,275.62,31,115,0.017391304347826087,1,0.0,0
13679.0,281.26,3,102,44,2010-08-03 12:13:00,2009-12-04 16:52:00,93.75333333333333,120,241,0.012448132780082987,1,0.0,0
13680.0,7700.55,8,3310,244,2010-08-25 13:05:00,2009-12-04 14:14:00,962.56875,98,263,0.030418250950570342,1,3719.12,1
13683.0,258.6,1,180,10,2010-09-08 10:00:00,2010-09-08 10:00:00,258.6,84,0,1.0,1,0.0,0
13684.0,529.75,3,196,58,2010-11-14 11:34:00,2010-03-28 14:48:00,176.58333333333334,17,230,0.013043478260869565,1,65.13,0
13686.0,337.04,2,308,23,2010-11-24 14:44:00,2010-11-03 13:44:00,168.52,7,21,0.09523809523809523,1,72.0,0
13687.0,11880.84,1,87167,45,2010-09-27 16:30:00,2010-09-27 16:30:00,11880.84,65,0,1.0,1,0.0,0
13688.0,375.5,1,130,5,2010-03-14 14:11:00,2010-03-14 14:11:00,375.5,262,0,1.0,1,0.0,0
13689.0,349.5,1,210,3,2010-09-21 10:27:00,2010-09-21 10:27:00,349.5,71,0,1.0,1,910.0,0
13691.0,210.78,1,144,53,2010-11-08 17:34:00,2010-11-08 17:34:00,210.78,23,0,1.0,1,0.0,0
13692.0,1626.08,2,875,43,2010-10-27 09:57:00,2010-10-15 13:28:00,813.04,35,11,0.18181818181818182,1,1488.32,1
13693.0,2011.8200000000002,9,880,78,2010-11-30 18:21:00,2009-12-07 11:29:00,223.53555555555556,1,358,0.025139664804469275,1,0.0,0
13694.0,130601.07,93,124889,653,2010-11-24 11:42:00,2009-12-04 15:26:00,1404.3125806451615,7,354,0.2627118644067797,1,65039.62,1
13695.0,266.6,1,188,6,2010-05-11 11:07:00,2010-05-11 11:07:00,266.6,204,0,1.0,1,2504.13,1
13696.0,2020.4,3,552,24,2010-10-14 09:44:00,2010-02-11 14:17:00,673.4666666666667,48,244,0.012295081967213115,1,0.0,0
13698.0,451.73,2,227,31,2010-04-22 11:52:00,2010-01-27 09:02:00,225.865,223,85,0.023529411764705882,1,0.0,0
13699.0,455.57,1,153,23,2010-06-07 13:03:00,2010-06-07 13:03:00,455.57,177,0,1.0,1,308.58000000000004,0
13700.0,348.34,3,505,41,2010-10-18 11:38:00,2010-02-07 10:53:00,116.11333333333333,44,253,0.011857707509881422,1,2248.63,1
13701.0,161.0,1,80,9,2010-09-19 12:39:00,2010-09-19 12:39:00,161.0,73,0,1.0,1,0.0,0
13702.0,135.18,1,74,5,2010-09-20 11:40:00,2010-09-20 11:40:00,135.18,72,0,1.0,1,0.0,0
13703.0,326.06,1,118,35,2010-10-20 13:11:00,2010-10-20 13:11:00,326.06,42,0,1.0,1,99.5,0
13705.0,1005.33,4,543,37,2010-09-23 16:57:00,2010-03-25 17:19:00,251.3325,69,181,0.022099447513812154,1,711.86,0
13706.0,300.38,1,112,18,2010-03-23 09:18:00,2010-03-23 09:18:00,300.38,253,0,1.0,1,330.79,0
13707.0,2559.45,3,1859,102,2010-10-06 10:05:00,2010-06-21 11:57:00,853.15,56,106,0.02830188679245283,1,806.41,0
13709.0,1263.7,5,614,64,2010-09-19 15:17:00,2010-01-11 10:40:00,252.74,73,251,0.0199203187250996,1,6307.650000000001,1
13710.0,329.04,2,160,7,2010-10-12 10:22:00,2010-04-06 12:54:00,164.52,50,188,0.010638297872340425,1,180.48,0
13711.0,1540.2,7,679,71,2010-10-29 15:05:00,2009-12-15 19:04:00,220.02857142857144,33,317,0.022082018927444796,1,252.06,0
13712.0,537.58,1,776,23,2010-04-08 11:16:00,2010-04-08 11:16:00,537.58,237,0,1.0,1,228.84,0
13713.0,740.76,3,284,70,2010-10-27 16:18:00,2010-05-05 16:48:00,246.92,35,174,0.017241379310344827,1,0.0,0
13714.0,161.35,1,50,30,2010-08-31 13:57:00,2010-08-31 13:57:00,161.35,92,0,1.0,1,0.0,0
13715.0,7075.650000000001,12,4238,226,2010-11-09 14:41:00,2010-03-11 15:33:00,589.6375,22,242,0.049586776859504134,1,1077.39,0
13717.0,318.29,2,185,21,2010-09-08 16:17:00,2010-08-11 09:40:00,159.145,84,28,0.07142857142857142,1,1445.01,1
13719.0,1740.42,6,977,148,2010-11-11 12:40:00,2010-05-17 14:36:00,290.07,20,177,0.03389830508474576,1,1041.68,0
13721.0,217.39999999999998,1,196,14,2010-11-09 17:59:00,2010-11-09 17:59:00,217.39999999999998,22,0,1.0,1,524.14,0
13722.0,3260.0,7,1658,84,2010-10-15 10:18:00,2010-03-03 14:13:00,465.7142857142857,47,225,0.03111111111111111,1,2375.41,1
13723.0,994.23,5,550,46,2010-11-12 16:59:00,2010-04-07 14:32:00,198.846,19,219,0.0228310502283105,1,199.85000000000002,0
13724.0,213.01,1,130,39,2010-03-12 15:28:00,2010-03-12 15:28:00,213.01,264,0,1.0,1,0.0,0
13727.0,740.6700000000001,6,206,55,2010-04-07 12:14:00,2009-12-09 13:25:00,123.44500000000001,238,118,0.05084745762711865,1,333.48,0
13728.0,1839.03,10,811,56,2010-11-17 13:50:00,2009-12-09 17:13:00,183.903,14,342,0.029239766081871343,1,1016.14,0
13729.0,724.73,3,419,36,2010-09-30 10:44:00,2010-01-24 14:57:00,241.57666666666668,62,248,0.012096774193548387,1,0.0,0
13733.0,487.03000000000003,2,335,28,2010-10-25 12:18:00,2009-12-04 15:28:00,243.51500000000001,37,324,0.006172839506172839,1,0.0,0
13734.0,6695.6900000000005,4,302,24,2010-07-19 12:04:00,2010-04-16 08:42:00,1673.9225000000001,135,94,0.0425531914893617,1,0.0,0
13735.0,6879.2300000000005,9,3007,272,2010-11-28 13:43:00,2009-12-13 13:31:00,764.3588888888889,3,350,0.025714285714285714,1,2883.54,1
13736.0,2022.67,5,1053,225,2010-10-10 11:41:00,2009-12-06 12:07:00,404.534,52,307,0.016286644951140065,1,729.8,0
13738.0,434.78000000000003,1,237,88,2010-11-08 15:23:00,2010-11-08 15:23:00,434.78000000000003,23,0,1.0,1,0.0,0
13739.0,75.3,1,22,3,2010-06-30 10:25:00,2010-06-30 10:25:00,75.3,154,0,1.0,1,216.9,0
13740.0,1232.02,4,562,62,2010-10-20 13:30:00,2009-12-02 12:22:00,308.005,42,322,0.012422360248447204,1,350.75,0
13745.0,477.32,1,650,31,2010-06-11 17:19:00,2010-06-11 17:19:00,477.32,173,0,1.0,1,300.04,0
13746.0,176.69,1,83,9,2010-10-22 11:55:00,2010-10-22 11:55:00,176.69,40,0,1.0,1,0.0,0
13747.0,90.2,1,52,4,2010-10-11 09:15:00,2010-10-11 09:15:00,90.2,51,0,1.0,1,79.6,0
13748.0,1116.1,4,589,22,2010-11-22 10:38:00,2009-12-01 16:44:00,279.025,9,355,0.011267605633802818,1,948.25,0
13750.0,1954.92,6,854,34,2010-11-24 11:07:00,2010-04-01 14:49:00,325.82,7,236,0.025423728813559324,1,1647.26,1
13752.0,404.45000000000005,1,131,19,2010-06-30 10:23:00,2010-06-30 10:23:00,404.45000000000005,154,0,1.0,1,1175.38,0
13753.0,1353.31,3,938,37,2010-04-20 14:08:00,2009-12-03 10:20:00,451.1033333333333,225,138,0.021739130434782608,1,741.26,0
13754.0,164.45,1,101,9,2010-09-28 15:29:00,2010-09-28 15:29:00,164.45,64,0,1.0,1,282.6,0
13756.0,3466.4300000000003,9,1950,103,2010-11-19 12:43:00,2009-12-15 15:18:00,385.1588888888889,12,338,0.026627218934911243,1,5189.52,1
13757.0,195.55,1,54,8,2010-02-03 12:37:00,2010-02-03 12:37:00,195.55,301,0,1.0,1,0.0,0
13758.0,5404.74,7,2822,129,2010-11-28 12:03:00,2009-12-01 10:06:00,772.1057142857143,3,362,0.019337016574585635,1,3190.55,1
13760.0,1076.85,3,426,53,2010-10-31 15:18:00,2010-04-25 13:10:00,358.95,31,189,0.015873015873015872,1,286.79,0
13761.0,881.52,4,437,50,2010-07-25 12:50:00,2010-02-21 11:08:00,220.38,129,154,0.025974025974025976,1,1070.65,0
13762.0,2165.76,4,2336,21,2010-04-25 15:51:00,2010-01-10 12:13:00,541.44,220,105,0.0380952380952381,1,306.72,0
13763.0,3502.48,2,2496,35,2010-10-18 13:25:00,2010-09-30 17:39:00,1751.24,44,17,0.11764705882352941,1,1714.96,1
13764.0,1392.25,3,1157,140,2010-05-19 15:47:00,2010-03-07 12:56:00,464.0833333333333,196,73,0.0410958904109589,1,1516.42,1
13765.0,352.82,1,296,16,2010-02-24 13:46:00,2010-02-24 13:46:00,352.82,280,0,1.0,1,0.0,0
13766.0,190.35,1,137,16,2010-08-01 14:25:00,2010-08-01 14:25:00,190.35,122,0,1.0,1,0.0,0
13767.0,16683.21,36,7273,101,2010-11-30 16:37:00,2009-12-01 10:52:00,463.42249999999996,1,364,0.0989010989010989,1,17220.36,1
13768.0,875.97,2,373,30,2009-12-13 10:41:00,2009-12-09 10:25:00,437.985,353,4,0.5,1,0.0,0
13769.0,2681.61,10,1289,80,2010-10-25 10:00:00,2009-12-16 11:59:00,268.161,37,312,0.03205128205128205,1,2796.51,1
13770.0,785.37,4,468,48,2010-10-13 15:10:00,2009-12-09 14:44:00,196.3425,49,308,0.012987012987012988,1,0.0,0
13771.0,3094.37,5,1663,85,2010-06-24 13:42:00,2010-02-25 12:37:00,618.874,160,119,0.04201680672268908,1,2634.45,1
13772.0,1977.39,5,906,290,2010-11-04 13:14:00,2010-02-23 13:55:00,395.478,27,253,0.019762845849802372,1,1122.63,0
13773.0,301.54,2,174,19,2010-11-08 11:49:00,2010-02-18 10:27:00,150.77,23,263,0.0076045627376425855,1,0.0,0
13775.0,1049.66,1,455,63,2010-04-28 12:15:00,2010-04-28 12:15:00,1049.66,217,0,1.0,1,0.0,0
13777.0,23661.1,28,10293,35,2010-11-10 08:59:00,2009-12-02 09:47:00,845.0392857142857,21,342,0.08187134502923976,1,25977.16,1
13778.0,945.79,3,441,27,2010-08-05 14:52:00,2010-05-23 13:34:00,315.2633333333333,118,74,0.04054054054054054,1,178.7,0
13779.0,161.13,1,53,27,2010-07-12 11:24:00,2010-07-12 11:24:00,161.13,142,0,1.0,1,0.0,0
13780.0,372.06,1,161,35,2010-10-28 19:51:00,2010-10-28 19:51:00,372.06,33,0,1.0,1,360.01,0
13781.0,650.99,2,270,39,2010-04-26 14:30:00,2009-12-18 15:46:00,325.495,219,128,0.015625,1,127.84,0
13782.0,877.22,7,274,106,2010-09-12 10:40:00,2009-12-06 12:52:00,125.31714285714285,80,279,0.025089605734767026,1,908.86,0
13783.0,1542.09,4,3437,4,2010-08-09 09:23:00,2010-02-04 13:47:00,385.5225,114,185,0.021621621621621623,1,0.0,0
13784.0,447.44,3,334,9,2010-10-01 08:19:00,2010-09-15 12:27:00,149.14666666666668,61,15,0.2,1,2462.79,1
13785.0,542.49,4,151,26,2010-10-07 09:25:00,2010-09-05 16:01:00,135.6225,55,31,0.12903225806451613,1,0.0,0
13786.0,2897.59,5,1379,79,2010-11-21 13:29:00,2009-12-03 15:32:00,579.518,10,352,0.014204545454545454,1,230.4,0
13787.0,913.46,4,661,50,2010-09-07 11:55:00,2010-01-14 10:13:00,228.365,85,236,0.01694915254237288,1,309.04,0
13788.0,3.75,1,1,1,2010-07-22 15:50:00,2010-07-22 15:50:00,3.75,132,0,1.0,1,0.0,0
13789.0,239.46,1,258,18,2010-11-16 15:31:00,2010-11-16 15:31:00,239.46,15,0,1.0,1,0.0,0
13792.0,188.4,1,64,10,2010-10-13 11:05:00,2010-10-13 11:05:00,188.4,49,0,1.0,1,195.55,0
13793.0,96.0,1,52,7,2010-03-03 08:25:00,2010-03-03 08:25:00,96.0,273,0,1.0,1,0.0,0
13794.0,126.03,1,63,9,2010-06-11 12:30:00,2010-06-11 12:30:00,126.03,173,0,1.0,1,0.0,0
13795.0,836.3,4,1250,23,2010-11-16 17:25:00,2010-03-12 12:44:00,209.075,15,249,0.01606425702811245,1,0.0,0
13796.0,289.7,1,218,22,2010-07-28 14:45:00,2010-07-28 14:45:00,289.7,126,0,1.0,1,0.0,0
13797.0,1179.45,3,573,71,2010-09-29 10:34:00,2010-03-02 12:17:00,393.15000000000003,63,210,0.014285714285714285,1,0.0,0
13798.0,38275.02,53,24239,121,2010-11-29 15:26:00,2009-12-08 16:21:00,722.1701886792453,2,355,0.14929577464788732,1,37153.85,1
13799.0,2114.71,7,1137,44,2010-09-21 12:02:00,2010-03-05 16:39:00,302.1014285714286,71,199,0.035175879396984924,1,688.86,0
13800.0,1121.24,2,560,40,2010-10-05 14:19:00,2009-12-03 10:03:00,560.62,57,306,0.006535947712418301,1,558.32,0
13802.0,21659.69,16,11557,197,2010-11-30 12:28:00,2010-02-16 10:11:00,1353.730625,1,287,0.05574912891986063,1,4599.42,1
13803.0,1061.84,2,710,58,2010-10-04 10:52:00,2010-03-31 10:00:00,530.92,58,187,0.0106951871657754,1,277.07,0
13804.0,572.73,2,335,32,2010-09-30 16:20:00,2010-09-29 10:26:00,286.365,62,1,2.0,1,2588.39,1
13807.0,309.6,2,80,17,2010-05-14 14:53:00,2009-12-04 12:41:00,154.8,201,161,0.012422360248447204,1,112.6,0
13809.0,524.65,2,252,13,2010-11-10 09:35:00,2010-09-05 11:42:00,262.325,21,65,0.03076923076923077,0,155.05,0
13813.0,1218.6100000000001,4,730,49,2010-06-30 08:50:00,2009-12-06 10:16:00,304.65250000000003,154,205,0.01951219512195122,0,1168.8600000000001,0
13814.0,678.2,1,350,22,2010-06-30 14:12:00,2010-06-30 14:12:00,678.2,154,0,1.0,0,1579.12,1
13815.0,3070.38,4,2800,123,2010-10-29 11:42:00,2010-02-12 10:26:00,767.595,33,259,0.015444015444015444,0,3667.36,1
13818.0,61.28,1,60,5,2010-10-06 12:35:00,2010-10-06 12:35:00,61.28,56,0,1.0,1,0.0,0
13819.0,1502.0,3,1200,34,2010-02-08 15:30:00,2009-12-01 16:18:00,500.6666666666667,296,68,0.04411764705882353,1,1140.35,0
13820.0,652.75,3,285,68,2010-10-17 13:46:00,2010-01-28 12:26:00,217.58333333333334,45,262,0.011450381679389313,1,0.0,0
13821.0,993.44,4,324,132,2010-11-11 13:24:00,2010-01-04 13:36:00,248.36,20,310,0.012903225806451613,1,385.64,0
13823.0,2445.79,5,1125,91,2010-11-24 13:32:00,2009-12-15 14:34:00,489.158,7,343,0.014577259475218658,1,957.66,0
13824.0,1615.82,7,674,34,2010-11-25 17:33:00,2010-03-12 15:17:00,230.83142857142857,6,258,0.027131782945736434,1,1698.94,1
13825.0,255.59,2,182,38,2010-03-28 11:02:00,2009-12-09 14:30:00,127.795,248,108,0.018518518518518517,1,0.0,0
13829.0,102.0,1,12,1,2010-10-14 18:19:00,2010-10-14 18:19:00,102.0,48,0,1.0,1,0.0,0
13830.0,156.85000000000002,1,47,11,2010-05-07 12:24:00,2010-05-07 12:24:00,156.85000000000002,208,0,1.0,1,0.0,0
13831.0,4387.09,12,1650,78,2010-10-14 10:00:00,2009-12-10 14:50:00,365.59083333333336,48,307,0.03908794788273615,1,2198.45,1
13832.0,557.69,1,392,51,2010-10-13 14:41:00,2010-10-13 14:41:00,557.69,49,0,1.0,1,52.2,0
13833.0,316.56,1,126,16,2010-10-31 14:11:00,2010-10-31 14:11:00,316.56,31,0,1.0,1,383.85,0
13834.0,324.19,2,221,15,2010-05-12 10:27:00,2010-02-08 12:52:00,162.095,203,92,0.021739130434782608,1,0.0,0
13835.0,260.7,3,78,15,2010-07-08 11:50:00,2010-03-04 08:26:00,86.89999999999999,146,126,0.023809523809523808,1,834.57,0
13836.0,620.37,2,273,29,2010-11-05 13:31:00,2010-10-21 13:27:00,310.185,26,15,0.13333333333333333,1,0.0,0
13838.0,1015.25,6,440,205,2010-10-10 11:32:00,2010-05-09 11:40:00,169.20833333333334,52,153,0.0392156862745098,1,674.82,0
13839.0,139.95000000000002,1,25,7,2010-08-10 13:52:00,2010-08-10 13:52:00,139.95000000000002,113,0,1.0,1,0.0,0
13840.0,651.4,1,358,40,2010-10-19 13:34:00,2010-10-19 13:34:00,651.4,43,0,1.0,1,0.0,0
13842.0,1933.72,9,948,105,2010-10-20 13:42:00,2010-02-16 15:54:00,214.85777777777778,42,245,0.036734693877551024,1,3385.62,1
13843.0,319.75,1,145,18,2010-11-23 17:48:00,2010-11-23 17:48:00,319.75,8,0,1.0,1,0.0,0
13846.0,442.73,1,317,26,2010-11-05 09:47:00,2010-11-05 09:47:00,442.73,26,0,1.0,1,865.0600000000001,0
13847.0,310.72,1,96,19,2009-12-20 10:41:00,2009-12-20 10:41:00,310.72,346,0,1.0,1,0.0,0
13848.0,1760.0,5,5500,1,2010-10-29 13:48:00,2009-12-09 16:17:00,352.0,33,323,0.015479876160990712,1,1255.0,0
13849.0,1931.35,3,867,108,2010-11-07 12:13:00,2010-03-25 12:03:00,643.7833333333333,24,227,0.013215859030837005,1,1537.95,1
13851.0,1955.0,5,820,45,2010-11-25 11:34:00,2010-01-29 11:54:00,391.0,6,299,0.016722408026755852,1,2651.46,1
13852.0,187.35000000000002,1,85,11,2010-04-08 09:06:00,2010-04-08 09:06:00,187.35000000000002,237,0,1.0,1,0.0,0
13854.0,3835.04,14,1346,35,2010-11-24 14:56:00,2010-01-08 11:28:00,273.93142857142857,7,320,0.04375,1,8109.5199999999995,1
13855.0,1310.3400000000001,4,575,64,2010-07-27 09:53:00,2009-12-08 16:56:00,327.58500000000004,127,230,0.017391304347826087,1,0.0,0
13856.0,753.53,8,611,27,2010-09-02 18:24:00,2010-03-30 15:40:00,94.19125,90,156,0.05128205128205128,1,388.5,0
13857.0,1000.91,6,781,98,2010-11-11 12:54:00,2010-05-17 14:21:00,166.81833333333333,20,177,0.03389830508474576,1,0.0,0
13859.0,314.7,1,38,8,2010-06-28 15:36:00,2010-06-28 15:36:00,314.7,156,0,1.0,1,201.16,0
13861.0,273.26,2,225,21,2010-10-06 14:20:00,2010-06-27 11:37:00,136.63,56,101,0.019801980198019802,1,0.0,0
13862.0,346.73,1,239,21,2010-11-15 13:43:00,2010-11-15 13:43:00,346.73,16,0,1.0,1,2209.36,1
13863.0,933.77,3,329,43,2010-08-31 12:57:00,2010-04-25 13:09:00,311.25666666666666,92,127,0.023622047244094488,1,305.78,0
13864.0,662.4000000000001,1,192,1,2010-11-18 12:50:00,2010-11-18 12:50:00,662.4000000000001,13,0,1.0,1,0.0,0
13869.0,4913.22,6,2593,359,2010-11-23 13:36:00,2010-01-17 14:53:00,818.87,8,309,0.019417475728155338,1,3083.65,1
13870.0,2941.14,7,2124,86,2010-11-17 15:47:00,2010-02-08 12:08:00,420.16285714285715,14,282,0.024822695035460994,1,2770.94,1
13871.0,1482.6000000000001,4,696,48,2010-10-07 12:56:00,2009-12-20 13:09:00,370.65000000000003,55,290,0.013793103448275862,1,6403.25,1
13872.0,919.57,3,339,51,2010-06-30 15:35:00,2009-12-14 09:56:00,306.52333333333337,154,198,0.015151515151515152,1,0.0,0
13873.0,649.32,5,332,36,2010-11-21 11:47:00,2010-03-03 12:31:00,129.864,10,262,0.019083969465648856,1,389.6,0
13874.0,1508.7,6,684,33,2010-07-23 12:59:00,2010-02-04 18:39:00,251.45000000000002,131,168,0.03571428571428571,1,540.45,0
13875.0,3027.58,9,1756,114,2010-11-17 13:12:00,2009-12-17 10:30:00,336.3977777777778,14,335,0.026865671641791045,1,1786.79,1
13877.0,332.44,2,370,20,2010-08-26 17:19:00,2010-01-19 10:53:00,166.22,97,219,0.0091324200913242,1,117.24,0
13878.0,1145.33,3,464,59,2010-06-10 10:15:00,2010-04-14 13:50:00,381.77666666666664,174,56,0.05357142857142857,1,1271.57,1
13879.0,395.5,1,204,25,2010-03-04 10:49:00,2010-03-04 10:49:00,395.5,272,0,1.0,1,0.0,0
13880.0,1074.09,4,693,46,2010-10-27 12:53:00,2010-05-26 14:29:00,268.5225,35,153,0.026143790849673203,1,3219.77,1
13881.0,28019.58,23,19642,148,2010-11-29 16:24:00,2010-03-04 14:41:00,1218.2426086956523,2,270,0.08518518518518518,1,17159.52,1
13883.0,3860.89,9,2146,135,2010-11-01 14:45:00,2010-02-28 12:53:00,428.98777777777775,30,246,0.036585365853658534,1,2674.48,1
13884.0,1037.43,5,452,87,2010-11-28 11:45:00,2010-08-26 19:57:00,207.48600000000002,3,93,0.053763440860215055,1,787.6,0
13888.0,1405.92,5,541,96,2010-10-31 11:09:00,2010-05-13 11:57:00,281.184,31,170,0.029411764705882353,1,595.67,0
13889.0,1574.3300000000002,5,833,50,2010-11-22 13:25:00,2010-01-22 14:32:00,314.86600000000004,9,303,0.0165016501650165,1,416.90000000000003,0
13890.0,1043.57,4,561,48,2010-11-30 12:46:00,2009-12-06 15:15:00,260.8925,1,358,0.0111731843575419,1,1883.81,1
13891.0,859.21,3,476,97,2010-11-26 15:57:00,2010-05-06 16:02:00,286.40333333333336,5,203,0.014778325123152709,1,0.0,0
13892.0,634.68,2,2142,8,2010-08-19 09:07:00,2010-05-13 10:32:00,317.34,104,97,0.020618556701030927,1,632.97,0
13895.0,1415.45,2,695,67,2010-07-12 10:46:00,2009-12-03 13:09:00,707.725,142,220,0.00909090909090909,1,2593.07,1
13896.0,388.55,1,149,21,2010-03-24 08:55:00,2010-03-24 08:55:00,388.55,252,0,1.0,1,0.0,0
13897.0,849.5600000000001,2,620,42,2010-09-27 13:36:00,2010-01-31 13:48:00,424.78000000000003,65,238,0.008403361344537815,1,311.16,0
13898.0,530.47,1,411,34,2010-10-24 15:42:00,2010-10-24 15:42:00,530.47,38,0,1.0,1,155.93,0
13900.0,869.64,3,508,46,2010-11-15 14:48:00,2010-03-25 13:46:00,289.88,16,235,0.01276595744680851,1,740.95,0
13901.0,2809.14,10,1605,148,2010-11-30 15:21:00,2010-01-05 09:29:00,280.914,1,329,0.030395136778115502,1,2867.2000000000003,1
13902.0,34023.26,5,220596,57,2010-03-17 13:09:00,2009-12-15 10:02:00,6804.652,259,92,0.05434782608695652,0,0.0,0
13903.0,165.45000000000002,1,103,10,2010-11-04 17:44:00,2010-11-04 17:44:00,165.45000000000002,27,0,1.0,1,0.0,0
13905.0,312.65,1,135,12,2009-12-07 11:41:00,2009-12-07 11:41:00,312.65,359,0,1.0,1,0.0,0
13906.0,42.0,1,100,1,2010-10-26 15:00:00,2010-10-26 15:00:00,42.0,36,0,1.0,1,0.0,0
13907.0,136.8,1,68,4,2010-01-17 12:22:00,2010-01-17 12:22:00,136.8,318,0,1.0,1,0.0,0
13909.0,282.85,2,301,35,2010-10-12 17:22:00,2010-07-06 16:52:00,141.425,50,98,0.02040816326530612,1,0.0,0
13911.0,1654.08,11,1756,67,2010-11-25 16:16:00,2010-03-01 16:31:00,150.3709090909091,6,268,0.041044776119402986,1,2580.91,1
13912.0,124.95,1,29,7,2010-10-12 08:43:00,2010-10-12 08:43:00,124.95,50,0,1.0,1,0.0,0
13913.0,42.22,1,10,3,2010-07-21 10:11:00,2010-07-21 10:11:00,42.22,133,0,1.0,1,0.0,0
13915.0,70.80000000000001,1,24,2,2010-11-10 15:17:00,2010-11-10 15:17:00,70.80000000000001,21,0,1.0,1,0.0,0
13916.0,1275.81,4,673,72,2010-09-02 10:04:00,2010-02-02 10:06:00,318.9525,90,211,0.018957345971563982,1,0.0,0
13919.0,903.87,2,655,44,2010-10-11 11:53:00,2010-06-17 09:30:00,451.935,51,116,0.017241379310344827,0,348.81,0
13920.0,1774.68,4,1772,81,2010-10-04 12:37:00,2010-05-26 15:48:00,443.67,58,130,0.03076923076923077,1,0.0,0
13921.0,730.7,4,210,36,2010-11-02 16:32:00,2009-12-18 12:19:00,182.675,29,319,0.012539184952978056,1,0.0,0
13922.0,692.95,2,374,23,2010-09-28 17:26:00,2010-08-29 14:36:00,346.475,64,30,0.06666666666666667,1,172.25,0
13927.0,359.27,1,249,20,2010-09-28 16:12:00,2010-09-28 16:12:00,359.27,64,0,1.0,1,348.99,0
13929.0,2651.45,9,1423,37,2010-10-19 09:50:00,2010-01-14 07:25:00,294.60555555555555,43,278,0.03237410071942446,1,842.65,0
13931.0,4019.85,9,2763,170,2010-11-12 12:12:00,2009-12-03 10:26:00,446.65,19,344,0.02616279069767442,1,1237.53,0
13935.0,6116.92,3,2252,67,2010-04-22 11:21:00,2010-02-25 16:01:00,2038.9733333333334,223,55,0.05454545454545454,1,0.0,0
13936.0,563.08,2,331,31,2010-11-22 10:34:00,2010-10-21 14:21:00,281.54,9,31,0.06451612903225806,1,376.58,0
13937.0,721.28,1,464,45,2010-11-02 12:37:00,2010-11-02 12:37:00,721.28,29,0,1.0,1,158.85,0
13939.0,992.41,4,761,52,2010-10-04 14:35:00,2010-04-06 12:43:00,248.1025,58,181,0.022099447513812154,1,568.55,0
13941.0,4914.22,10,2418,32,2010-11-10 13:25:00,2009-12-16 16:10:00,491.422,21,328,0.03048780487804878,1,5112.96,1
13942.0,320.0,1,1000,1,2010-06-23 12:35:00,2010-06-23 12:35:00,320.0,161,0,1.0,1,0.0,0
13943.0,246.54000000000002,1,94,15,2010-05-11 11:30:00,2010-05-11 11:30:00,246.54000000000002,204,0,1.0,1,0.0,0
13944.0,200.43,1,153,35,2010-02-24 15:02:00,2010-02-24 15:02:00,200.43,280,0,1.0,1,0.0,0
13945.0,854.1500000000001,2,413,49,2010-11-10 10:00:00,2010-08-17 09:59:00,427.07500000000005,21,85,0.023529411764705882,1,0.0,0
13946.0,1314.66,3,2404,41,2010-11-28 16:21:00,2009-12-04 11:07:00,438.22,3,359,0.008356545961002786,1,561.57,0
13948.0,446.76,3,208,20,2010-10-24 13:46:00,2009-12-04 12:14:00,148.92,38,324,0.009259259259259259,1,102.0,0
13952.0,9572.45,12,4516,183,2010-11-24 14:29:00,2009-12-16 09:41:00,797.7041666666668,7,343,0.03498542274052478,1,3251.07,1
13953.0,3125.0,5,2500,1,2010-10-26 15:16:00,2009-12-11 12:58:00,625.0,36,319,0.01567398119122257,1,3515.68,1
13955.0,221.10999999999999,1,118,52,2010-11-29 17:35:00,2010-11-29 17:35:00,221.10999999999999,2,0,1.0,1,322.96,0
13957.0,458.25,3,157,21,2010-10-18 10:02:00,2010-02-19 10:32:00,152.75,44,240,0.0125,1,0.0,0
13958.0,4709.2300000000005,8,2264,172,2010-11-25 10:11:00,2009-12-05 13:12:00,588.6537500000001,6,354,0.022598870056497175,1,0.0,0
13959.0,470.73,3,339,56,2010-11-05 16:52:00,2010-07-16 15:11:00,156.91,26,112,0.026785714285714284,1,594.04,0
13961.0,538.4,1,226,19,2010-11-12 14:40:00,2010-11-12 14:40:00,538.4,19,0,1.0,1,0.0,0
13962.0,193.25,1,73,12,2010-09-30 10:35:00,2010-09-30 10:35:00,193.25,62,0,1.0,1,169.54999999999998,0
13963.0,2196.03,13,1547,104,2010-11-16 10:35:00,2010-04-21 16:20:00,168.92538461538464,15,208,0.0625,1,664.54,0
13964.0,438.9,2,228,22,2010-11-17 13:53:00,2010-10-05 12:38:00,219.45,14,43,0.046511627906976744,1,0.0,0
13965.0,996.61,3,425,23,2010-08-20 10:40:00,2010-01-05 15:21:00,332.2033333333333,103,226,0.01327433628318584,1,0.0,0
13966.0,384.26,1,760,21,2010-09-30 13:08:00,2010-09-30 13:08:00,384.26,62,0,1.0,1,0.0,0
13967.0,85.6,1,24,4,2010-11-08 13:24:00,2010-11-08 13:24:00,85.6,23,0,1.0,1,80.7,0
13968.0,123.66,1,174,8,2010-10-12 13:22:00,2010-10-12 13:22:00,123.66,50,0,1.0,1,0.0,0
13969.0,3949.29,17,2112,230,2010-11-18 19:55:00,2010-03-25 13:15:00,232.31117647058824,12,238,0.07142857142857142,1,9024.17,1
13970.0,846.55,2,469,10,2010-11-18 13:21:00,2010-09-28 11:53:00,423.275,13,51,0.0392156862745098,1,0.0,0
13971.0,1909.31,6,1240,87,2010-10-12 08:51:00,2010-01-26 09:51:00,318.2183333333333,50,258,0.023255813953488372,1,2758.26,1
13974.0,264.13,1,107,15,2010-05-06 17:55:00,2010-05-06 17:55:00,264.13,209,0,1.0,1,413.59000000000003,0
13975.0,2795.16,6,2187,290,2010-11-11 16:18:00,2010-02-02 13:13:00,465.85999999999996,20,282,0.02127659574468085,1,2461.2400000000002,1
13976.0,834.38,3,298,43,2010-07-21 09:27:00,2010-02-09 13:08:00,278.12666666666667,133,161,0.018633540372670808,1,357.98,0
13977.0,519.8100000000001,1,303,13,2010-10-24 14:08:00,2010-10-24 14:08:00,519.8100000000001,38,0,1.0,1,0.0,0
13979.0,2503.76,6,1602,308,2010-11-11 14:10:00,2009-12-03 10:02:00,417.29333333333335,20,343,0.01749271137026239,1,869.87,0
13980.0,568.68,4,291,47,2010-09-26 12:58:00,2010-02-21 14:18:00,142.17,66,216,0.018518518518518517,1,200.14,0
13981.0,331.14,1,234,22,2010-10-20 10:03:00,2010-10-20 10:03:00,331.14,42,0,1.0,1,0.0,0
13982.0,2082.48,5,1342,77,2010-07-28 11:54:00,2010-01-20 14:04:00,416.496,126,188,0.026595744680851064,1,1871.81,1
13983.0,4150.46,9,2742,174,2010-11-02 11:53:00,2009-12-09 13:53:00,461.1622222222222,29,327,0.027522935779816515,1,2603.43,1
13984.0,973.29,7,622,47,2010-11-18 16:52:00,2009-12-07 11:51:00,139.04142857142855,13,346,0.02023121387283237,1,920.51,0
13985.0,2960.73,7,1491,81,2010-11-30 08:58:00,2010-02-09 13:56:00,422.9614285714286,1,293,0.023890784982935155,1,7060.13,1
13987.0,682.54,2,492,46,2010-11-25 10:20:00,2010-11-04 09:54:00,341.27,6,21,0.09523809523809523,1,0.0,0
13988.0,609.84,2,341,54,2010-11-21 12:40:00,2010-03-24 11:05:00,304.92,10,242,0.008264462809917356,1,4147.96,1
13989.0,759.98,3,894,34,2010-09-01 13:58:00,2010-05-25 12:13:00,253.32666666666668,91,99,0.030303030303030304,1,1266.08,0
13992.0,142.7,2,90,5,2010-11-24 15:42:00,2010-09-02 17:04:00,71.35,7,82,0.024390243902439025,1,76.8,0
13993.0,3309.35,10,1235,80,2010-11-25 11:03:00,2009-12-03 11:57:00,330.935,6,356,0.028089887640449437,1,3466.36,1
13995.0,2508.32,9,1480,106,2010-11-25 16:31:00,2009-12-18 12:43:00,278.70222222222225,6,342,0.02631578947368421,1,1393.69,1
13996.0,845.76,2,612,28,2010-11-18 16:27:00,2010-11-05 15:07:00,422.88,13,13,0.15384615384615385,1,0.0,0
13997.0,376.46,3,143,36,2010-07-08 18:06:00,2010-06-07 17:33:00,125.48666666666666,146,31,0.0967741935483871,1,0.0,0
13998.0,566.7,3,204,30,2010-09-19 10:20:00,2010-05-12 13:18:00,188.9,73,129,0.023255813953488372,1,0.0,0
13999.0,5600.45,17,2800,132,2010-11-30 09:46:00,2009-12-05 12:42:00,329.43823529411765,1,359,0.04735376044568245,1,3901.81,1
14000.0,1410.68,4,1128,23,2010-10-21 15:35:00,2009-12-02 09:50:00,352.67,41,323,0.01238390092879257,1,635.66,0
14001.0,2185.77,6,817,40,2010-11-05 10:23:00,2010-08-03 12:49:00,364.295,26,93,0.06451612903225806,1,2043.0800000000002,1
14003.0,209.41,1,149,16,2009-12-07 08:53:00,2009-12-07 08:53:00,209.41,359,0,1.0,1,0.0,0
14004.0,1675.81,4,757,61,2010-11-11 13:26:00,2010-09-30 09:39:00,418.9525,20,42,0.09523809523809523,1,4582.64,1
14006.0,1234.48,4,1540,40,2010-06-29 12:43:00,2010-02-25 09:45:00,308.62,155,124,0.03225806451612903,1,962.19,0
14007.0,79.48,1,16,5,2010-07-15 09:06:00,2010-07-15 09:06:00,79.48,139,0,1.0,1,0.0,0
14008.0,509.04,1,326,32,2010-10-03 13:09:00,2010-10-03 13:09:00,509.04,59,0,1.0,1,0.0,0
14009.0,404.29999999999995,1,586,32,2010-09-03 12:08:00,2010-09-03 12:08:00,404.29999999999995,89,0,1.0,1,695.61,0
14010.0,445.15,2,177,20,2010-05-23 13:00:00,2010-05-23 12:46:00,222.575,192,0,2.0,1,0.0,0
14011.0,457.82,2,644,32,2010-08-16 15:31:00,2010-04-11 13:40:00,228.91,107,127,0.015748031496062992,1,0.0,0
14013.0,611.55,2,313,30,2010-11-24 16:16:00,2010-03-26 10:02:00,305.775,7,243,0.00823045267489712,1,473.02,0
14014.0,1443.03,2,928,37,2010-11-28 14:56:00,2010-05-12 09:04:00,721.515,3,200,0.01,1,505.18,0
14016.0,7012.2,7,3596,245,2010-11-08 15:42:00,2010-01-08 14:12:00,1001.7428571428571,23,304,0.023026315789473683,0,4291.21,1
14017.0,229.75,1,73,14,2010-05-17 14:52:00,2010-05-17 14:52:00,229.75,198,0,1.0,1,0.0,0
14018.0,367.15,1,224,13,2010-03-04 14:23:00,2010-03-04 14:23:00,367.15,272,0,1.0,1,0.0,0
14020.0,606.21,2,207,29,2010-08-20 13:09:00,2010-06-28 15:29:00,303.105,103,52,0.038461538461538464,1,642.8,0
14021.0,1084.68,4,686,64,2010-11-30 15:14:00,2010-04-26 11:22:00,271.17,1,218,0.01834862385321101,1,631.9,0
14022.0,352.15000000000003,1,194,19,2010-08-10 09:38:00,2010-08-10 09:38:00,352.15000000000003,113,0,1.0,1,440.0,0
14024.0,318.04,1,88,18,2010-11-14 10:51:00,2010-11-14 10:51:00,318.04,17,0,1.0,1,327.7,0
14025.0,4057.9,8,1914,60,2010-09-01 10:11:00,2010-05-05 09:56:00,507.2375,91,119,0.06722689075630252,1,0.0,0
14026.0,713.11,2,427,43,2010-08-26 10:31:00,2010-03-24 14:10:00,356.555,97,154,0.012987012987012988,1,0.0,0
14028.0,10396.5,3,7170,3,2010-06-07 13:33:00,2010-06-07 12:02:00,3465.5,177,0,3.0,1,0.0,0
14030.0,5162.96,12,2737,441,2010-11-28 15:19:00,2009-12-10 17:27:00,430.24666666666667,3,352,0.03409090909090909,1,2358.84,1
14031.0,21732.65,25,7995,201,2010-11-26 17:25:00,2009-12-03 15:35:00,869.306,5,358,0.06983240223463687,1,17286.86,1
14032.0,1570.82,5,1708,48,2010-11-18 10:32:00,2009-12-14 12:02:00,314.164,13,338,0.014792899408284023,1,2975.59,1
14033.0,109.44,1,576,1,2010-06-02 15:10:00,2010-06-02 15:10:00,109.44,182,0,1.0,1,0.0,0
14035.0,1366.73,4,666,42,2010-10-29 10:10:00,2010-04-06 12:39:00,341.6825,33,205,0.01951219512195122,1,1428.02,1
14037.0,689.75,4,544,76,2010-08-18 12:52:00,2009-12-07 11:39:00,172.4375,105,254,0.015748031496062992,1,147.20000000000002,0
14038.0,1509.5,2,743,54,2010-11-07 14:52:00,2010-02-04 08:56:00,754.75,24,276,0.007246376811594203,1,1560.38,1
14039.0,115.08000000000001,1,100,4,2010-05-13 10:15:00,2010-05-13 10:15:00,115.08000000000001,202,0,1.0,1,152.2,0
14040.0,8963.49,23,3428,265,2010-11-18 13:01:00,2009-12-01 12:14:00,389.7169565217391,13,352,0.06534090909090909,1,3560.32,1
14042.0,431.98,1,180,21,2009-12-14 15:07:00,2009-12-14 15:07:00,431.98,352,0,1.0,1,0.0,0
14043.0,302.59999999999997,2,152,37,2010-08-05 18:18:00,2009-12-10 15:56:00,151.29999999999998,118,238,0.008403361344537815,1,0.0,0
14044.0,2427.53,6,1795,445,2010-10-17 13:28:00,2010-01-24 15:14:00,404.58833333333337,45,265,0.022641509433962263,1,646.42,0
14045.0,9326.88,12,3924,16,2010-11-24 12:40:00,2010-01-08 10:08:00,777.2399999999999,7,320,0.0375,1,1659.75,1
14047.0,2659.5,9,1160,84,2010-11-05 13:30:00,2010-02-01 10:05:00,295.5,26,277,0.032490974729241874,1,1308.6100000000001,1
14048.0,338.76,2,179,55,2010-11-22 14:21:00,2010-11-22 14:08:00,169.38,9,0,2.0,1,409.93,0
14049.0,7444.68,9,4672,364,2010-11-17 10:44:00,2010-04-01 14:52:00,827.1866666666667,14,229,0.039301310043668124,1,5578.72,1
14051.0,6160.59,14,1953,50,2010-11-23 13:52:00,2009-12-03 11:53:00,440.0421428571429,8,355,0.03943661971830986,1,15610.390000000001,1
14052.0,241.3,1,85,65,2010-11-14 11:37:00,2010-11-14 11:37:00,241.3,17,0,1.0,1,225.35999999999999,0
14053.0,312.05,2,275,3,2010-11-07 14:50:00,2010-08-10 11:02:00,156.025,24,89,0.02247191011235955,1,260.25,0
14055.0,795.3199999999999,2,504,23,2010-05-11 10:24:00,2009-12-16 15:11:00,397.65999999999997,204,145,0.013793103448275862,1,725.6400000000001,0
14057.0,2135.0,5,1565,124,2010-11-23 08:38:00,2009-12-03 13:17:00,427.0,8,354,0.014124293785310734,1,6211.66,1
14058.0,469.19,2,211,23,2010-09-03 09:31:00,2010-06-27 11:29:00,234.595,89,67,0.029850746268656716,1,0.0,0
14060.0,2757.82,11,2033,39,2010-11-24 14:36:00,2010-03-11 09:47:00,250.7109090909091,7,258,0.04263565891472868,1,6140.42,1
14061.0,917.4300000000001,3,133,17,2010-07-20 17:22:00,2009-12-01 18:03:00,305.81,134,230,0.013043478260869565,1,0.0,0
14062.0,15120.800000000001,12,7201,113,2010-11-30 11:00:00,2009-12-10 14:28:00,1260.0666666666668,1,354,0.03389830508474576,1,10464.85,1
14063.0,9471.5,7,3848,29,2010-01-22 11:28:00,2009-12-08 13:46:00,1353.0714285714287,313,44,0.1590909090909091,1,0.0,0
14064.0,1925.9,10,2139,89,2010-10-05 13:20:00,2010-01-21 13:22:00,192.59,57,256,0.0390625,1,1334.34,1
14065.0,891.02,3,582,42,2010-11-15 16:13:00,2010-10-04 12:03:00,297.00666666666666,16,42,0.07142857142857142,1,0.0,0
14068.0,1250.8700000000001,3,437,73,2010-04-15 14:28:00,2010-01-31 10:10:00,416.9566666666667,230,74,0.04054054054054054,1,265.85,0
14069.0,225.81,2,58,37,2010-07-13 12:12:00,2010-05-27 12:30:00,112.905,141,46,0.043478260869565216,1,0.0,0
14070.0,321.6,1,85,40,2010-01-24 12:27:00,2010-01-24 12:27:00,321.6,311,0,1.0,1,0.0,0
14072.0,390.85,1,65,19,2010-02-11 12:31:00,2010-02-11 12:31:00,390.85,293,0,1.0,1,0.0,0
14074.0,219.4,1,228,6,2010-03-26 13:55:00,2010-03-26 13:55:00,219.4,250,0,1.0,1,0.0,0
14075.0,782.61,2,739,35,2010-11-01 13:15:00,2010-08-26 13:42:00,391.305,30,66,0.030303030303030304,1,942.26,0
14077.0,115.66,1,108,14,2010-11-09 16:01:00,2010-11-09 16:01:00,115.66,22,0,1.0,1,499.42,0
14078.0,502.45,3,275,72,2010-08-22 10:57:00,2010-03-28 15:05:00,167.48333333333332,101,146,0.02054794520547945,1,1049.37,0
14079.0,243.63,1,1,1,2010-01-26 17:19:00,2010-01-26 17:19:00,243.63,309,0,1.0,1,375.1,0
14080.0,1070.08,4,220,70,2010-10-22 14:04:00,2009-12-02 15:01:00,267.52,40,323,0.01238390092879257,1,45.599999999999994,0
14081.0,3945.95,8,2789,420,2010-10-29 15:00:00,2009-12-10 18:27:00,493.24375,33,322,0.024844720496894408,1,921.62,0
14082.0,231.10999999999999,1,136,36,2010-11-12 11:47:00,2010-11-12 11:47:00,231.10999999999999,19,0,1.0,1,182.25,0
14083.0,79.29,2,55,8,2010-07-16 12:51:00,2009-12-18 11:34:00,39.645,138,210,0.009523809523809525,1,1002.9,0
14084.0,150.5,1,306,7,2010-07-15 14:36:00,2010-07-15 14:36:00,150.5,139,0,1.0,1,0.0,0
14085.0,5284.38,14,3256,332,2010-11-30 15:33:00,2009-12-08 13:41:00,377.4557142857143,1,357,0.0392156862745098,1,4421.29,1
14086.0,39.95,1,1,1,2010-09-03 10:52:00,2010-09-03 10:52:00,39.95,89,0,1.0,1,0.0,0
14087.0,638.0,2,468,126,2010-10-31 11:22:00,2009-12-04 15:27:00,319.0,31,330,0.006060606060606061,1,191.47,0
14088.0,13544.99,3,2611,93,2010-10-29 10:31:00,2010-10-14 19:46:00,4514.996666666667,33,14,0.21428571428571427,1,50491.81,1
14091.0,9530.08,2,3316,13,2010-02-23 15:17:00,2010-01-10 13:41:00,4765.04,281,44,0.045454545454545456,1,0.0,0
14092.0,3152.54,10,1540,92,2010-11-30 14:48:00,2009-12-16 16:24:00,315.254,1,348,0.028735632183908046,1,4076.9100000000003,1
14094.0,311.77,1,158,41,2010-09-26 11:58:00,2010-09-26 11:58:00,311.77,66,0,1.0,1,0.0,0
14095.0,2.95,1,1,1,2009-12-17 12:49:00,2009-12-17 12:49:00,2.95,349,0,1.0,1,0.0,0
14097.0,422.86,2,352,39,2010-08-15 14:20:00,2010-03-04 10:46:00,211.43,108,164,0.012195121951219513,1,0.0,0
14099.0,2646.7400000000002,9,1487,165,2010-11-29 13:03:00,2009-12-10 11:55:00,294.08222222222224,2,354,0.025423728813559324,1,3104.17,1
14101.0,3985.14,7,3600,15,2010-11-16 14:54:00,2010-03-28 13:36:00,569.3057142857143,15,233,0.030042918454935622,1,5976.79,1
14104.0,524.3199999999999,3,423,99,2010-11-15 13:13:00,2010-05-28 16:11:00,174.7733333333333,16,170,0.01764705882352941,1,216.21,0
14105.0,4722.6,4,2734,172,2010-10-27 11:53:00,2009-12-18 16:57:00,1180.65,35,312,0.01282051282051282,1,1266.23,0
14106.0,214.8,1,24,1,2009-12-02 14:09:00,2009-12-02 14:09:00,214.8,364,0,1.0,1,0.0,0
14107.0,2174.07,4,1696,71,2010-09-17 12:25:00,2009-12-09 14:20:00,543.5175,75,281,0.014234875444839857,1,2703.23,1
14108.0,447.05,2,279,18,2009-12-08 15:25:00,2009-12-01 18:07:00,223.525,358,6,0.3333333333333333,1,597.91,0
14110.0,7304.8,21,3380,126,2010-09-30 17:13:00,2009-12-01 09:50:00,347.84761904761905,62,303,0.06930693069306931,1,5683.15,1
14112.0,2919.44,6,1888,122,2010-09-14 13:41:00,2010-02-23 14:16:00,486.5733333333333,78,202,0.0297029702970297,1,2915.15,1
14113.0,5252.1900000000005,12,2694,57,2010-11-29 15:53:00,2009-12-08 07:42:00,437.68250000000006,2,356,0.033707865168539325,1,1840.42,1
14114.0,977.5600000000001,5,549,58,2010-11-09 09:13:00,2010-04-12 11:07:00,195.512,22,210,0.023809523809523808,1,386.53,0
14115.0,622.67,2,509,22,2010-07-26 12:36:00,2010-02-11 11:44:00,311.335,128,165,0.012121212121212121,1,0.0,0
14118.0,458.45,1,97,15,2010-10-07 11:59:00,2010-10-07 11:59:00,458.45,55,0,1.0,1,0.0,0
14119.0,183.37,2,177,11,2010-11-29 10:33:00,2009-12-21 14:52:00,91.685,2,342,0.005847953216374269,1,0.0,0
14122.0,362.42,3,114,12,2010-10-29 15:11:00,2009-12-02 14:22:00,120.80666666666667,33,331,0.00906344410876133,1,0.0,0
14123.0,436.18,1,234,24,2009-12-06 15:35:00,2009-12-06 15:35:00,436.18,360,0,1.0,1,0.0,0
14126.0,466.33000000000004,1,379,28,2010-09-21 14:51:00,2010-09-21 14:51:00,466.33000000000004,71,0,1.0,1,706.1300000000001,0
14127.0,1190.3700000000001,3,507,64,2010-11-24 16:56:00,2010-10-10 11:53:00,396.79,7,45,0.06666666666666667,1,709.71,0
14128.0,286.71,1,250,19,2010-06-06 14:05:00,2010-06-06 14:05:00,286.71,178,0,1.0,1,637.5,0
14129.0,1467.48,4,822,22,2010-11-05 09:59:00,2010-05-09 14:54:00,366.87,26,179,0.0223463687150838,1,1123.8600000000001,0
14130.0,1377.86,3,958,131,2010-11-29 17:11:00,2009-12-11 16:33:00,459.28666666666663,2,353,0.0084985835694051,1,480.91,0
14131.0,168.22,1,105,45,2010-03-01 11:59:00,2010-03-01 11:59:00,168.22,275,0,1.0,1,0.0,0
14133.0,305.5,1,50,8,2009-12-06 12:10:00,2009-12-06 12:10:00,305.5,360,0,1.0,1,605.64,0
14134.0,11123.35,15,5814,130,2010-11-22 12:26:00,2009-12-10 09:25:00,741.5566666666667,9,347,0.043227665706051875,1,0.0,0
14135.0,4149.36,9,4684,62,2010-11-26 15:49:00,2009-12-02 08:58:00,461.03999999999996,5,359,0.025069637883008356,1,4690.31,1
14136.0,1570.81,5,1148,86,2010-11-04 11:53:00,2009-12-08 09:19:00,314.162,27,331,0.015105740181268883,1,0.0,0
14137.0,332.7,1,462,11,2010-01-13 12:30:00,2010-01-13 12:30:00,332.7,322,0,1.0,1,0.0,0
14139.0,670.98,3,539,29,2010-08-06 14:00:00,2010-06-15 09:17:00,223.66,117,52,0.057692307692307696,1,415.82,0
14142.0,359.53000000000003,1,205,22,2010-03-03 15:13:00,2010-03-03 15:13:00,359.53000000000003,273,0,1.0,1,311.81,0
14144.0,30.6,1,12,1,2010-08-10 15:17:00,2010-08-10 15:17:00,30.6,113,0,1.0,1,0.0,0
14145.0,3857.85,3,899,10,2010-09-06 09:53:00,2010-04-08 09:47:00,1285.95,86,151,0.019867549668874173,1,3742.2,1
14146.0,5259.3,7,3343,204,2010-11-21 15:55:00,2010-01-13 16:04:00,751.3285714285714,10,311,0.022508038585209004,1,4191.0,1
14147.0,2106.8,7,887,21,2010-11-16 08:11:00,2010-03-09 13:43:00,300.9714285714286,15,251,0.027888446215139442,1,483.4,0
14148.0,309.09000000000003,1,207,14,2010-10-21 14:08:00,2010-10-21 14:08:00,309.09000000000003,41,0,1.0,1,157.2,0
14151.0,679.45,2,405,44,2010-02-04 15:35:00,2009-12-23 10:54:00,339.725,300,43,0.046511627906976744,1,0.0,0
14152.0,1376.05,5,1133,75,2010-11-17 14:20:00,2010-02-18 13:57:00,275.21,14,272,0.01838235294117647,1,621.29,0
14153.0,233.39999999999998,1,312,17,2010-08-13 14:35:00,2010-08-13 14:35:00,233.39999999999998,110,0,1.0,1,0.0,0
14154.0,5115.08,6,2757,204,2010-11-23 17:53:00,2010-01-13 12:47:00,852.5133333333333,8,314,0.01910828025477707,1,1345.62,1
14156.0,187049.09,96,106532,1091,2010-11-26 10:14:00,2009-12-01 12:30:00,1948.4280208333332,5,359,0.26740947075208915,0,116560.08,1
14157.0,553.8000000000001,3,250,33,2010-11-15 15:10:00,2010-03-03 16:49:00,184.60000000000002,16,256,0.01171875,1,424.89000000000004,0
14159.0,3221.6,9,2169,366,2010-11-25 13:32:00,2009-12-03 12:31:00,357.9555555555555,6,357,0.025210084033613446,1,4627.98,1
14160.0,8421.47,7,4661,80,2010-04-08 14:30:00,2010-01-10 12:06:00,1203.0671428571427,237,88,0.07954545454545454,1,0.0,0
14161.0,1899.31,4,1030,140,2010-09-26 11:13:00,2009-12-13 11:46:00,474.8275,66,286,0.013986013986013986,1,1097.6200000000001,0
14163.0,148.71,1,57,6,2010-09-03 17:15:00,2010-09-03 17:15:00,148.71,89,0,1.0,1,2445.91,1
14166.0,251.15,2,82,39,2010-07-22 19:42:00,2010-03-23 15:10:00,125.575,131,121,0.01652892561983471,1,0.0,0
14167.0,711.7,4,193,32,2010-09-01 17:15:00,2010-01-27 16:07:00,177.925,91,217,0.018433179723502304,1,562.59,0
14168.0,370.45,2,147,11,2010-10-15 10:49:00,2010-05-24 12:28:00,185.225,47,143,0.013986013986013986,1,0.0,0
14169.0,613.11,2,201,49,2010-10-05 08:45:00,2010-09-21 13:39:00,306.555,57,13,0.15384615384615385,1,0.0,0
14170.0,570.18,3,270,123,2010-11-29 13:10:00,2010-11-09 14:06:00,190.05999999999997,2,19,0.15789473684210525,1,0.0,0
14171.0,135.0,1,44,6,2009-12-09 13:50:00,2009-12-09 13:50:00,135.0,357,0,1.0,1,363.79,0
14172.0,369.02,3,78,38,2010-04-13 13:26:00,2010-03-07 10:58:00,123.00666666666666,232,37,0.08108108108108109,1,0.0,0
14173.0,135.16,2,44,3,2010-03-08 13:24:00,2009-12-09 12:46:00,67.58,268,89,0.02247191011235955,1,450.84,0
14175.0,4456.58,5,1494,125,2010-10-17 13:59:00,2010-03-22 10:43:00,891.316,45,209,0.023923444976076555,1,3222.3,1
14176.0,179.56,1,56,6,2010-11-23 13:21:00,2010-11-23 13:21:00,179.56,8,0,1.0,1,576.9000000000001,0
14177.0,1660.23,9,839,118,2010-11-23 14:23:00,2010-02-26 11:59:00,184.47,8,270,0.03333333333333333,1,549.46,0
14180.0,1368.98,8,128,36,2010-11-21 10:51:00,2010-06-09 14:56:00,171.1225,10,164,0.04878048780487805,1,4748.52,1
14181.0,308.35,2,120,48,2010-10-25 08:27:00,2010-05-26 12:32:00,154.175,37,151,0.013245033112582781,1,0.0,0
14182.0,678.77,4,174,42,2010-09-22 11:45:00,2010-04-22 15:36:00,169.6925,70,152,0.02631578947368421,1,0.0,0
14183.0,278.34000000000003,2,60,27,2010-10-24 14:45:00,2010-08-15 15:36:00,139.17000000000002,38,69,0.028985507246376812,1,0.0,0
14186.0,1550.63,5,1550,75,2010-10-08 13:30:00,2010-03-05 11:17:00,310.12600000000003,54,217,0.02304147465437788,1,0.0,0
14187.0,123.5,1,50,8,2010-08-23 12:06:00,2010-08-23 12:06:00,123.5,100,0,1.0,1,0.0,0
14189.0,849.07,1,455,42,2010-11-16 09:28:00,2010-11-16 09:28:00,849.07,15,0,1.0,1,4654.08,1
14190.0,79.9,1,2,1,2010-02-11 14:27:00,2010-02-11 14:27:00,79.9,293,0,1.0,1,0.0,0
14191.0,132.9,2,62,6,2010-11-10 12:27:00,2009-12-11 10:48:00,66.45,21,334,0.005988023952095809,1,4684.76,1
14192.0,293.74,1,218,14,2010-11-16 17:44:00,2010-11-16 17:44:00,293.74,15,0,1.0,1,0.0,0
14193.0,356.8,1,208,22,2010-11-08 12:31:00,2010-11-08 12:31:00,356.8,23,0,1.0,1,853.39,0
14194.0,7321.070000000001,15,4197,246,2010-11-12 12:26:00,2010-01-06 12:16:00,488.07133333333337,19,310,0.04838709677419355,1,11349.52,1
14195.0,1603.6,4,1384,5,2010-09-26 14:06:00,2010-03-15 17:12:00,400.9,66,194,0.020618556701030927,1,1012.0,0
14197.0,390.05,1,143,20,2010-10-25 10:01:00,2010-10-25 10:01:00,390.05,37,0,1.0,1,0.0,0
14198.0,868.33,5,333,33,2010-11-04 13:50:00,2010-01-05 10:07:00,173.666,27,303,0.0165016501650165,1,701.4,0
14199.0,906.3,3,226,15,2010-10-12 08:25:00,2010-06-27 12:13:00,302.09999999999997,50,106,0.02830188679245283,1,185.39999999999998,0
14200.0,379.2,1,140,21,2010-04-01 13:01:00,2010-04-01 13:01:00,379.2,244,0,1.0,1,0.0,0
14201.0,446.1,3,216,17,2010-10-26 18:51:00,2010-04-30 13:00:00,148.70000000000002,36,179,0.01675977653631285,1,747.44,0
14202.0,847.76,3,166,27,2010-11-23 17:13:00,2010-03-25 10:36:00,282.58666666666664,8,243,0.012345679012345678,1,0.0,0
14203.0,339.34,1,80,16,2010-11-07 13:35:00,2010-11-07 13:35:00,339.34,24,0,1.0,1,0.0,0
14204.0,874.22,3,397,158,2010-10-13 13:32:00,2009-12-02 13:26:00,291.4066666666667,49,315,0.009523809523809525,1,150.61,0
14205.0,1947.5,7,1138,65,2010-11-10 14:37:00,2010-03-07 12:20:00,278.2142857142857,21,248,0.028225806451612902,1,466.7,0
14206.0,856.85,2,654,43,2010-11-16 18:20:00,2010-11-02 11:37:00,428.425,15,14,0.14285714285714285,1,328.15999999999997,0
14207.0,157.8,1,36,2,2010-01-21 09:33:00,2010-01-21 09:33:00,157.8,314,0,1.0,1,0.0,0
14208.0,415.31,1,415,25,2010-06-06 13:11:00,2010-06-06 13:11:00,415.31,178,0,1.0,1,151.74,0
14209.0,2919.84,9,1048,97,2010-11-19 13:58:00,2010-01-22 10:28:00,324.4266666666667,12,301,0.029900332225913623,1,2073.43,1
14210.0,3650.73,10,1751,127,2010-09-29 09:23:00,2010-01-06 10:17:00,365.073,63,265,0.03773584905660377,1,1905.8400000000001,1
14211.0,2161.19,9,1333,96,2010-10-24 12:54:00,2009-12-09 12:48:00,240.13222222222223,38,319,0.02821316614420063,1,2241.1,1
14212.0,1119.66,1,894,12,2010-09-20 11:48:00,2010-09-20 11:48:00,1119.66,72,0,1.0,1,1070.48,0
14213.0,1192.2,1,244,5,2010-10-31 10:37:00,2010-10-31 10:37:00,1192.2,31,0,1.0,1,0.0,0
14215.0,1460.6100000000001,3,823,75,2010-08-26 09:31:00,2009-12-08 09:35:00,486.87000000000006,97,260,0.011538461538461539,1,1789.72,1
14216.0,310.74,1,118,18,2010-10-21 15:07:00,2010-10-21 15:07:00,310.74,41,0,1.0,1,1839.3,1
14217.0,1293.61,6,541,63,2010-11-28 15:18:00,2010-06-30 12:54:00,215.60166666666666,3,151,0.039735099337748346,1,2004.98,1
14219.0,543.89,2,285,32,2010-10-26 10:34:00,2010-08-03 14:42:00,271.945,36,83,0.024096385542168676,1,89.94,0
14220.0,882.5999999999999,2,196,12,2010-05-21 13:29:00,2010-05-19 13:26:00,441.29999999999995,194,2,1.0,1,632.4000000000001,0
14221.0,3084.69,8,1617,67,2010-09-16 14:41:00,2010-04-06 14:10:00,385.58625,76,163,0.049079754601226995,1,3432.8,1
14224.0,831.98,5,343,101,2010-11-14 13:53:00,2010-06-13 13:46:00,166.39600000000002,17,154,0.032467532467532464,1,1009.73,0
14225.0,2031.07,4,1167,70,2010-10-01 10:32:00,2010-01-12 15:02:00,507.7675,61,261,0.01532567049808429,1,0.0,0
14226.0,770.34,1,418,31,2010-09-24 14:32:00,2010-09-24 14:32:00,770.34,68,0,1.0,1,2214.79,1
14227.0,3015.2,5,2225,163,2010-10-21 10:49:00,2010-02-08 09:38:00,603.04,41,255,0.0196078431372549,1,3350.96,1
14228.0,745.5,3,260,38,2010-09-28 09:45:00,2010-06-11 12:29:00,248.5,64,108,0.027777777777777776,1,0.0,0
14229.0,1046.84,4,324,21,2010-11-01 13:04:00,2010-08-25 11:47:00,261.71,30,68,0.058823529411764705,1,1547.2,1
14230.0,979.8000000000001,3,246,27,2010-09-30 09:07:00,2010-06-09 13:56:00,326.6,62,112,0.026785714285714284,1,0.0,0
14231.0,309.91,1,201,19,2010-09-15 09:52:00,2010-09-15 09:52:00,309.91,77,0,1.0,1,925.71,0
14233.0,1441.55,3,581,30,2010-08-31 15:03:00,2010-03-05 16:35:00,480.51666666666665,92,178,0.016853932584269662,1,1462.72,1
14235.0,1573.13,4,1055,53,2010-07-29 17:24:00,2010-03-30 13:36:00,393.2825,125,121,0.03305785123966942,1,3144.86,1
14236.0,1064.48,3,464,27,2010-10-04 15:07:00,2010-07-22 14:27:00,354.82666666666665,58,74,0.04054054054054054,1,490.86,0
14237.0,310.14,1,200,17,2010-04-28 10:04:00,2010-04-28 10:04:00,310.14,217,0,1.0,1,161.0,0
14238.0,287.38,2,78,5,2010-02-15 11:39:00,2009-12-05 10:58:00,143.69,289,72,0.027777777777777776,1,146.85,0
14239.0,1882.3200000000002,10,736,41,2010-10-04 15:01:00,2009-12-05 12:36:00,188.23200000000003,58,303,0.033003300330033,1,2380.85,1
14240.0,357.15000000000003,1,237,19,2010-10-12 12:48:00,2010-10-12 12:48:00,357.15000000000003,50,0,1.0,1,890.34,0
14241.0,120.0,1,96,2,2010-01-12 15:11:00,2010-01-12 15:11:00,120.0,323,0,1.0,1,213.70000000000002,0
14243.0,4628.9800000000005,7,2410,178,2010-11-29 13:09:00,2010-08-20 13:41:00,661.2828571428572,2,100,0.07,1,2588.77,1
14244.0,366.41999999999996,1,814,16,2010-02-17 11:40:00,2010-02-17 11:40:00,366.41999999999996,287,0,1.0,1,0.0,0
14247.0,616.79,4,331,72,2010-10-31 13:58:00,2010-06-06 15:07:00,154.1975,31,146,0.0273972602739726,1,136.77,0
14248.0,730.37,2,590,33,2010-09-06 14:04:00,2010-07-12 14:27:00,365.185,86,55,0.03636363636363636,1,302.58,0
14249.0,5400.46,12,2382,177,2010-10-25 12:34:00,2010-01-29 14:21:00,450.03833333333336,37,268,0.04477611940298507,1,0.0,0
14252.0,350.99,1,111,10,2010-11-23 13:36:00,2010-11-23 13:36:00,350.99,8,0,1.0,1,0.0,0
14253.0,363.40000000000003,2,88,11,2010-08-03 14:55:00,2010-03-26 15:08:00,181.70000000000002,120,129,0.015503875968992248,1,0.0,0
14254.0,601.03,1,263,23,2010-10-03 11:52:00,2010-10-03 11:52:00,601.03,59,0,1.0,1,0.0,0
14256.0,1491.73,3,733,70,2010-08-05 09:30:00,2010-01-14 10:35:00,497.24333333333334,118,202,0.01485148514851485,1,969.0600000000001,0
14257.0,2854.73,4,1650,97,2010-11-24 16:00:00,2010-03-01 15:36:00,713.6825,7,268,0.014925373134328358,1,3099.7200000000003,1
14258.0,19381.36,16,10388,85,2010-11-09 10:08:00,2009-12-04 08:36:00,1211.335,22,340,0.047058823529411764,1,12669.98,1
14260.0,824.28,3,544,50,2010-08-25 14:55:00,2010-06-09 11:23:00,274.76,98,77,0.03896103896103896,1,0.0,0
14263.0,322.93,1,171,16,2010-10-12 14:09:00,2010-10-12 14:09:00,322.93,50,0,1.0,1,0.0,0
14264.0,1183.39,4,483,49,2010-11-25 17:42:00,2010-04-07 13:21:00,295.8475,6,232,0.017241379310344827,1,333.97,0
14265.0,843.1700000000001,2,385,47,2010-09-01 12:20:00,2010-04-06 14:39:00,421.58500000000004,91,147,0.013605442176870748,0,530.18,0
14266.0,40.56,1,24,1,2010-10-07 13:32:00,2010-10-07 13:32:00,40.56,55,0,1.0,1,0.0,0
14268.0,354.85,1,147,19,2010-08-26 10:45:00,2010-08-26 10:45:00,354.85,97,0,1.0,1,0.0,0
14269.0,295.73,1,123,16,2010-09-26 12:53:00,2010-09-26 12:53:00,295.73,66,0,1.0,1,0.0,0
14271.0,101.86,1,60,28,2010-10-26 17:01:00,2010-10-26 17:01:00,101.86,36,0,1.0,1,112.32000000000001,0
14272.0,482.85,2,498,31,2010-05-26 09:49:00,2010-05-06 14:01:00,241.425,189,19,0.10526315789473684,1,437.96,0
14274.0,256.6,1,178,15,2010-01-22 12:51:00,2010-01-22 12:51:00,256.6,313,0,1.0,1,0.0,0
14275.0,1189.3799999999999,6,538,14,2010-11-09 09:06:00,2010-04-11 12:32:00,198.23,22,211,0.02843601895734597,1,0.0,0
14276.0,982.9399999999999,4,662,38,2010-10-28 17:13:00,2010-02-17 13:10:00,245.73499999999999,34,253,0.015810276679841896,1,1119.74,0
14277.0,12637.16,5,87828,145,2010-10-24 12:44:00,2009-12-13 15:43:00,2527.432,38,314,0.01592356687898089,0,4152.0,1
14278.0,205.83,1,131,13,2010-10-26 12:07:00,2010-10-26 12:07:00,205.83,36,0,1.0,1,0.0,0
14279.0,191.86,2,46,3,2010-07-07 08:42:00,2010-01-27 16:34:00,95.93,147,160,0.0125,1,0.0,0
14281.0,245.15,1,45,7,2010-10-27 14:45:00,2010-10-27 14:45:00,245.15,35,0,1.0,1,0.0,0
14282.0,3549.32,10,2510,55,2010-11-23 07:12:00,2010-02-15 11:22:00,354.932,8,280,0.03571428571428571,1,3701.44,1
14283.0,628.44,4,550,36,2010-09-02 14:46:00,2010-05-19 12:22:00,157.11,90,106,0.03773584905660377,1,0.0,0
14284.0,704.4,1,349,35,2010-02-24 12:06:00,2010-02-24 12:06:00,704.4,280,0,1.0,1,595.25,0
14285.0,1374.41,4,413,33,2010-07-14 14:07:00,2009-12-08 14:13:00,343.6025,140,217,0.018433179723502304,1,1910.01,1
14286.0,3851.01,4,4457,167,2010-10-31 15:39:00,2009-12-04 08:40:00,962.7525,31,331,0.012084592145015106,1,4628.75,1
14290.0,2201.91,3,685,43,2010-10-22 12:03:00,2009-12-08 11:44:00,733.9699999999999,40,318,0.009433962264150943,1,2314.65,1
14291.0,4020.85,12,3397,158,2010-11-24 09:47:00,2009-12-09 10:46:00,335.0708333333333,7,349,0.034383954154727794,1,3883.25,1
14292.0,4354.32,7,1766,66,2010-10-25 12:18:00,2010-03-19 11:10:00,622.0457142857142,37,220,0.031818181818181815,1,4871.93,1
14293.0,1856.45,5,849,50,2010-11-21 12:10:00,2009-12-10 10:57:00,371.29,10,346,0.014450867052023121,1,1046.56,0
14294.0,375.34000000000003,1,190,23,2010-10-28 16:25:00,2010-10-28 16:25:00,375.34000000000003,34,0,1.0,1,0.0,0
14295.0,2186.71,3,944,60,2010-09-27 09:48:00,2009-12-09 13:06:00,728.9033333333333,65,291,0.010309278350515464,1,166.20000000000002,0
14296.0,456.4,2,314,27,2010-10-14 14:14:00,2010-05-14 14:34:00,228.2,48,152,0.013157894736842105,1,0.0,0
14298.0,39667.19,38,41929,712,2010-11-29 13:35:00,2009-12-11 13:49:00,1043.8734210526316,2,352,0.10795454545454546,1,51527.3,1
14299.0,10104.63,18,5987,90,2010-11-17 13:09:00,2009-12-02 10:58:00,561.3683333333333,14,350,0.05142857142857143,1,3965.62,1
14301.0,1352.04,3,1080,29,2010-10-19 14:09:00,2010-02-11 13:07:00,450.68,43,250,0.012,1,640.14,0
14302.0,742.9000000000001,3,298,25,2010-10-05 08:10:00,2009-12-02 08:16:00,247.63333333333335,57,306,0.00980392156862745,1,0.0,0
14303.0,277.94,2,218,21,2010-10-28 15:37:00,2010-10-01 10:31:00,138.97,34,27,0.07407407407407407,1,0.0,0
14304.0,1341.56,2,636,63,2010-11-25 10:20:00,2010-05-18 10:50:00,670.78,6,190,0.010526315789473684,1,383.45,0
14306.0,1058.0800000000002,4,990,12,2010-11-26 10:44:00,2010-01-31 13:42:00,264.52000000000004,5,298,0.013422818791946308,1,2093.32,1
14307.0,1292.2,4,758,74,2010-07-19 12:26:00,2009-12-07 13:06:00,323.05,135,223,0.017937219730941704,1,2995.7200000000003,1
14309.0,1428.28,2,950,69,2010-10-22 13:18:00,2010-06-07 10:24:00,714.14,40,137,0.014598540145985401,1,2352.53,1
14310.0,492.1,1,230,22,2010-10-03 12:34:00,2010-10-03 12:34:00,492.1,59,0,1.0,1,0.0,0
14311.0,206.19,1,89,11,2010-05-21 10:28:00,2010-05-21 10:28:00,206.19,194,0,1.0,1,310.26,0
14312.0,1478.7,5,892,88,2010-11-26 11:40:00,2010-07-23 15:05:00,295.74,5,125,0.04,1,1611.5900000000001,1
14314.0,109.8,1,36,2,2010-10-05 08:00:00,2010-10-05 08:00:00,109.8,57,0,1.0,1,120.0,0
14315.0,716.69,2,323,26,2010-05-24 13:56:00,2010-03-15 12:49:00,358.345,191,70,0.02857142857142857,1,2481.13,1
14316.0,1370.34,5,4494,21,2010-10-13 16:31:00,2010-03-19 15:18:00,274.068,49,208,0.02403846153846154,1,0.0,0
14318.0,158.02,1,152,9,2010-09-05 15:32:00,2010-09-05 15:32:00,158.02,87,0,1.0,1,0.0,0
14319.0,494.85,1,329,26,2010-10-11 13:38:00,2010-10-11 13:38:00,494.85,51,0,1.0,1,0.0,0
14320.0,868.96,3,388,46,2010-06-11 12:45:00,2010-01-21 11:44:00,289.65333333333336,173,141,0.02127659574468085,1,477.79,0
14321.0,687.3100000000001,2,869,56,2010-10-04 12:48:00,2010-08-23 12:56:00,343.65500000000003,58,41,0.04878048780487805,1,1530.75,1
14322.0,474.1,4,158,10,2010-10-06 15:17:00,2010-02-18 08:49:00,118.525,56,230,0.017391304347826087,1,0.0,0
14324.0,701.61,2,402,41,2010-10-26 11:44:00,2010-01-15 13:31:00,350.805,36,283,0.007067137809187279,1,0.0,0
14325.0,245.48000000000002,1,320,18,2010-05-19 09:20:00,2010-05-19 09:20:00,245.48000000000002,196,0,1.0,1,0.0,0
14326.0,757.13,2,469,48,2010-09-02 13:29:00,2010-06-25 12:10:00,378.565,90,69,0.028985507246376812,1,183.85,0
14327.0,1583.28,5,1157,89,2010-11-22 15:24:00,2010-01-08 14:04:00,316.656,9,318,0.015723270440251572,1,311.65000000000003,0
14329.0,4912.38,8,2826,206,2010-11-29 15:53:00,2009-12-16 15:31:00,614.0475,2,348,0.022988505747126436,1,4975.24,1
14330.0,200.63,1,103,13,2010-03-26 09:10:00,2010-03-26 09:10:00,200.63,250,0,1.0,1,0.0,0
14332.0,1077.2,2,412,31,2010-11-23 15:24:00,2010-10-19 13:01:00,538.6,8,35,0.05714285714285714,1,840.21,0
14334.0,1766.27,4,1255,77,2010-10-10 10:33:00,2010-05-20 10:04:00,441.5675,52,143,0.027972027972027972,1,2552.21,1
14338.0,339.88,1,287,19,2010-06-21 10:32:00,2010-06-21 10:32:00,339.88,163,0,1.0,1,588.22,0
14339.0,310.75,1,288,9,2010-10-07 08:50:00,2010-10-07 08:50:00,310.75,55,0,1.0,1,309.52000000000004,0
14341.0,2285.04,10,1416,100,2010-10-15 15:52:00,2009-12-01 12:20:00,228.504,47,318,0.031446540880503145,1,2166.98,1
14342.0,249.88,2,174,12,2010-10-03 12:46:00,2010-08-24 13:03:00,124.94,59,39,0.05128205128205128,1,668.5600000000001,0
14343.0,1079.66,4,626,193,2010-10-14 13:05:00,2010-01-18 16:47:00,269.915,48,268,0.014925373134328358,1,0.0,0
14344.0,2103.12,12,1069,100,2010-11-29 10:19:00,2010-03-23 15:47:00,175.26,2,250,0.048,1,889.9300000000001,0
14346.0,1294.17,3,1273,78,2010-10-10 14:19:00,2010-07-30 10:44:00,431.39000000000004,52,72,0.041666666666666664,1,1021.58,0
14347.0,82.60000000000001,1,48,6,2009-12-03 10:49:00,2009-12-03 10:49:00,82.60000000000001,363,0,1.0,1,0.0,0
14350.0,689.1,2,360,38,2010-11-24 12:01:00,2010-10-05 15:52:00,344.55,7,49,0.04081632653061224,1,282.93,0
14353.0,285.9,2,280,14,2010-10-25 14:46:00,2010-10-04 12:38:00,142.95,37,21,0.09523809523809523,1,90.6,0
14355.0,665.65,2,525,48,2010-09-16 15:23:00,2010-03-22 15:08:00,332.825,76,178,0.011235955056179775,1,174.4,0
14358.0,400.06,2,338,21,2010-11-15 15:51:00,2010-10-07 17:26:00,200.03,16,38,0.05263157894736842,1,0.0,0
14361.0,214.71,1,251,14,2010-05-10 12:29:00,2010-05-10 12:29:00,214.71,205,0,1.0,1,0.0,0
14363.0,227.47000000000003,2,105,8,2010-11-02 17:01:00,2010-09-14 14:39:00,113.73500000000001,29,49,0.04081632653061224,1,0.0,0
14365.0,634.68,2,557,50,2010-11-10 09:52:00,2010-01-27 09:44:00,317.34,21,287,0.006968641114982578,1,0.0,0
14366.0,136.0,1,16,1,2010-07-02 17:23:00,2010-07-02 17:23:00,136.0,152,0,1.0,1,0.0,0
14369.0,469.13,2,255,24,2010-03-07 15:47:00,2010-02-16 10:28:00,234.565,269,19,0.10526315789473684,1,0.0,0
14370.0,1175.78,6,266,37,2010-09-15 10:53:00,2010-02-01 08:35:00,195.96333333333334,77,226,0.02654867256637168,1,0.0,0
14372.0,860.08,2,378,36,2010-09-22 16:17:00,2010-04-19 15:57:00,430.04,70,156,0.01282051282051282,1,0.0,0
14374.0,108.0,1,20,7,2010-06-16 14:25:00,2010-06-16 14:25:00,108.0,168,0,1.0,1,0.0,0
14375.0,871.26,2,463,128,2010-09-15 14:45:00,2010-06-16 14:34:00,435.63,77,91,0.02197802197802198,1,235.56,0
14376.0,215.46,1,50,17,2010-01-25 15:36:00,2010-01-25 15:36:00,215.46,310,0,1.0,1,0.0,0
14378.0,131.25,1,57,9,2010-03-28 12:22:00,2010-03-28 12:22:00,131.25,248,0,1.0,1,0.0,0
14379.0,917.0600000000001,2,420,68,2010-11-11 16:29:00,2010-08-16 15:31:00,458.53000000000003,20,87,0.022988505747126436,1,348.1,0
14380.0,48.96,1,1,1,2010-01-26 17:11:00,2010-01-26 17:11:00,48.96,309,0,1.0,1,0.0,0
14381.0,423.26,1,303,56,2010-09-14 16:15:00,2010-09-14 16:15:00,423.26,78,0,1.0,1,202.68,0
14382.0,578.14,1,436,137,2010-11-14 16:32:00,2010-11-14 16:32:00,578.14,17,0,1.0,1,615.49,0
14384.0,58.5,1,30,3,2010-07-27 09:53:00,2010-07-27 09:53:00,58.5,127,0,1.0,1,0.0,0
14388.0,3175.36,8,2249,100,2010-11-18 16:28:00,2010-01-20 11:54:00,396.92,13,302,0.026490066225165563,1,3212.84,1
14389.0,854.55,3,659,29,2010-10-11 10:04:00,2010-04-28 14:57:00,284.84999999999997,51,165,0.01818181818181818,1,1043.46,0
14390.0,1507.46,4,697,105,2010-11-30 13:42:00,2010-10-10 14:30:00,376.865,1,50,0.08,1,4642.57,1
14391.0,135.6,1,168,14,2010-05-12 09:42:00,2010-05-12 09:42:00,135.6,203,0,1.0,1,0.0,0
14392.0,266.4,1,114,14,2010-10-03 12:56:00,2010-10-03 12:56:00,266.4,59,0,1.0,1,0.0,0
14394.0,93.8,1,58,6,2010-05-24 10:43:00,2010-05-24 10:43:00,93.8,191,0,1.0,1,0.0,0
14395.0,4322.02,11,2183,222,2010-11-15 14:36:00,2010-04-18 13:12:00,392.9109090909091,16,211,0.052132701421800945,1,3479.91,1
14396.0,1481.39,5,734,136,2010-08-01 12:38:00,2009-12-02 14:21:00,296.278,122,241,0.02074688796680498,1,487.99,0
14398.0,707.79,2,267,50,2010-11-03 13:46:00,2010-06-30 11:57:00,353.895,28,126,0.015873015873015872,1,0.0,0
14399.0,2108.21,8,965,119,2010-11-10 13:23:00,2010-02-03 13:09:00,263.52625,21,280,0.02857142857142857,1,0.0,0
14400.0,1157.77,2,1252,47,2010-10-27 13:59:00,2010-03-18 12:11:00,578.885,35,223,0.008968609865470852,1,574.7,0
14401.0,2744.42,9,1894,63,2010-10-11 15:25:00,2009-12-14 13:22:00,304.93555555555554,51,301,0.029900332225913623,1,4051.48,1
14402.0,285.6,1,240,8,2010-02-25 13:20:00,2010-02-25 13:20:00,285.6,279,0,1.0,1,0.0,0
14403.0,404.7,2,218,4,2010-04-29 08:47:00,2010-03-10 14:00:00,202.35,216,49,0.04081632653061224,1,1475.81,1
14404.0,1274.81,7,750,64,2010-08-01 14:18:00,2009-12-20 14:40:00,182.1157142857143,122,223,0.03139013452914798,1,1449.32,1
14405.0,195.0,1,100,2,2010-11-18 11:40:00,2010-11-18 11:40:00,195.0,13,0,1.0,1,0.0,0
14408.0,1503.24,4,828,11,2010-08-25 13:08:00,2009-12-07 12:18:00,375.81,98,261,0.01532567049808429,1,2599.03,1
14409.0,1367.8400000000001,3,1003,45,2010-11-24 13:41:00,2010-05-21 16:45:00,455.9466666666667,7,186,0.016129032258064516,1,2059.4500000000003,1
14410.0,1531.63,2,802,179,2010-11-28 14:57:00,2010-09-28 15:46:00,765.815,3,60,0.03333333333333333,1,1099.27,0
14412.0,656.16,1,642,41,2010-10-11 12:33:00,2010-10-11 12:33:00,656.16,51,0,1.0,1,770.03,0
14413.0,643.47,3,210,74,2010-10-25 14:41:00,2010-01-19 14:27:00,214.49,37,279,0.010752688172043012,1,121.05,0
14414.0,902.35,1,365,21,2010-11-30 10:12:00,2010-11-30 10:12:00,902.35,1,0,1.0,1,1496.98,1
14415.0,6124.52,10,3267,299,2010-11-25 13:51:00,2009-12-16 14:08:00,612.452,6,343,0.029154518950437316,1,5855.57,1
14417.0,524.65,1,543,106,2010-11-17 10:55:00,2010-11-17 10:55:00,524.65,14,0,1.0,1,0.0,0
14419.0,202.85,1,69,23,2010-11-22 11:09:00,2010-11-22 11:09:00,202.85,9,0,1.0,1,1051.79,0
14420.0,1251.65,3,786,58,2010-11-08 10:49:00,2010-01-17 12:41:00,417.2166666666667,23,294,0.01020408163265306,1,387.52,0
14421.0,1656.26,4,977,57,2010-07-15 12:30:00,2010-01-17 11:30:00,414.065,139,179,0.0223463687150838,1,813.11,0
14422.0,6007.88,13,3161,193,2010-11-30 10:43:00,2009-12-17 12:12:00,462.1446153846154,1,347,0.037463976945244955,1,4263.64,1
14423.0,651.4100000000001,2,299,11,2010-09-28 10:42:00,2010-01-14 11:49:00,325.70500000000004,64,256,0.0078125,1,265.2,0
14425.0,661.39,3,325,35,2010-10-01 10:24:00,2009-12-02 11:31:00,220.46333333333334,61,302,0.009933774834437087,1,0.0,0
14426.0,7246.27,7,4324,314,2010-11-01 16:24:00,2010-03-04 14:36:00,1035.1814285714286,30,242,0.028925619834710745,1,4481.67,1
14427.0,900.1800000000001,2,310,27,2010-08-02 11:25:00,2010-03-18 09:49:00,450.09000000000003,121,137,0.014598540145985401,1,363.34000000000003,0
14429.0,516.28,1,286,22,2010-11-01 10:08:00,2010-11-01 10:08:00,516.28,30,0,1.0,1,0.0,0
14430.0,1220.9,3,446,29,2010-07-16 11:35:00,2010-04-11 15:59:00,406.9666666666667,138,95,0.031578947368421054,1,0.0,0
14431.0,2143.84,3,1072,61,2010-11-25 14:03:00,2010-01-21 10:49:00,714.6133333333333,6,308,0.00974025974025974,1,470.36,0
14433.0,280.7,1,131,72,2010-08-31 12:35:00,2010-08-31 12:35:00,280.7,92,0,1.0,1,0.0,0
14435.0,90.42,1,282,3,2010-07-26 12:33:00,2010-07-26 12:33:00,90.42,128,0,1.0,1,0.0,0
14436.0,182.64,1,168,2,2010-06-04 11:32:00,2010-06-04 11:32:00,182.64,180,0,1.0,1,89.06,0
14437.0,810.34,4,360,31,2010-10-31 12:04:00,2010-05-05 12:20:00,202.585,31,178,0.02247191011235955,1,63.0,0
14439.0,6781.8,4,1718,83,2010-09-22 14:47:00,2010-01-21 14:01:00,1695.45,70,244,0.01639344262295082,0,2661.24,1
14440.0,3624.35,8,1017,47,2010-11-11 08:27:00,2009-12-02 12:13:00,453.04375,20,343,0.023323615160349854,1,2357.68,1
14441.0,2898.8,7,814,71,2010-11-30 19:35:00,2010-01-18 10:40:00,414.11428571428576,1,316,0.022151898734177215,1,1712.89,1
14442.0,3777.2,5,949,97,2010-10-21 15:39:00,2010-01-18 12:59:00,755.4399999999999,41,276,0.018115942028985508,0,1589.82,1
14443.0,662.77,1,419,40,2010-11-25 14:18:00,2010-11-25 14:18:00,662.77,6,0,1.0,1,1420.2,1
14444.0,120.44,1,172,11,2010-09-09 18:56:00,2010-09-09 18:56:00,120.44,83,0,1.0,1,0.0,0
14445.0,221.65,1,83,32,2010-09-10 11:09:00,2010-09-10 11:09:00,221.65,82,0,1.0,1,0.0,0
14446.0,189.93,1,175,42,2010-11-18 12:08:00,2010-11-18 12:08:00,189.93,13,0,1.0,1,1005.55,0
14447.0,548.5,1,342,36,2010-11-04 13:32:00,2010-11-04 13:32:00,548.5,27,0,1.0,1,1163.23,0
14449.0,1345.16,4,863,152,2010-11-02 12:48:00,2010-09-29 13:15:00,336.29,29,33,0.12121212121212122,1,885.8,0
14450.0,645.19,4,281,24,2010-11-25 11:58:00,2010-04-08 12:09:00,161.2975,6,230,0.017391304347826087,1,483.25,0
14451.0,2614.78,10,1359,194,2010-11-15 14:09:00,2010-01-17 10:35:00,261.478,16,302,0.033112582781456956,1,643.9,0
14452.0,399.9,2,169,62,2010-11-09 14:13:00,2010-07-06 13:13:00,199.95,22,126,0.015873015873015872,1,259.05,0
14454.0,977.3000000000001,5,400,93,2010-11-28 13:26:00,2009-12-06 12:56:00,195.46,3,357,0.014005602240896359,1,0.0,0
14455.0,617.72,4,706,65,2010-10-03 15:48:00,2010-08-01 13:26:00,154.43,59,63,0.06349206349206349,1,0.0,0
14458.0,219.26999999999998,1,309,45,2010-11-24 12:43:00,2010-11-24 12:43:00,219.26999999999998,7,0,1.0,1,0.0,0
14459.0,3537.82,1,1542,75,2010-02-26 13:26:00,2010-02-26 13:26:00,3537.82,278,0,1.0,1,1837.92,1
14460.0,659.16,6,998,23,2010-11-08 15:00:00,2009-12-15 19:06:00,109.86,23,327,0.01834862385321101,1,434.34,0
14461.0,4573.85,10,2239,368,2010-11-22 12:33:00,2010-01-18 12:48:00,457.38500000000005,9,307,0.03257328990228013,1,2102.67,1
14462.0,262.24,1,107,48,2010-10-03 14:13:00,2010-10-03 14:13:00,262.24,59,0,1.0,1,1975.57,1
14463.0,256.95,1,31,2,2010-07-28 11:35:00,2010-07-28 11:35:00,256.95,126,0,1.0,1,529.62,0
14464.0,111.0,2,62,4,2010-05-20 18:00:00,2010-03-22 15:20:00,55.5,195,59,0.03389830508474576,1,0.0,0
14465.0,2887.41,8,2141,31,2010-10-07 15:09:00,2010-01-07 15:03:00,360.92625,55,273,0.029304029304029304,1,1038.44,0
14466.0,1994.75,6,1501,68,2010-10-11 13:56:00,2009-12-13 15:44:00,332.4583333333333,51,301,0.019933554817275746,1,2272.4,1
14467.0,1606.98,8,911,113,2010-11-15 11:01:00,2009-12-02 12:44:00,200.8725,16,347,0.023054755043227664,1,596.26,0
14468.0,204.24,1,164,12,2009-12-06 12:21:00,2009-12-06 12:21:00,204.24,360,0,1.0,1,0.0,0
14469.0,2093.46,4,973,120,2010-10-19 14:30:00,2010-01-29 11:12:00,523.365,43,263,0.015209125475285171,1,0.0,0
14470.0,250.85,1,89,17,2010-10-05 12:39:00,2010-10-05 12:39:00,250.85,57,0,1.0,1,461.19,0
14471.0,400.95,2,187,38,2010-04-27 17:12:00,2009-12-07 12:26:00,200.475,218,141,0.014184397163120567,1,0.0,0
14472.0,266.05,1,136,41,2010-01-19 13:09:00,2010-01-19 13:09:00,266.05,316,0,1.0,1,1852.67,1
14474.0,711.23,1,308,97,2010-05-09 12:12:00,2010-05-09 12:12:00,711.23,206,0,1.0,1,547.66,0
14475.0,225.3,1,94,6,2010-10-27 09:20:00,2010-10-27 09:20:00,225.3,35,0,1.0,1,925.85,0
14477.0,660.0,3,400,3,2010-09-29 14:05:00,2010-01-04 15:41:00,220.0,63,267,0.011235955056179775,1,1309.6,1
14478.0,1276.66,4,1226,59,2010-11-22 15:29:00,2009-12-01 13:20:00,319.165,9,356,0.011235955056179775,1,0.0,0
14479.0,808.46,2,445,116,2010-10-17 11:58:00,2009-12-06 13:48:00,404.23,45,314,0.006369426751592357,1,316.25,0
14480.0,1020.47,3,527,43,2010-11-02 12:35:00,2009-12-21 16:32:00,340.1566666666667,29,315,0.009523809523809525,1,279.05,0
14481.0,1648.18,3,1079,103,2010-10-28 19:20:00,2010-01-31 12:43:00,549.3933333333333,34,270,0.011111111111111112,1,636.51,0
14482.0,2283.91,6,1242,91,2010-11-25 15:26:00,2010-08-26 14:13:00,380.65166666666664,6,91,0.06593406593406594,1,2022.81,1
14483.0,120.0,1,96,4,2009-12-03 10:16:00,2009-12-03 10:16:00,120.0,363,0,1.0,1,137.1,0
14484.0,749.0600000000001,3,534,37,2010-11-03 13:50:00,2009-12-17 10:57:00,249.6866666666667,28,321,0.009345794392523364,1,321.92,0
14486.0,175.5,2,90,4,2010-07-16 09:42:00,2010-06-04 10:30:00,87.75,138,41,0.04878048780487805,1,0.0,0
14487.0,100.79,1,49,24,2010-11-25 13:36:00,2010-11-25 13:36:00,100.79,6,0,1.0,1,1165.48,0
14489.0,1111.55,3,712,54,2010-09-28 15:26:00,2010-04-06 09:52:00,370.51666666666665,64,175,0.017142857142857144,1,463.38,0
14490.0,1273.47,2,933,72,2010-10-29 15:04:00,2010-10-07 11:36:00,636.735,33,22,0.09090909090909091,1,0.0,0
14492.0,1921.91,7,751,70,2010-10-05 13:21:00,2010-03-30 14:23:00,274.55857142857144,57,188,0.03723404255319149,1,0.0,0
14493.0,2704.62,5,1863,204,2010-11-14 16:16:00,2010-03-08 08:33:00,540.924,17,251,0.0199203187250996,1,2383.2400000000002,1
14494.0,261.9,2,118,10,2010-11-03 13:13:00,2009-12-08 13:25:00,130.95,28,329,0.0060790273556231,1,139.56,0
14495.0,51.0,1,6,1,2010-02-18 08:49:00,2010-02-18 08:49:00,51.0,286,0,1.0,1,123.80000000000001,0
14496.0,1825.08,5,746,58,2010-11-25 15:55:00,2010-03-16 13:15:00,365.01599999999996,6,254,0.01968503937007874,1,538.8100000000001,0
14497.0,221.69,1,97,11,2010-02-04 09:59:00,2010-02-04 09:59:00,221.69,300,0,1.0,1,475.37,0
14498.0,1943.51,5,1022,145,2010-11-03 11:11:00,2010-06-07 16:05:00,388.702,28,148,0.033783783783783786,1,1957.32,1
14499.0,1293.3500000000001,4,735,86,2010-11-30 14:28:00,2010-08-27 11:57:00,323.33750000000003,1,95,0.042105263157894736,1,808.44,0
14505.0,6013.65,11,2584,539,2010-10-31 16:16:00,2009-12-09 14:48:00,546.6954545454545,31,326,0.03374233128834356,1,5859.43,1
14506.0,999.6,2,232,97,2010-11-02 15:48:00,2010-04-19 08:27:00,499.8,29,197,0.01015228426395939,1,1960.65,1
14507.0,1848.8600000000001,5,897,127,2010-11-26 11:24:00,2009-12-10 17:04:00,369.77200000000005,5,350,0.014285714285714285,1,1367.88,1
14508.0,554.87,3,218,100,2010-11-28 13:21:00,2010-06-17 13:02:00,184.95666666666668,3,164,0.018292682926829267,1,268.05,0
14509.0,110.95,1,38,25,2010-06-23 13:21:00,2010-06-23 13:21:00,110.95,161,0,1.0,1,0.0,0
14510.0,979.85,3,793,67,2010-11-29 12:46:00,2010-09-29 13:35:00,326.6166666666667,2,60,0.05,1,0.0,0
14512.0,940.69,5,614,41,2010-11-21 13:00:00,2009-12-07 13:49:00,188.138,10,348,0.014367816091954023,1,275.28,0
14513.0,332.42,3,232,5,2010-09-29 12:11:00,2010-05-20 17:57:00,110.80666666666667,63,131,0.022900763358778626,1,455.59000000000003,0
14514.0,3389.84,6,1798,178,2010-09-29 13:14:00,2009-12-13 13:21:00,564.9733333333334,63,289,0.020761245674740483,1,990.2,0
14515.0,1647.17,6,783,55,2010-11-17 12:24:00,2010-06-07 12:37:00,274.52833333333336,14,162,0.037037037037037035,1,2076.89,1
14516.0,151.17,1,63,35,2010-07-11 14:07:00,2010-07-11 14:07:00,151.17,143,0,1.0,1,0.0,0
14519.0,203.14,2,81,38,2010-01-25 11:18:00,2009-12-11 10:40:00,101.57,310,45,0.044444444444444446,1,0.0,0
14521.0,199.45000000000002,1,211,17,2010-08-05 16:35:00,2010-08-05 16:35:00,199.45000000000002,118,0,1.0,1,0.0,0
14522.0,773.88,4,431,23,2010-04-23 10:45:00,2010-01-24 13:55:00,193.47,222,88,0.045454545454545456,1,974.54,0
14524.0,1066.03,4,500,114,2010-10-26 11:21:00,2010-10-19 11:44:00,266.5075,36,6,0.6666666666666666,1,1843.83,1
14525.0,3802.69,8,2468,162,2010-10-07 19:03:00,2009-12-13 14:01:00,475.33625,55,298,0.026845637583892617,1,4215.9,1
14526.0,258.65,1,178,41,2010-11-15 13:32:00,2010-11-15 13:32:00,258.65,16,0,1.0,1,0.0,0
14527.0,18684.97,66,4544,459,2010-11-30 12:43:00,2009-12-02 12:06:00,283.1056060606061,1,363,0.18181818181818182,1,8506.13,1
14530.0,3226.76,10,1594,180,2010-11-08 13:05:00,2010-01-21 11:25:00,322.67600000000004,23,291,0.03436426116838488,1,2862.11,1
14531.0,376.34,1,260,29,2010-08-17 10:16:00,2010-08-17 10:16:00,376.34,106,0,1.0,1,0.0,0
14532.0,2912.93,7,827,188,2010-10-24 12:24:00,2010-01-10 11:47:00,416.1328571428571,38,287,0.024390243902439025,1,932.85,0
14533.0,1516.65,4,2019,25,2010-10-28 16:42:00,2010-04-08 12:13:00,379.1625,34,203,0.019704433497536946,1,1949.72,1
14534.0,1787.41,8,794,163,2010-11-07 10:44:00,2010-03-15 14:16:00,223.42625,24,236,0.03389830508474576,1,4395.65,1
14535.0,3107.05,6,1363,380,2010-11-09 16:03:00,2010-02-24 15:03:00,517.8416666666667,22,258,0.023255813953488372,1,2854.84,1
14537.0,285.84,1,108,13,2010-03-26 13:44:00,2010-03-26 13:44:00,285.84,250,0,1.0,1,355.56,0
14538.0,982.59,3,129,28,2010-06-27 10:23:00,2010-01-25 15:42:00,327.53000000000003,157,152,0.019736842105263157,1,388.25,0
14540.0,2756.98,8,1184,140,2010-11-25 10:51:00,2009-12-07 13:00:00,344.6225,6,352,0.022727272727272728,1,952.66,0
14541.0,1038.03,6,482,49,2010-10-19 15:07:00,2010-01-07 11:59:00,173.005,43,285,0.021052631578947368,1,1453.35,1
14543.0,10988.14,23,1964,80,2010-11-24 10:20:00,2009-12-01 13:47:00,477.7452173913043,7,357,0.06442577030812324,1,3560.08,1
14544.0,934.23,1,876,68,2010-08-26 16:00:00,2010-08-26 16:00:00,934.23,97,0,1.0,1,2004.3,1
14545.0,349.25,1,236,23,2010-02-03 15:23:00,2010-02-03 15:23:00,349.25,301,0,1.0,1,0.0,0
14546.0,2610.91,6,1375,258,2010-11-28 12:15:00,2009-12-06 13:10:00,435.15166666666664,3,356,0.016853932584269662,1,2573.93,1
14548.0,1888.49,7,730,66,2010-08-12 15:48:00,2009-12-06 14:00:00,269.7842857142857,111,249,0.028112449799196786,1,652.8,0
14549.0,624.36,3,258,70,2010-10-15 08:26:00,2009-12-02 14:06:00,208.12,47,316,0.00949367088607595,1,289.24,0
14550.0,587.69,2,382,46,2010-11-16 14:05:00,2010-08-13 12:05:00,293.845,15,95,0.021052631578947368,1,757.37,0
14551.0,691.86,5,380,62,2010-10-24 14:45:00,2010-01-27 12:06:00,138.372,38,270,0.018518518518518517,1,186.23,0
14552.0,343.71,2,168,80,2010-11-24 12:36:00,2010-04-26 13:44:00,171.855,7,211,0.009478672985781991,1,164.22,0
14553.0,959.3299999999999,4,625,141,2010-10-24 12:00:00,2010-07-18 12:07:00,239.83249999999998,38,97,0.041237113402061855,1,859.27,0
14555.0,1991.49,4,720,83,2010-11-23 11:35:00,2009-12-18 11:39:00,497.8725,8,339,0.011799410029498525,1,312.54,0
14556.0,815.69,3,323,158,2010-04-22 14:57:00,2010-01-20 11:49:00,271.8966666666667,223,92,0.03260869565217391,1,0.0,0
14558.0,655.5,3,162,13,2010-02-23 12:51:00,2009-12-08 10:41:00,218.5,281,77,0.03896103896103896,1,0.0,0
14559.0,75.6,1,72,2,2010-11-14 16:05:00,2010-11-14 16:05:00,75.6,17,0,1.0,1,0.0,0
14560.0,3876.2599999999998,22,3320,38,2010-11-25 09:50:00,2009-12-02 10:15:00,176.19363636363636,6,357,0.06162464985994398,1,2237.77,1
14562.0,1631.38,8,759,116,2010-11-14 11:10:00,2010-02-07 14:10:00,203.9225,17,279,0.02867383512544803,1,5006.77,1
14563.0,625.42,2,243,94,2010-07-18 12:01:00,2010-04-26 12:51:00,312.71,136,82,0.024390243902439025,1,0.0,0
14564.0,2605.62,2,1295,107,2010-10-01 09:02:00,2009-12-04 09:27:00,1302.81,61,300,0.006666666666666667,0,0.0,0
14565.0,760.1,1,400,33,2010-08-23 09:48:00,2010-08-23 09:48:00,760.1,100,0,1.0,1,2949.12,1
14566.0,2660.0,3,1600,8,2010-10-18 14:57:00,2010-06-24 10:34:00,886.6666666666666,44,116,0.02586206896551724,0,1432.0,1
14568.0,919.7,1,645,47,2010-09-30 17:15:00,2010-09-30 17:15:00,919.7,62,0,1.0,0,0.0,0
14569.0,369.94,3,178,21,2010-09-13 10:51:00,2010-04-15 11:49:00,123.31333333333333,79,150,0.02,1,227.39,0
14570.0,295.19,1,269,36,2010-09-22 13:07:00,2010-09-22 13:07:00,295.19,70,0,1.0,1,217.21,0
14571.0,160.0,1,56,30,2010-10-10 15:06:00,2010-10-10 15:06:00,160.0,52,0,1.0,1,0.0,0
14572.0,2716.44,4,1456,187,2010-10-18 17:11:00,2010-03-28 13:47:00,679.11,44,204,0.0196078431372549,1,2804.54,1
14573.0,523.3,4,149,77,2010-06-13 15:23:00,2010-01-08 16:34:00,130.825,171,155,0.025806451612903226,1,1639.82,1
14574.0,143.70000000000002,1,63,11,2009-12-07 12:42:00,2009-12-07 12:42:00,143.70000000000002,359,0,1.0,1,0.0,0
14575.0,420.22,1,163,71,2010-08-08 14:51:00,2010-08-08 14:51:00,420.22,115,0,1.0,1,0.0,0
14577.0,504.44,3,216,48,2010-11-10 12:19:00,2009-12-11 12:09:00,168.14666666666668,21,334,0.008982035928143712,1,859.71,0
14579.0,105.56,1,56,24,2010-10-03 14:36:00,2010-10-03 14:36:00,105.56,59,0,1.0,1,0.0,0
14580.0,14.85,1,3,1,2010-07-09 15:20:00,2010-07-09 15:20:00,14.85,145,0,1.0,1,0.0,0
14581.0,271.05,1,87,43,2010-06-13 15:48:00,2010-06-13 15:48:00,271.05,171,0,1.0,1,138.6,0
14583.0,673.33,3,320,149,2010-11-21 15:28:00,2010-03-28 15:16:00,224.44333333333336,10,238,0.012605042016806723,1,986.96,0
14584.0,705.1,4,579,79,2010-10-14 13:48:00,2010-02-17 14:01:00,176.275,48,238,0.01680672268907563,1,1033.06,0
14585.0,986.22,4,539,64,2010-11-22 12:44:00,2010-10-19 12:17:00,246.555,9,34,0.11764705882352941,1,157.05,0
14588.0,135.39,1,62,16,2010-05-10 15:08:00,2010-05-10 15:08:00,135.39,205,0,1.0,1,0.0,0
14590.0,2993.37,20,901,124,2010-10-11 12:06:00,2009-12-07 14:10:00,149.6685,51,307,0.06514657980456026,1,0.0,0
14593.0,3040.88,9,1516,323,2010-11-07 12:51:00,2009-12-09 12:57:00,337.8755555555556,24,332,0.02710843373493976,1,617.15,0
14595.0,423.85,2,250,28,2010-09-12 12:47:00,2010-01-20 13:59:00,211.925,80,234,0.008547008547008548,1,1740.6000000000001,1
14596.0,222.22,1,75,50,2010-03-23 12:13:00,2010-03-23 12:13:00,222.22,253,0,1.0,1,0.0,0
14597.0,1318.39,4,870,41,2010-11-25 13:38:00,2010-09-28 13:17:00,329.5975,6,58,0.06896551724137931,1,866.24,0
14598.0,162.07,1,165,40,2010-05-19 13:07:00,2010-05-19 13:07:00,162.07,196,0,1.0,1,221.97,0
14599.0,457.89,2,292,77,2010-11-14 14:49:00,2010-07-18 15:54:00,228.945,17,118,0.01694915254237288,1,0.0,0
14600.0,471.84,1,362,29,2010-11-11 15:56:00,2010-11-11 15:56:00,471.84,20,0,1.0,1,393.33000000000004,0
14602.0,205.35999999999999,1,80,31,2010-02-21 15:47:00,2010-02-21 15:47:00,205.35999999999999,283,0,1.0,1,0.0,0
14604.0,136.35999999999999,1,86,19,2010-03-16 13:00:00,2010-03-16 13:00:00,136.35999999999999,260,0,1.0,1,0.0,0
14605.0,920.71,4,415,87,2010-11-30 14:07:00,2009-12-08 13:59:00,230.1775,1,357,0.011204481792717087,1,0.0,0
14606.0,17722.6,94,9018,1068,2010-11-29 14:13:00,2009-12-03 12:40:00,188.53829787234042,2,361,0.26038781163434904,1,11926.15,1
14607.0,7553.63,8,3809,76,2010-08-29 13:35:00,2009-12-15 11:25:00,944.20375,94,257,0.0311284046692607,1,15021.5,1
14608.0,1557.79,6,489,9,2010-11-25 15:52:00,2009-12-06 12:34:00,259.63166666666666,6,354,0.01694915254237288,1,1785.15,1
14609.0,884.64,6,5694,6,2010-11-14 10:14:00,2010-02-09 09:48:00,147.44,17,278,0.02158273381294964,1,601.56,0
14610.0,24.35,2,15,10,2010-11-09 10:58:00,2010-07-13 16:06:00,12.175,22,118,0.01694915254237288,1,0.0,0
14611.0,604.33,2,582,37,2010-09-22 09:19:00,2010-04-20 10:19:00,302.165,70,154,0.012987012987012988,1,0.0,0
14612.0,877.7,1,134,14,2010-10-20 16:01:00,2010-10-20 16:01:00,877.7,42,0,1.0,1,0.0,0
14613.0,76.32000000000001,1,72,1,2010-01-28 13:02:00,2010-01-28 13:02:00,76.32000000000001,307,0,1.0,1,0.0,0
14614.0,295.13,1,189,19,2010-11-18 13:04:00,2010-11-18 13:04:00,295.13,13,0,1.0,1,0.0,0
14615.0,951.76,5,495,40,2010-11-10 13:36:00,2010-06-09 13:59:00,190.352,21,153,0.032679738562091505,1,0.0,0
14616.0,121.7,2,66,2,2010-11-19 16:33:00,2010-06-09 09:42:00,60.85,12,163,0.012269938650306749,1,406.08000000000004,0
14617.0,190.47,2,81,7,2010-11-02 11:41:00,2010-10-20 10:40:00,95.235,29,13,0.15384615384615385,1,0.0,0
14618.0,788.88,4,440,33,2010-11-28 10:24:00,2010-06-11 10:11:00,197.22,3,170,0.023529411764705882,1,553.44,0
14619.0,896.8,1,442,40,2010-06-16 14:41:00,2010-06-16 14:41:00,896.8,168,0,1.0,1,394.44,0
14621.0,1212.21,4,713,63,2010-07-16 07:50:00,2010-01-25 09:08:00,303.0525,138,171,0.023391812865497075,1,1788.3600000000001,1
14623.0,1130.28,5,607,110,2010-11-24 15:26:00,2010-04-16 17:12:00,226.05599999999998,7,221,0.02262443438914027,1,882.02,0
14624.0,588.22,4,483,30,2010-10-20 15:16:00,2010-04-14 10:44:00,147.055,42,189,0.021164021164021163,1,225.85,0
14625.0,3598.25,9,1820,141,2010-11-30 12:33:00,2009-12-16 13:23:00,399.80555555555554,1,348,0.02586206896551724,1,899.63,0
14626.0,2619.65,7,1732,89,2010-11-09 09:23:00,2009-12-10 14:57:00,374.2357142857143,22,333,0.021021021021021023,1,2791.27,1
14627.0,462.75,1,284,29,2010-11-25 16:32:00,2010-11-25 16:32:00,462.75,6,0,1.0,1,0.0,0
14628.0,1326.04,3,875,52,2010-09-23 18:24:00,2010-01-25 14:40:00,442.0133333333333,69,241,0.012448132780082987,1,671.96,0
14630.0,338.65,1,111,21,2010-08-12 16:38:00,2010-08-12 16:38:00,338.65,111,0,1.0,1,0.0,0
14631.0,1018.71,3,785,39,2010-11-18 10:37:00,2010-08-09 14:45:00,339.57,13,100,0.03,1,1006.98,0
14634.0,2124.46,4,1906,105,2010-09-28 10:40:00,2010-06-16 09:48:00,531.115,64,104,0.038461538461538464,1,0.0,0
14635.0,215.22,1,118,15,2010-09-12 10:47:00,2010-09-12 10:47:00,215.22,80,0,1.0,1,0.0,0
14637.0,106.68,1,100,7,2010-01-31 15:52:00,2010-01-31 15:52:00,106.68,304,0,1.0,1,0.0,0
14639.0,1994.47,3,979,97,2010-10-27 13:47:00,2010-02-16 12:35:00,664.8233333333334,35,253,0.011857707509881422,1,2984.4900000000002,1
14640.0,1541.98,4,765,91,2010-10-26 09:45:00,2010-01-22 15:44:00,385.495,36,276,0.014492753623188406,1,2107.38,1
14643.0,986.08,3,562,28,2010-04-01 08:33:00,2009-12-11 11:52:00,328.6933333333333,244,110,0.02727272727272727,1,693.8100000000001,0
14644.0,1416.96,5,512,29,2010-10-21 10:10:00,2009-12-03 16:24:00,283.392,41,321,0.01557632398753894,1,830.76,0
14645.0,279.8,1,206,18,2010-03-15 11:33:00,2010-03-15 11:33:00,279.8,261,0,1.0,1,597.09,0
14646.0,247613.5,73,170228,605,2010-11-30 16:28:00,2009-12-02 16:52:00,3391.9657534246576,1,362,0.20165745856353592,0,279138.02,1
14647.0,270.0,1,84,18,2010-07-04 13:27:00,2010-07-04 13:27:00,270.0,150,0,1.0,1,236.04000000000002,0
14648.0,4463.39,15,3259,285,2010-10-19 13:12:00,2009-12-10 13:59:00,297.55933333333337,43,312,0.04807692307692308,1,0.0,0
14649.0,2248.6,5,1411,270,2010-11-22 13:59:00,2010-01-20 13:10:00,449.71999999999997,9,306,0.016339869281045753,1,1402.59,1
14650.0,62.5,1,22,4,2010-04-29 20:27:00,2010-04-29 20:27:00,62.5,215,0,1.0,1,0.0,0
14651.0,1371.77,7,537,146,2010-11-10 16:05:00,2010-03-18 11:39:00,195.96714285714285,21,237,0.029535864978902954,1,653.75,0
14653.0,1666.41,5,1024,132,2010-07-14 12:19:00,2009-12-02 11:51:00,333.28200000000004,140,224,0.022321428571428572,1,1916.7,1
14654.0,246.86,1,273,27,2009-12-01 12:57:00,2009-12-01 12:57:00,246.86,365,0,1.0,1,0.0,0
14655.0,1946.28,3,1252,48,2010-11-16 12:28:00,2010-04-22 14:29:00,648.76,15,207,0.014492753623188406,1,1932.23,1
14656.0,498.95,3,189,95,2010-10-20 13:26:00,2010-04-15 12:10:00,166.31666666666666,42,188,0.015957446808510637,1,291.05,0
14657.0,601.97,2,413,66,2010-10-06 15:33:00,2010-09-30 19:57:00,300.985,56,5,0.4,1,848.22,0
14662.0,635.06,3,329,70,2010-10-08 13:31:00,2009-12-03 16:47:00,211.68666666666664,54,308,0.00974025974025974,1,741.37,0
14663.0,490.6,2,397,60,2010-10-05 13:21:00,2010-10-05 13:12:00,245.3,57,0,2.0,1,0.0,0
14665.0,913.95,2,404,40,2010-10-08 14:40:00,2010-04-26 11:17:00,456.975,54,165,0.012121212121212121,1,1835.7,1
14667.0,11188.8,29,6545,361,2010-11-24 12:32:00,2009-12-02 12:38:00,385.8206896551724,7,356,0.08146067415730338,1,9170.79,1
14668.0,111.63,1,49,10,2010-09-20 15:03:00,2010-09-20 15:03:00,111.63,72,0,1.0,1,0.0,0
14669.0,1957.54,4,1273,203,2010-03-16 09:39:00,2009-12-02 13:06:00,489.385,260,103,0.038834951456310676,1,1259.24,0
14670.0,190.47,1,97,56,2009-12-07 13:59:00,2009-12-07 13:59:00,190.47,359,0,1.0,1,392.86,0
14671.0,1127.45,2,571,48,2010-06-08 13:39:00,2010-05-20 18:21:00,563.725,176,18,0.1111111111111111,1,0.0,0
14672.0,347.59,2,192,38,2010-07-12 10:23:00,2010-01-28 11:33:00,173.795,142,164,0.012195121951219513,1,765.5500000000001,0
14673.0,1300.92,2,818,62,2010-11-24 12:06:00,2010-10-26 10:14:00,650.46,7,29,0.06896551724137931,1,1736.4,1
14674.0,173.66,1,103,14,2010-07-18 14:25:00,2010-07-18 14:25:00,173.66,136,0,1.0,1,0.0,0
14675.0,419.21999999999997,1,324,114,2010-11-16 12:22:00,2010-11-16 12:22:00,419.21999999999997,15,0,1.0,1,596.36,0
14676.0,5808.55,6,6292,63,2010-11-10 12:32:00,2010-03-10 09:30:00,968.0916666666667,21,245,0.024489795918367346,1,2548.2400000000002,1
14677.0,184.91,1,139,14,2010-04-26 09:48:00,2010-04-26 09:48:00,184.91,219,0,1.0,1,0.0,0
14678.0,403.39,1,179,24,2010-05-09 14:32:00,2010-05-09 14:32:00,403.39,206,0,1.0,1,0.0,0
14679.0,1289.44,3,794,49,2010-11-23 11:51:00,2009-12-08 17:13:00,429.81333333333333,8,349,0.008595988538681949,1,0.0,0
14680.0,26934.39,42,13418,205,2010-11-25 14:02:00,2009-12-04 12:36:00,641.295,6,356,0.11797752808988764,1,28754.11,1
14681.0,376.20000000000005,3,96,13,2010-11-17 15:42:00,2010-02-24 08:54:00,125.40000000000002,14,266,0.011278195488721804,1,498.95,0
14682.0,1462.81,4,869,78,2010-10-07 09:53:00,2010-02-05 14:47:00,365.7025,55,243,0.01646090534979424,1,52.0,0
14683.0,146.56,1,386,21,2010-04-30 17:18:00,2010-04-30 17:18:00,146.56,215,0,1.0,1,0.0,0
14684.0,228.52,1,184,94,2010-11-14 14:07:00,2010-11-14 14:07:00,228.52,17,0,1.0,1,1201.51,0
14685.0,4536.64,8,1969,109,2010-05-12 13:08:00,2009-12-13 11:32:00,567.08,203,150,0.05333333333333334,1,0.0,0
14686.0,852.53,5,457,185,2010-10-21 18:31:00,2010-02-18 18:29:00,170.506,41,245,0.02040816326530612,1,0.0,0
14687.0,773.6800000000001,2,380,23,2010-11-04 18:56:00,2010-06-06 10:36:00,386.84000000000003,27,151,0.013245033112582781,1,628.38,0
14688.0,1611.32,7,1457,90,2010-11-08 12:06:00,2010-09-09 12:35:00,230.1885714285714,23,59,0.11864406779661017,1,5579.1,1
14690.0,422.63,2,174,43,2010-11-12 14:51:00,2010-10-25 12:20:00,211.315,19,18,0.1111111111111111,1,355.05,0
14692.0,1123.59,8,625,60,2010-11-24 12:40:00,2010-04-01 14:04:00,140.44875,7,236,0.03389830508474576,1,591.55,0
14693.0,992.46,6,354,39,2010-10-10 13:26:00,2010-07-02 08:28:00,165.41,52,100,0.06,1,172.9,0
14694.0,244.31,1,193,15,2010-04-01 19:46:00,2010-04-01 19:46:00,244.31,243,0,1.0,1,0.0,0
14695.0,1534.22,3,661,76,2010-07-08 14:18:00,2009-12-07 11:05:00,511.4066666666667,146,213,0.014084507042253521,1,0.0,0
14696.0,394.33,1,237,24,2010-10-14 11:43:00,2010-10-14 11:43:00,394.33,48,0,1.0,1,2078.95,1
14699.0,593.47,3,407,40,2010-09-30 15:14:00,2010-07-02 12:04:00,197.82333333333335,62,90,0.03333333333333333,1,109.13000000000001,0
14700.0,880.96,2,292,45,2010-10-20 12:26:00,2010-08-11 12:19:00,440.48,42,70,0.02857142857142857,1,2195.1,1
14701.0,1961.02,6,823,230,2010-09-23 11:46:00,2010-01-24 12:15:00,326.83666666666664,69,241,0.024896265560165973,1,2526.09,1
14702.0,3105.19,12,1435,193,2010-11-25 19:32:00,2009-12-10 20:22:00,258.7658333333333,6,349,0.034383954154727794,1,3251.79,1
14704.0,258.96,2,121,53,2010-10-11 11:53:00,2010-03-25 17:21:00,129.48,51,199,0.010050251256281407,1,1461.6200000000001,1
14706.0,367.54,1,246,25,2010-03-31 11:09:00,2010-03-31 11:09:00,367.54,245,0,1.0,1,0.0,0
14707.0,139.2,2,96,1,2010-09-30 11:37:00,2010-05-12 11:07:00,69.6,62,141,0.014184397163120567,1,0.0,0
14708.0,666.85,2,538,9,2010-10-12 10:42:00,2010-09-10 10:26:00,333.425,50,32,0.0625,1,1126.3700000000001,0
14709.0,3965.29,12,1657,60,2010-11-25 11:28:00,2009-12-05 15:26:00,330.44083333333333,6,354,0.03389830508474576,1,4921.04,1
14710.0,1300.31,9,760,203,2010-11-25 13:29:00,2009-12-03 17:12:00,144.4788888888889,6,356,0.025280898876404494,1,599.48,0
14712.0,411.0,1,96,7,2010-10-17 14:49:00,2010-10-17 14:49:00,411.0,45,0,1.0,1,917.07,0
14713.0,2453.16,10,1714,142,2010-11-25 19:16:00,2009-12-03 19:22:00,245.31599999999997,6,356,0.028089887640449437,1,2662.2,1
14714.0,746.05,3,413,59,2010-10-28 17:46:00,2010-01-21 11:51:00,248.6833333333333,34,280,0.010714285714285714,1,160.19,0
14715.0,942.1700000000001,4,507,56,2010-09-23 13:04:00,2010-01-19 12:18:00,235.54250000000002,69,247,0.016194331983805668,1,867.38,0
14716.0,235.77,1,148,44,2010-09-21 12:07:00,2010-09-21 12:07:00,235.77,71,0,1.0,1,307.51,0
14717.0,81.3,1,32,11,2009-12-06 13:05:00,2009-12-06 13:05:00,81.3,360,0,1.0,1,0.0,0
14718.0,226.42,1,202,11,2010-10-25 13:07:00,2010-10-25 13:07:00,226.42,37,0,1.0,1,0.0,0
14721.0,109.07,1,57,24,2010-11-25 13:08:00,2010-11-25 13:08:00,109.07,6,0,1.0,1,0.0,0
14722.0,309.1,2,96,53,2010-08-19 14:34:00,2010-08-10 13:28:00,154.55,104,9,0.2222222222222222,1,180.42,0
14723.0,680.7,5,495,123,2010-11-19 11:21:00,2009-12-04 11:22:00,136.14000000000001,12,349,0.014326647564469915,1,1120.66,0
14724.0,341.9,1,184,40,2010-04-28 13:26:00,2010-04-28 13:26:00,341.9,217,0,1.0,1,0.0,0
14725.0,591.28,3,719,40,2010-11-10 11:47:00,2010-06-23 11:34:00,197.09333333333333,21,140,0.02142857142857143,1,655.58,0
14726.0,116.5,1,82,15,2010-02-23 12:35:00,2010-02-23 12:35:00,116.5,281,0,1.0,1,0.0,0
14727.0,192.45,2,390,32,2010-06-11 13:30:00,2010-06-11 13:23:00,96.225,173,0,2.0,1,268.58,0
14728.0,190.58,1,68,14,2010-10-22 15:57:00,2010-10-22 15:57:00,190.58,40,0,1.0,1,0.0,0
14729.0,272.75,2,175,59,2010-03-24 13:35:00,2010-03-24 13:30:00,136.375,252,0,2.0,1,313.49,0
14732.0,2814.58,11,868,82,2010-11-12 16:42:00,2009-12-09 10:48:00,255.8709090909091,19,338,0.03254437869822485,1,2702.4900000000002,1
14733.0,4749.24,3,2035,87,2010-11-29 16:56:00,2010-11-02 15:42:00,1583.08,2,27,0.1111111111111111,1,9585.91,1
14734.0,1056.42,4,378,48,2010-10-10 12:04:00,2010-06-06 15:15:00,264.105,52,125,0.032,1,0.0,0
14735.0,6174.47,24,2249,122,2010-11-16 13:39:00,2009-12-04 11:32:00,257.26958333333334,15,347,0.069164265129683,1,6050.6900000000005,1
14736.0,374.05,2,148,70,2010-08-11 15:21:00,2010-08-11 15:13:00,187.025,112,0,2.0,1,0.0,0
14737.0,2389.62,1,726,28,2010-11-04 11:29:00,2010-11-04 11:29:00,2389.62,27,0,1.0,1,1164.55,0
14738.0,507.45,2,156,23,2010-05-27 20:31:00,2009-12-07 10:21:00,253.725,187,171,0.011695906432748537,1,1314.45,1
14739.0,7671.34,18,5876,109,2010-10-31 12:34:00,2009-12-02 13:23:00,426.18555555555554,31,332,0.05421686746987952,1,3902.28,1
14740.0,2712.85,8,1346,116,2010-10-26 09:47:00,2010-02-25 11:40:00,339.10625,36,242,0.03305785123966942,1,1448.21,1
14741.0,312.75,1,165,17,2010-10-18 09:33:00,2010-10-18 09:33:00,312.75,44,0,1.0,1,1400.3400000000001,1
14742.0,579.85,1,374,34,2010-09-30 14:07:00,2010-09-30 14:07:00,579.85,62,0,1.0,1,0.0,0
14743.0,50.480000000000004,1,40,3,2010-04-26 10:26:00,2010-04-26 10:26:00,50.480000000000004,219,0,1.0,1,0.0,0
14744.0,2560.1,7,1772,45,2010-11-16 15:57:00,2010-05-18 14:06:00,365.7285714285714,15,182,0.038461538461538464,1,1099.98,0
14745.0,1331.15,7,931,39,2010-07-26 13:07:00,2010-03-12 10:33:00,190.16428571428574,128,136,0.051470588235294115,1,1220.26,0
14746.0,593.5,4,398,7,2010-10-29 14:44:00,2010-10-12 11:06:00,148.375,33,17,0.23529411764705882,1,0.0,0
14748.0,1266.15,5,1199,48,2010-09-28 17:42:00,2010-03-04 17:08:00,253.23000000000002,64,208,0.02403846153846154,1,1415.75,1
14749.0,310.15,1,403,18,2010-08-17 12:36:00,2010-08-17 12:36:00,310.15,106,0,1.0,1,0.0,0
14750.0,112.03,1,65,32,2009-12-03 17:57:00,2009-12-03 17:57:00,112.03,363,0,1.0,1,0.0,0
14751.0,126.45,2,65,7,2010-01-24 13:37:00,2009-12-13 14:08:00,63.225,311,41,0.04878048780487805,1,0.0,0
14753.0,306.36,1,201,18,2010-09-05 11:04:00,2010-09-05 11:04:00,306.36,87,0,1.0,1,563.15,0
14754.0,909.88,4,524,82,2010-10-10 10:22:00,2010-01-18 11:04:00,227.47,52,264,0.015151515151515152,1,638.05,0
14755.0,4962.27,14,2182,144,2010-11-23 14:42:00,2009-12-03 16:51:00,354.4478571428572,8,354,0.03954802259887006,1,5010.28,1
14756.0,1864.8,2,1006,67,2010-11-22 09:22:00,2010-10-11 11:50:00,932.4,9,41,0.04878048780487805,1,738.96,0
14758.0,1380.91,3,421,52,2010-11-08 09:42:00,2010-04-08 08:27:00,460.30333333333334,23,214,0.014018691588785047,1,1484.06,1
14761.0,192.02,1,88,13,2010-09-21 14:22:00,2010-09-21 14:22:00,192.02,71,0,1.0,1,255.9,0
14762.0,117.05,1,87,9,2010-03-23 15:36:00,2010-03-23 15:36:00,117.05,253,0,1.0,1,300.52,0
14766.0,3902.36,5,2650,162,2010-11-25 18:21:00,2010-06-06 11:11:00,780.472,6,172,0.029069767441860465,1,2473.37,1
14767.0,382.81,1,117,18,2010-08-22 14:54:00,2010-08-22 14:54:00,382.81,101,0,1.0,1,0.0,0
14769.0,5097.13,9,3819,252,2010-11-14 13:39:00,2009-12-16 09:17:00,566.3477777777778,17,333,0.02702702702702703,1,10415.33,1
14770.0,2761.2200000000003,6,1108,119,2010-08-29 10:45:00,2010-02-25 18:58:00,460.2033333333334,94,184,0.03260869565217391,1,876.4200000000001,0
14771.0,594.62,2,622,46,2010-03-28 12:52:00,2009-12-03 09:44:00,297.31,248,115,0.017391304347826087,1,0.0,0
14773.0,140.55,1,53,10,2010-04-26 10:29:00,2010-04-26 10:29:00,140.55,219,0,1.0,1,0.0,0
14774.0,241.45000000000002,1,99,13,2010-06-29 12:26:00,2010-06-29 12:26:00,241.45000000000002,155,0,1.0,1,0.0,0
14776.0,1170.0,4,1524,45,2010-11-17 09:53:00,2010-09-19 14:12:00,292.5,14,58,0.06896551724137931,1,2538.2999999999997,1
14777.0,307.56,1,212,16,2010-11-01 12:50:00,2010-11-01 12:50:00,307.56,30,0,1.0,1,0.0,0
14783.0,307.3,1,262,17,2010-02-18 16:16:00,2010-02-18 16:16:00,307.3,286,0,1.0,1,0.0,0
14784.0,159.94,1,126,12,2010-11-15 09:49:00,2010-11-15 09:49:00,159.94,16,0,1.0,1,289.99,0
14786.0,90.96,1,112,7,2010-06-07 13:42:00,2010-06-07 13:42:00,90.96,177,0,1.0,1,0.0,0
14787.0,110.65,1,59,14,2010-08-25 14:38:00,2010-08-25 14:38:00,110.65,98,0,1.0,1,0.0,0
14788.0,476.88,1,298,28,2010-04-22 18:16:00,2010-04-22 18:16:00,476.88,223,0,1.0,1,679.44,0
14790.0,1781.56,6,1943,52,2010-11-30 17:45:00,2009-12-11 14:37:00,296.9266666666667,1,354,0.01694915254237288,1,745.06,0
14791.0,303.63,1,127,19,2010-04-12 10:24:00,2010-04-12 10:24:00,303.63,233,0,1.0,1,0.0,0
14793.0,396.91,1,270,25,2010-06-22 16:54:00,2010-06-22 16:54:00,396.91,162,0,1.0,1,228.99,0
14794.0,633.99,3,110,23,2010-11-02 09:06:00,2010-08-09 15:44:00,211.33,29,84,0.03571428571428571,1,1319.91,1
14796.0,2193.84,10,1193,181,2010-11-25 09:46:00,2009-12-14 15:06:00,219.38400000000001,6,345,0.028985507246376812,1,7973.93,1
14797.0,300.31,1,99,16,2010-07-20 14:07:00,2010-07-20 14:07:00,300.31,134,0,1.0,1,0.0,0
14798.0,550.5699999999999,5,451,22,2010-11-23 15:59:00,2010-03-01 08:38:00,110.11399999999999,8,267,0.018726591760299626,1,173.74,0
14799.0,180.45000000000002,1,349,10,2009-12-02 11:18:00,2009-12-02 11:18:00,180.45000000000002,364,0,1.0,1,157.7,0
14800.0,2848.29,5,2854,152,2010-11-21 13:30:00,2010-09-30 14:38:00,569.658,10,51,0.09803921568627451,1,4331.79,1
14805.0,536.15,3,302,72,2010-10-31 14:50:00,2010-03-28 12:34:00,178.71666666666667,31,217,0.013824884792626729,1,546.4,0
14806.0,110.04,1,93,9,2010-09-26 15:50:00,2010-09-26 15:50:00,110.04,66,0,1.0,1,193.39000000000001,0
14807.0,504.14,2,234,37,2010-11-14 12:47:00,2010-02-28 11:33:00,252.07,17,259,0.007722007722007722,1,0.0,0
14809.0,686.76,2,232,18,2010-03-28 15:44:00,2010-03-28 15:42:00,343.38,248,0,2.0,1,0.0,0
14810.0,268.7,2,147,39,2010-10-17 11:11:00,2010-10-06 13:12:00,134.35,45,10,0.2,1,2085.33,1
14811.0,170.5,1,74,28,2010-11-17 13:09:00,2010-11-17 13:09:00,170.5,14,0,1.0,1,0.0,0
14812.0,178.85,1,135,36,2010-04-20 12:13:00,2010-04-20 12:13:00,178.85,225,0,1.0,1,0.0,0
14813.0,736.03,2,326,97,2010-11-19 11:32:00,2010-04-08 11:49:00,368.015,12,224,0.008928571428571428,1,152.88,0
14814.0,152.96,1,92,27,2010-05-07 14:10:00,2010-05-07 14:10:00,152.96,208,0,1.0,1,0.0,0
14817.0,2599.52,5,1802,106,2010-11-09 12:15:00,2010-03-22 12:10:00,519.904,22,232,0.021551724137931036,1,1010.34,0
14818.0,495.76,3,219,52,2010-09-07 14:16:00,2010-03-02 12:48:00,165.25333333333333,85,189,0.015873015873015872,1,657.8,0
14819.0,184.34,2,61,40,2010-08-02 17:19:00,2009-12-21 15:54:00,92.17,121,224,0.008928571428571428,1,272.07,0
14820.0,767.47,5,471,31,2010-11-24 17:15:00,2010-01-31 12:49:00,153.494,7,297,0.016835016835016835,1,507.29,0
14821.0,1181.35,6,439,65,2010-11-26 11:45:00,2010-02-01 13:33:00,196.89166666666665,5,297,0.020202020202020204,1,48.800000000000004,0
14822.0,157.7,1,94,9,2010-08-11 12:52:00,2010-08-11 12:52:00,157.7,112,0,1.0,1,0.0,0
14824.0,2895.2000000000003,6,1429,76,2010-11-25 12:40:00,2010-03-12 13:07:00,482.53333333333336,6,257,0.023346303501945526,1,1127.71,0
14825.0,2514.07,12,1785,124,2010-11-22 13:48:00,2010-04-06 14:14:00,209.50583333333336,9,229,0.05240174672489083,1,2221.01,1
14826.0,385.2,2,152,10,2010-05-07 09:00:00,2010-01-13 13:08:00,192.6,208,113,0.017699115044247787,1,0.0,0
14828.0,7699.7,10,7546,65,2010-11-16 17:23:00,2009-12-07 11:19:00,769.97,15,344,0.029069767441860465,1,2139.76,1
14829.0,758.32,3,505,45,2010-11-17 13:06:00,2010-09-29 13:14:00,252.77333333333334,14,48,0.0625,1,697.55,0
14831.0,1676.57,3,885,67,2010-01-28 14:31:00,2009-12-02 09:21:00,558.8566666666667,307,57,0.05263157894736842,1,0.0,0
14833.0,94.8,1,58,7,2010-07-29 10:06:00,2010-07-29 10:06:00,94.8,125,0,1.0,1,0.0,0
14834.0,485.86,1,138,20,2010-10-28 17:37:00,2010-10-28 17:37:00,485.86,34,0,1.0,1,1720.3,1
14835.0,297.0,2,180,1,2010-06-29 10:08:00,2010-04-01 19:34:00,148.5,155,88,0.022727272727272728,1,0.0,0
14837.0,1810.82,5,1594,91,2010-09-23 09:11:00,2010-01-24 10:20:00,362.164,69,241,0.02074688796680498,1,1649.5,1
14838.0,769.9200000000001,2,361,69,2010-10-12 15:46:00,2009-12-03 09:52:00,384.96000000000004,50,313,0.006389776357827476,1,0.0,0
14839.0,915.28,3,927,61,2010-10-17 13:01:00,2010-01-04 16:29:00,305.0933333333333,45,285,0.010526315789473684,1,0.0,0
14840.0,299.86,1,148,18,2010-06-18 15:42:00,2010-06-18 15:42:00,299.86,166,0,1.0,1,62.85,0
14841.0,3867.2400000000002,8,2386,129,2010-11-30 13:01:00,2009-12-02 16:49:00,483.40500000000003,1,362,0.022099447513812154,1,3295.76,1
14843.0,211.8,1,132,9,2010-09-29 12:39:00,2010-09-29 12:39:00,211.8,63,0,1.0,1,0.0,0
14844.0,3512.62,6,2536,98,2010-10-05 11:54:00,2010-04-12 12:50:00,585.4366666666666,57,175,0.03428571428571429,1,3189.81,1
14845.0,150.0,1,600,1,2010-04-19 10:19:00,2010-04-19 10:19:00,150.0,226,0,1.0,1,0.0,0
14846.0,437.4,1,193,12,2010-10-08 17:07:00,2010-10-08 17:07:00,437.4,54,0,1.0,1,0.0,0
14847.0,1039.55,2,413,47,2010-10-28 09:45:00,2010-05-24 12:29:00,519.775,34,156,0.01282051282051282,1,309.40000000000003,0
14848.0,310.56,1,260,11,2010-10-31 12:22:00,2010-10-31 12:22:00,310.56,31,0,1.0,1,0.0,0
14849.0,7477.07,18,6144,178,2010-11-23 13:49:00,2010-01-10 11:40:00,415.3927777777778,8,317,0.056782334384858045,1,7930.54,1
14850.0,1445.21,6,1100,120,2010-10-18 15:52:00,2010-05-20 13:28:00,240.86833333333334,44,151,0.039735099337748346,1,325.75,0
14851.0,318.06,1,306,14,2010-03-19 11:52:00,2010-03-19 11:52:00,318.06,257,0,1.0,1,511.35,0
14852.0,3295.7400000000002,12,2619,73,2010-10-11 14:46:00,2010-03-05 14:51:00,274.64500000000004,51,219,0.0547945205479452,1,2836.69,1
14853.0,901.0699999999999,3,263,19,2010-10-12 17:17:00,2010-04-13 09:26:00,300.3566666666666,50,182,0.016483516483516484,1,475.8,0
14854.0,1563.03,4,1167,75,2010-11-14 14:37:00,2010-01-22 09:48:00,390.7575,17,296,0.013513513513513514,1,2740.03,1
14855.0,5874.65,5,3243,156,2010-08-22 13:37:00,2010-04-08 10:30:00,1174.9299999999998,101,136,0.03676470588235294,1,645.65,0
14857.0,2478.73,5,1616,124,2010-09-23 14:09:00,2010-03-15 11:00:00,495.746,69,192,0.026041666666666668,1,1173.1200000000001,0
14858.0,180.75,1,105,11,2010-07-22 10:51:00,2010-07-22 10:51:00,180.75,132,0,1.0,1,0.0,0
14859.0,351.9,1,217,8,2010-06-03 10:26:00,2010-06-03 10:26:00,351.9,181,0,1.0,1,1353.74,1
14861.0,1254.94,9,959,58,2010-11-24 11:18:00,2009-12-08 12:12:00,139.4377777777778,7,350,0.025714285714285714,1,125.79,0
14865.0,40.32,2,96,2,2010-11-30 13:24:00,2009-12-01 16:05:00,20.16,1,363,0.005509641873278237,1,52.2,0
14866.0,6346.64,6,2336,12,2010-10-31 13:25:00,2010-09-21 15:14:00,1057.7733333333333,31,39,0.15384615384615385,1,14353.4,1
14867.0,2241.78,13,668,53,2010-11-09 10:31:00,2009-12-05 15:47:00,172.4446153846154,22,338,0.038461538461538464,1,710.28,0
14868.0,1230.42,4,825,56,2010-11-24 13:53:00,2010-10-15 14:52:00,307.605,7,39,0.10256410256410256,1,2953.59,1
14869.0,2056.69,4,1581,136,2010-11-16 14:09:00,2009-12-16 11:43:00,514.1725,15,335,0.011940298507462687,1,721.45,0
14870.0,1511.7,5,364,34,2010-10-22 14:58:00,2010-01-25 09:05:00,302.34000000000003,40,270,0.018518518518518517,1,327.25,0
14871.0,726.89,5,267,73,2010-08-03 14:18:00,2009-12-01 11:57:00,145.378,120,245,0.02040816326530612,1,501.28000000000003,0
14872.0,816.6,3,662,34,2010-08-13 12:34:00,2010-03-16 14:41:00,272.2,110,149,0.020134228187919462,1,0.0,0
14873.0,334.45,1,143,21,2010-03-16 10:51:00,2010-03-16 10:51:00,334.45,260,0,1.0,1,519.68,0
14874.0,116.18,1,148,6,2010-06-22 14:58:00,2010-06-22 14:58:00,116.18,162,0,1.0,1,0.0,0
14875.0,1397.08,1,774,42,2010-09-24 10:29:00,2010-09-24 10:28:00,1397.08,68,0,1.0,1,1465.32,1
14876.0,256.7,2,162,12,2010-07-06 14:57:00,2010-05-27 13:49:00,128.35,148,40,0.05,1,0.0,0
14877.0,425.85,2,168,57,2010-10-17 13:09:00,2010-03-07 12:25:00,212.925,45,224,0.008928571428571428,1,0.0,0
14878.0,2600.41,16,1617,122,2010-11-28 14:13:00,2010-02-21 11:14:00,162.525625,3,280,0.05714285714285714,1,1476.09,1
14879.0,185.06,1,104,27,2010-01-24 11:35:00,2010-01-24 11:35:00,185.06,311,0,1.0,1,0.0,0
14882.0,2956.95,12,1456,31,2010-11-14 13:04:00,2010-03-30 15:02:00,246.4125,17,228,0.05263157894736842,1,589.7,0
14884.0,120.6,1,72,8,2010-02-08 12:56:00,2010-02-08 12:56:00,120.6,296,0,1.0,1,0.0,0
14885.0,832.8,2,584,16,2010-10-08 12:08:00,2010-08-31 10:11:00,416.4,54,38,0.05263157894736842,1,765.3199999999999,0
14890.0,691.6,2,585,49,2010-03-31 09:40:00,2010-02-18 09:00:00,345.8,245,41,0.04878048780487805,1,125.65,0
14891.0,552.35,2,283,29,2010-10-19 12:10:00,2010-09-29 12:41:00,276.175,43,19,0.10526315789473684,1,554.38,0
14892.0,202.35000000000002,1,79,13,2010-01-18 08:58:00,2010-01-18 08:58:00,202.35000000000002,317,0,1.0,1,0.0,0
14893.0,571.76,1,248,33,2010-04-01 09:03:00,2010-04-01 09:03:00,571.76,244,0,1.0,1,1237.8500000000001,0
14894.0,837.0600000000001,2,338,23,2010-09-22 15:23:00,2009-12-02 10:42:00,418.53000000000003,70,294,0.006802721088435374,1,655.75,0
14895.0,13980.83,18,5863,265,2010-11-21 13:51:00,2009-12-10 14:22:00,776.7127777777778,10,345,0.05217391304347826,1,11138.710000000001,1
14896.0,1357.23,6,652,132,2010-07-14 12:05:00,2009-12-06 12:42:00,226.205,140,219,0.0273972602739726,1,468.77000000000004,0
14897.0,1774.16,4,694,61,2010-10-26 11:17:00,2009-12-15 17:05:00,443.54,36,314,0.012738853503184714,1,1366.38,1
14898.0,2096.64,8,1206,124,2010-11-23 13:47:00,2009-12-03 16:40:00,262.08,8,354,0.022598870056497175,1,1269.31,1
14899.0,1331.38,1,570,126,2010-11-09 15:20:00,2010-11-09 15:20:00,1331.38,22,0,1.0,1,0.0,0
14900.0,13.919999999999998,1,48,1,2010-07-05 15:09:00,2010-07-05 15:09:00,13.919999999999998,149,0,1.0,1,0.0,0
14901.0,497.71000000000004,3,219,35,2010-10-29 11:00:00,2010-07-29 11:11:00,165.90333333333334,33,91,0.03296703296703297,1,1421.29,1
14902.0,702.96,2,498,34,2010-11-09 10:29:00,2010-06-04 12:35:00,351.48,22,157,0.012738853503184714,1,332.66,0
14904.0,605.05,2,537,62,2010-10-27 15:40:00,2010-10-08 12:48:00,302.525,35,19,0.10526315789473684,1,1025.44,0
14905.0,1355.24,6,722,39,2010-11-30 11:07:00,2009-12-03 14:36:00,225.87333333333333,1,361,0.01662049861495845,1,616.15,0
14907.0,2046.6200000000001,9,892,70,2010-11-25 12:04:00,2010-04-16 13:40:00,227.40222222222224,6,222,0.04054054054054054,1,3501.1,1
14908.0,104.10000000000001,1,50,5,2010-09-02 16:39:00,2010-09-02 16:39:00,104.10000000000001,90,0,1.0,1,277.8,0
14909.0,1404.68,3,888,61,2010-09-28 16:56:00,2010-02-14 15:47:00,468.2266666666667,64,226,0.01327433628318584,1,0.0,0
14911.0,136639.32,178,67653,1713,2010-11-26 12:41:00,2009-12-01 11:41:00,767.6366292134832,5,360,0.49444444444444446,0,136161.83,1
14912.0,1021.4,4,848,28,2010-11-03 09:51:00,2010-01-26 16:29:00,255.35,28,280,0.014285714285714285,0,867.85,0
14913.0,2845.7000000000003,4,2212,124,2010-11-16 16:50:00,2010-08-11 08:40:00,711.4250000000001,15,97,0.041237113402061855,1,1227.43,0
14915.0,1503.77,9,595,56,2010-11-29 08:23:00,2009-12-03 10:17:00,167.08555555555554,2,360,0.025,1,307.48,0
14916.0,1773.97,4,1279,52,2010-10-04 14:33:00,2010-04-01 10:57:00,443.4925,58,186,0.021505376344086023,1,1268.98,1
14917.0,1123.75,2,891,29,2010-04-22 11:28:00,2010-04-22 09:44:00,561.875,223,0,2.0,1,0.0,0
14918.0,4345.66,7,1876,64,2010-10-31 12:41:00,2010-04-08 11:18:00,620.8085714285714,31,206,0.03398058252427184,1,1610.15,1
14919.0,359.35,1,129,13,2010-06-18 13:06:00,2010-06-18 13:06:00,359.35,166,0,1.0,1,0.0,0
14920.0,629.4,1,377,40,2010-05-23 15:25:00,2010-05-23 15:25:00,629.4,192,0,1.0,1,977.77,0
14922.0,843.74,2,376,49,2010-11-11 11:14:00,2010-07-20 09:45:00,421.87,20,114,0.017543859649122806,1,0.0,0
14924.0,620.96,2,248,20,2010-04-08 15:40:00,2010-03-10 12:51:00,310.48,237,29,0.06896551724137931,1,310.05,0
14926.0,359.4,2,204,2,2010-11-23 07:13:00,2010-04-20 09:59:00,179.7,8,216,0.009259259259259259,1,0.0,0
14927.0,308.2,1,196,20,2010-11-08 12:30:00,2010-11-08 12:30:00,308.2,23,0,1.0,1,0.0,0
14928.0,223.91000000000003,1,268,21,2010-03-22 09:14:00,2010-03-22 09:14:00,223.91000000000003,254,0,1.0,1,0.0,0
14929.0,612.8100000000001,1,351,23,2010-10-14 12:22:00,2010-10-14 12:22:00,612.8100000000001,48,0,1.0,1,223.88,0
14930.0,2873.77,3,1033,129,2010-08-26 11:43:00,2010-04-12 11:22:00,957.9233333333333,97,136,0.022058823529411766,0,2362.96,1
14932.0,252.6,1,176,14,2010-11-19 09:16:00,2010-11-19 09:16:00,252.6,12,0,1.0,0,313.53,0
14933.0,1770.0,4,600,1,2010-09-22 10:47:00,2010-09-21 17:29:00,442.5,70,0,4.0,0,0.0,0
14934.0,1512.56,3,1056,65,2010-11-26 11:24:00,2010-09-24 12:08:00,504.18666666666667,5,62,0.04838709677419355,0,1890.94,1
14935.0,1065.1200000000001,1,996,16,2010-03-30 11:48:00,2010-03-30 11:48:00,1065.1200000000001,246,0,1.0,0,1784.71,1
14936.0,4273.79,4,2189,129,2010-11-14 11:32:00,2010-05-05 12:26:00,1068.4475,17,192,0.020833333333333332,0,8137.02,1
14938.0,2322.43,2,1369,71,2010-05-26 13:38:00,2010-05-26 13:35:00,1161.215,189,0,2.0,0,0.0,0
14940.0,531.49,2,384,32,2010-10-18 10:47:00,2009-12-06 15:46:00,265.745,44,315,0.006349206349206349,1,0.0,0
14941.0,182.1,1,80,7,2010-05-10 11:30:00,2010-05-10 11:30:00,182.1,205,0,1.0,1,0.0,0
14942.0,746.56,4,354,12,2010-11-03 10:51:00,2009-12-10 10:32:00,186.64,28,328,0.012195121951219513,1,0.0,0
14943.0,107.62,1,46,5,2010-02-14 16:04:00,2010-02-14 16:04:00,107.62,290,0,1.0,1,0.0,0
14944.0,3784.42,7,2047,109,2010-11-15 10:46:00,2010-02-17 08:47:00,540.6314285714286,16,271,0.025830258302583026,1,5900.25,1
14945.0,179.4,1,156,11,2010-10-22 11:26:00,2010-10-22 11:26:00,179.4,40,0,1.0,1,0.0,0
14947.0,758.97,4,237,37,2010-11-16 18:30:00,2010-03-25 11:29:00,189.7425,15,236,0.01694915254237288,1,290.82,0
14949.0,515.0,4,250,16,2010-08-27 15:38:00,2009-12-18 15:28:00,128.75,96,252,0.015873015873015872,1,0.0,0
14952.0,9529.86,21,3622,141,2010-11-08 12:21:00,2009-12-03 15:34:00,453.8028571428572,23,339,0.061946902654867256,1,8099.49,1
14953.0,683.15,3,788,152,2010-10-17 12:52:00,2010-09-30 12:16:00,227.71666666666667,45,17,0.17647058823529413,1,285.67,0
14954.0,167.27,1,92,41,2010-01-05 16:38:00,2010-01-05 16:38:00,167.27,330,0,1.0,1,294.85,0
14955.0,163.77,1,74,30,2009-12-07 11:35:00,2009-12-07 11:35:00,163.77,359,0,1.0,1,0.0,0
14956.0,1325.0,1,2500,4,2010-10-14 16:40:00,2010-10-14 16:40:00,1325.0,48,0,1.0,1,0.0,0
14957.0,203.2,1,63,15,2010-03-05 10:50:00,2010-03-05 10:50:00,203.2,271,0,1.0,1,58.49,0
14958.0,458.26,3,120,26,2010-04-23 14:31:00,2009-12-03 16:02:00,152.75333333333333,222,140,0.02142857142857143,1,483.73,0
14961.0,9365.47,13,4664,212,2010-11-25 09:46:00,2009-12-04 11:32:00,720.4207692307692,6,355,0.036619718309859155,1,7044.68,1
14962.0,240.21000000000004,3,79,9,2010-06-18 15:57:00,2010-05-04 14:57:00,80.07000000000001,166,45,0.06666666666666667,1,126.7,0
14963.0,1651.23,7,1128,193,2010-11-25 11:19:00,2010-07-02 12:43:00,235.89000000000001,6,145,0.04827586206896552,1,1472.34,1
14966.0,881.24,5,881,93,2010-11-17 13:14:00,2009-12-15 13:48:00,176.248,14,336,0.01488095238095238,1,183.02,0
14967.0,1518.81,5,512,19,2010-09-24 11:11:00,2009-12-03 14:07:00,303.762,68,294,0.017006802721088437,1,463.8,0
14968.0,349.9,1,129,46,2010-09-07 13:28:00,2010-09-07 13:28:00,349.9,85,0,1.0,1,147.59,0
14969.0,906.23,1,665,13,2010-01-05 12:43:00,2010-01-05 12:43:00,906.23,330,0,1.0,1,0.0,0
14970.0,3327.29,8,732,54,2010-10-26 16:35:00,2010-02-14 13:37:00,415.91125,36,254,0.031496062992125984,1,1592.06,1
14972.0,30.300000000000004,1,12,2,2010-11-23 16:17:00,2010-11-23 16:17:00,30.300000000000004,8,0,1.0,1,114.77,0
14975.0,192.45,1,127,15,2010-10-14 14:11:00,2010-10-14 14:11:00,192.45,48,0,1.0,1,279.94,0
14977.0,31.93,1,17,4,2009-12-14 10:37:00,2009-12-14 10:37:00,31.93,352,0,1.0,1,0.0,0
14978.0,1190.82,5,213,56,2010-10-05 13:52:00,2010-04-28 10:50:00,238.164,57,160,0.03125,1,1921.3700000000001,1
14979.0,429.66,1,209,42,2009-12-04 12:54:00,2009-12-04 12:54:00,429.66,362,0,1.0,1,0.0,0
14980.0,150.68,1,79,24,2009-12-02 14:09:00,2009-12-02 14:09:00,150.68,364,0,1.0,1,0.0,0
14981.0,270.8,1,144,14,2010-10-12 11:04:00,2010-10-12 11:04:00,270.8,50,0,1.0,1,102.12,0
14982.0,234.88,1,123,38,2010-05-16 15:52:00,2010-05-16 15:52:00,234.88,199,0,1.0,1,0.0,0
14983.0,183.20000000000002,1,90,30,2010-01-19 17:32:00,2010-01-19 17:32:00,183.20000000000002,316,0,1.0,1,0.0,0
14984.0,1058.1399999999999,4,290,11,2010-11-16 10:36:00,2010-01-11 13:22:00,264.53499999999997,15,308,0.012987012987012988,1,202.37,0
14986.0,563.1,2,338,87,2010-11-28 15:25:00,2010-01-24 15:54:00,281.55,3,307,0.006514657980456026,1,0.0,0
14987.0,1224.25,6,479,4,2010-11-23 13:01:00,2009-12-02 14:56:00,204.04166666666666,8,355,0.016901408450704224,1,326.4,0
14988.0,1704.1100000000001,6,1119,140,2010-11-24 12:53:00,2010-04-16 13:34:00,284.0183333333334,7,221,0.027149321266968326,1,334.54,0
14989.0,342.4,1,200,18,2010-02-16 10:40:00,2010-02-16 10:40:00,342.4,288,0,1.0,1,0.0,0
14990.0,304.17,2,129,41,2010-04-06 13:54:00,2009-12-09 13:31:00,152.085,239,118,0.01694915254237288,1,0.0,0
14991.0,314.67,1,191,21,2010-10-05 13:01:00,2010-10-05 13:01:00,314.67,57,0,1.0,1,0.0,0
14992.0,210.5,1,145,27,2010-09-23 17:48:00,2010-09-23 17:48:00,210.5,69,0,1.0,1,0.0,0
14993.0,36.13,1,21,9,2010-05-25 12:47:00,2010-05-25 12:47:00,36.13,190,0,1.0,1,0.0,0
14994.0,942.77,5,566,232,2010-11-22 12:59:00,2010-03-26 14:16:00,188.554,9,240,0.020833333333333332,1,0.0,0
14996.0,442.28999999999996,2,404,37,2010-08-15 13:44:00,2010-08-15 13:41:00,221.14499999999998,108,0,2.0,1,0.0,0
14997.0,230.4,1,288,12,2010-02-22 12:11:00,2010-02-22 12:11:00,230.4,282,0,1.0,1,546.1999999999999,0
14998.0,338.31,2,94,49,2010-10-07 18:48:00,2010-04-13 16:07:00,169.155,55,177,0.011299435028248588,1,414.87,0
14999.0,129.48000000000002,1,88,9,2010-04-26 10:47:00,2010-04-26 10:47:00,129.48000000000002,219,0,1.0,1,0.0,0
15001.0,197.10999999999999,2,69,43,2010-11-10 13:51:00,2010-11-10 13:31:00,98.55499999999999,21,0,2.0,1,0.0,0
15002.0,2496.32,5,1352,152,2010-07-20 10:54:00,2010-01-12 11:40:00,499.264,134,188,0.026595744680851064,1,1641.76,1
15003.0,1027.03,6,525,253,2010-08-23 15:44:00,2010-01-26 13:04:00,171.17166666666665,100,209,0.028708133971291867,1,0.0,0
15005.0,7458.91,28,4433,401,2010-11-29 15:39:00,2009-12-01 14:19:00,266.38964285714286,2,363,0.07713498622589532,1,6293.67,1
15006.0,277.4,1,101,47,2010-09-12 13:03:00,2010-09-12 13:03:00,277.4,80,0,1.0,1,475.43,0
15008.0,360.0,2,1500,6,2010-08-16 13:09:00,2010-03-12 11:13:00,180.0,107,157,0.012738853503184714,1,0.0,0
15011.0,416.6,2,289,17,2010-11-09 11:10:00,2010-10-19 12:05:00,208.3,22,20,0.1,1,0.0,0
15012.0,241.22,1,158,68,2010-05-12 11:49:00,2010-05-12 11:49:00,241.22,203,0,1.0,1,405.04,0
15013.0,1610.82,10,1715,177,2010-08-09 12:05:00,2010-01-31 12:15:00,161.082,114,189,0.05291005291005291,1,0.0,0
15015.0,2344.47,13,1559,157,2010-07-26 13:50:00,2009-12-14 14:46:00,180.34384615384613,128,223,0.05829596412556054,1,0.0,0
15016.0,450.85,4,167,77,2010-11-11 16:30:00,2010-06-14 13:06:00,112.7125,20,150,0.02666666666666667,1,170.04,0
15020.0,198.47,1,111,27,2010-11-25 13:29:00,2010-11-25 13:29:00,198.47,6,0,1.0,1,0.0,0
15021.0,628.82,3,260,132,2010-11-25 13:20:00,2010-07-29 16:35:00,209.60666666666668,6,118,0.025423728813559324,1,1871.77,1
15022.0,281.05,1,113,19,2010-01-31 16:02:00,2010-01-31 16:02:00,281.05,304,0,1.0,1,852.39,0
15023.0,4853.99,9,1930,237,2010-11-04 16:28:00,2010-02-03 15:45:00,539.3322222222222,27,274,0.032846715328467155,1,6701.51,1
15024.0,1922.96,6,1022,113,2010-11-26 12:03:00,2010-10-11 16:14:00,320.49333333333334,5,45,0.13333333333333333,1,1636.43,1
15025.0,609.88,1,318,71,2010-05-20 13:28:00,2010-05-20 13:28:00,609.88,195,0,1.0,1,361.96,0
15026.0,579.89,2,370,65,2010-11-29 13:50:00,2010-09-17 13:52:00,289.945,2,72,0.027777777777777776,1,464.2,0
15027.0,2129.45,6,2217,46,2010-11-09 16:53:00,2010-03-25 14:39:00,354.9083333333333,22,229,0.026200873362445413,1,1066.15,0
15028.0,335.81,2,214,42,2010-11-26 12:56:00,2010-11-10 14:32:00,167.905,5,15,0.13333333333333333,1,627.13,0
15029.0,365.1,1,234,10,2010-03-30 12:16:00,2010-03-30 12:16:00,365.1,246,0,1.0,1,0.0,0
15030.0,1461.63,6,853,19,2010-11-24 14:57:00,2010-03-04 17:10:00,243.60500000000002,7,264,0.022727272727272728,1,518.28,0
15031.0,2449.75,10,1176,187,2010-11-10 16:14:00,2009-12-08 13:38:00,244.975,21,337,0.02967359050445104,1,653.19,0
15032.0,6050.95,5,3633,30,2010-10-13 14:40:00,2009-12-10 15:27:00,1210.19,49,306,0.016339869281045753,1,4959.1,1
15034.0,3957.04,6,2335,231,2010-11-18 14:07:00,2010-05-11 13:30:00,659.5066666666667,13,191,0.031413612565445025,1,4274.16,1
15037.0,397.76,2,298,40,2010-11-28 13:05:00,2010-11-28 12:14:00,198.88,3,0,2.0,1,0.0,0
15038.0,460.79,3,169,97,2010-11-14 11:51:00,2010-10-10 14:35:00,153.59666666666666,17,34,0.08823529411764706,1,685.74,0
15039.0,19374.89,46,8649,383,2010-11-29 12:13:00,2009-12-10 11:39:00,421.1932608695652,2,354,0.12994350282485875,1,19766.59,1
15040.0,7.49,1,1,1,2010-06-16 11:40:00,2010-06-16 11:40:00,7.49,168,0,1.0,1,0.0,0
15041.0,109.05,1,89,34,2010-09-21 13:16:00,2010-09-21 13:16:00,109.05,71,0,1.0,1,179.93,0
15042.0,179.52,1,208,4,2010-04-23 14:01:00,2010-04-23 14:01:00,179.52,222,0,1.0,1,135.93,0
15043.0,2318.3199999999997,5,707,38,2010-09-02 15:09:00,2010-06-24 15:50:00,463.66399999999993,90,69,0.07246376811594203,1,537.0,0
15044.0,8134.28,15,2452,201,2010-11-25 13:13:00,2009-12-16 15:13:00,542.2853333333334,6,343,0.043731778425655975,1,7634.7300000000005,1
15046.0,2533.37,10,1213,139,2010-10-10 12:09:00,2010-01-14 14:29:00,253.337,52,268,0.03731343283582089,1,5071.47,1
15050.0,2349.5,2,1384,58,2010-10-14 14:18:00,2010-08-16 12:00:00,1174.75,48,59,0.03389830508474576,1,1737.69,1
15051.0,2543.55,6,2042,113,2010-11-25 16:46:00,2009-12-01 13:29:00,423.925,6,359,0.016713091922005572,1,1383.36,1
15055.0,549.12,3,225,77,2010-08-22 11:06:00,2009-12-16 15:48:00,183.04,101,248,0.012096774193548387,1,0.0,0
15056.0,113.65,1,69,6,2010-07-07 15:58:00,2010-07-07 15:58:00,113.65,147,0,1.0,1,0.0,0
15057.0,1766.46,3,726,38,2010-09-22 14:22:00,2009-12-05 15:27:00,588.82,70,290,0.010344827586206896,1,1489.5,1
15058.0,1285.04,5,591,52,2010-11-28 10:42:00,2010-02-24 14:07:00,257.008,3,276,0.018115942028985508,1,2102.54,1
15059.0,2152.68,10,993,209,2010-11-28 11:14:00,2009-12-06 12:17:00,215.26799999999997,3,356,0.028089887640449437,1,1337.72,1
15061.0,71853.43,79,45359,113,2010-11-23 19:20:00,2009-12-01 12:18:00,909.5370886075948,8,357,0.22128851540616246,1,54534.14,1
15062.0,1597.76,4,1109,75,2010-10-12 10:38:00,2010-04-08 15:41:00,399.44,50,186,0.021505376344086023,1,987.86,0
15064.0,1154.41,4,808,74,2010-10-25 14:32:00,2009-12-22 16:17:00,288.6025,37,306,0.013071895424836602,1,0.0,0
15065.0,168.73,1,63,11,2010-10-25 09:13:00,2010-10-25 09:13:00,168.73,37,0,1.0,1,3158.13,1
15067.0,2118.12,2,1197,94,2010-10-22 14:30:00,2010-04-11 15:54:00,1059.06,40,193,0.010362694300518135,1,1744.76,1
15068.0,621.54,2,468,104,2010-10-17 16:08:00,2010-03-28 13:18:00,310.77,45,203,0.009852216748768473,1,553.36,0
15070.0,630.85,2,303,26,2010-04-27 15:21:00,2009-12-15 13:49:00,315.425,218,133,0.015037593984962405,1,106.2,0
15071.0,473.49,2,147,27,2010-11-18 13:30:00,2010-05-18 12:45:00,236.745,13,184,0.010869565217391304,1,982.07,0
15072.0,187.52,1,164,13,2010-08-17 15:46:00,2010-08-17 15:46:00,187.52,106,0,1.0,1,0.0,0
15073.0,1744.61,5,919,89,2010-11-04 10:26:00,2010-01-27 08:48:00,348.92199999999997,27,281,0.017793594306049824,1,1043.41,0
15074.0,817.46,2,608,31,2010-10-06 15:49:00,2010-08-29 11:47:00,408.73,56,38,0.05263157894736842,1,735.67,0
15076.0,566.89,2,295,30,2010-08-04 13:37:00,2010-07-05 14:11:00,283.445,119,29,0.06896551724137931,1,880.85,0
15077.0,2428.08,2,528,28,2010-08-02 11:13:00,2009-12-09 17:10:00,1214.04,121,235,0.00851063829787234,1,0.0,0
15078.0,7533.62,20,3671,57,2010-10-29 10:18:00,2009-12-04 12:03:00,376.681,33,328,0.06097560975609756,1,9743.11,1
15079.0,2729.79,7,1070,82,2010-08-26 16:44:00,2009-12-08 11:22:00,389.96999999999997,97,261,0.02681992337164751,1,895.61,0
15080.0,546.25,2,287,31,2010-10-08 11:52:00,2010-07-26 10:03:00,273.125,54,74,0.02702702702702703,1,0.0,0
15081.0,1349.77,7,559,54,2010-11-26 13:26:00,2010-06-22 10:25:00,192.8242857142857,5,157,0.044585987261146494,1,504.8,0
15082.0,93.35000000000001,1,43,6,2010-02-09 10:23:00,2010-02-09 10:23:00,93.35000000000001,295,0,1.0,1,0.0,0
15084.0,965.1999999999999,2,600,31,2010-11-25 11:58:00,2010-03-04 10:45:00,482.59999999999997,6,266,0.007518796992481203,1,0.0,0
15085.0,347.54,1,169,9,2009-12-10 11:47:00,2009-12-10 11:47:00,347.54,356,0,1.0,1,0.0,0
15086.0,218.53,2,95,10,2010-05-24 12:27:00,2010-03-24 13:56:00,109.265,191,60,0.03333333333333333,1,0.0,0
15091.0,565.9,2,236,27,2010-02-03 11:50:00,2010-02-03 11:46:00,282.95,301,0,2.0,1,480.71,0
15092.0,318.65,1,95,19,2010-09-03 12:33:00,2010-09-03 12:33:00,318.65,89,0,1.0,1,457.81,0
15093.0,9105.36,17,7018,86,2010-11-16 12:00:00,2009-12-08 12:46:00,535.6094117647059,15,342,0.049707602339181284,1,4597.02,1
15094.0,83.0,2,28,4,2010-09-02 16:55:00,2010-03-05 12:56:00,41.5,90,181,0.011049723756906077,1,0.0,0
15095.0,1771.04,6,1154,60,2010-10-15 11:47:00,2010-01-21 09:37:00,295.17333333333335,47,267,0.02247191011235955,1,1370.6000000000001,1
15097.0,660.27,2,254,39,2010-05-05 14:33:00,2010-05-05 14:22:00,330.135,210,0,2.0,1,248.08,0
15100.0,1317.8999999999999,4,190,11,2010-11-24 11:08:00,2010-01-07 14:33:00,329.47499999999997,7,320,0.0125,1,876.0,0
15101.0,1160.41,4,435,48,2010-07-12 10:46:00,2010-04-28 15:00:00,290.1025,142,74,0.05405405405405406,1,317.53000000000003,0
15102.0,554.67,2,339,26,2010-06-27 12:16:00,2010-06-11 10:16:00,277.335,157,16,0.125,1,0.0,0
15105.0,795.98,2,536,50,2010-10-05 14:12:00,2010-03-23 12:18:00,397.99,57,196,0.01020408163265306,1,2298.93,1
15107.0,504.85,3,161,24,2010-11-18 16:10:00,2010-09-14 10:47:00,168.28333333333333,13,65,0.046153846153846156,1,319.5,0
15109.0,498.15000000000003,2,127,18,2010-05-09 13:44:00,2009-12-04 12:33:00,249.07500000000002,206,156,0.01282051282051282,1,484.95,0
15110.0,509.75,2,91,14,2010-11-01 10:31:00,2010-08-11 15:49:00,254.875,30,81,0.024691358024691357,1,996.1,0
15111.0,874.89,2,348,50,2010-10-11 14:32:00,2010-04-26 13:12:00,437.445,51,168,0.011904761904761904,1,1567.48,1
15112.0,209.4,1,72,7,2010-04-07 14:17:00,2010-04-07 14:17:00,209.4,238,0,1.0,1,0.0,0
15114.0,639.56,2,436,33,2010-11-21 16:14:00,2010-10-14 16:44:00,319.78,10,37,0.05405405405405406,1,2760.56,1
15115.0,191.74,1,88,14,2009-12-07 11:20:00,2009-12-07 11:20:00,191.74,359,0,1.0,1,340.11,0
15117.0,934.19,3,1145,46,2010-09-17 14:45:00,2010-03-15 13:39:00,311.3966666666667,75,186,0.016129032258064516,1,1551.78,1
15122.0,2853.4900000000002,8,1233,107,2010-10-13 09:42:00,2010-03-30 14:05:00,356.68625000000003,49,196,0.04081632653061224,1,1633.78,1
15123.0,2456.86,3,1329,66,2010-10-14 16:30:00,2010-03-16 09:49:00,818.9533333333334,48,212,0.014150943396226415,1,2199.31,1
15124.0,266.63,2,229,16,2010-08-20 12:31:00,2010-02-26 10:49:00,133.315,103,175,0.011428571428571429,1,184.19,0
15125.0,5496.39,9,2240,72,2010-08-17 09:54:00,2010-03-31 13:29:00,610.71,106,138,0.06521739130434782,1,11528.48,1
15126.0,449.49,2,273,25,2010-06-21 12:31:00,2010-01-21 17:09:00,224.745,163,150,0.013333333333333334,1,0.0,0
15127.0,304.97,1,213,12,2010-07-08 10:07:00,2010-07-08 10:07:00,304.97,146,0,1.0,1,406.53000000000003,0
15128.0,312.68,1,240,21,2010-10-05 16:46:00,2010-10-05 16:46:00,312.68,57,0,1.0,1,1471.0,1
15129.0,3412.78,12,2208,56,2010-11-19 11:48:00,2010-04-08 17:15:00,284.39833333333337,12,224,0.05357142857142857,1,3447.4,1
15131.0,80.28,1,88,7,2010-11-10 12:07:00,2010-11-10 12:07:00,80.28,21,0,1.0,1,0.0,0
15133.0,824.48,2,280,20,2010-11-22 15:16:00,2010-07-07 12:31:00,412.24,9,138,0.014492753623188406,1,982.42,0
15134.0,208.3,2,170,12,2010-11-23 14:59:00,2010-10-13 12:44:00,104.15,8,41,0.04878048780487805,1,1387.99,1
15135.0,166.63,1,41,11,2010-06-01 13:33:00,2010-06-01 13:33:00,166.63,183,0,1.0,1,139.05,0
15137.0,823.4,2,596,34,2010-07-07 09:41:00,2010-01-28 15:45:00,411.7,147,159,0.012578616352201259,1,0.0,0
15138.0,502.52,1,300,31,2010-11-11 09:16:00,2010-11-11 09:16:00,502.52,20,0,1.0,1,0.0,0
15140.0,889.44,1,438,32,2010-09-23 13:07:00,2010-09-23 13:07:00,889.44,69,0,1.0,1,2354.25,1
15141.0,1388.47,7,1197,44,2010-09-08 11:33:00,2010-03-28 15:58:00,198.35285714285715,84,163,0.04294478527607362,1,0.0,0
15142.0,2121.18,5,1790,97,2010-10-25 15:36:00,2010-07-27 09:05:00,424.236,37,90,0.05555555555555555,1,498.74,0
15143.0,304.18,1,170,17,2010-10-03 13:58:00,2010-10-03 13:58:00,304.18,59,0,1.0,1,259.45,0
15144.0,5579.87,12,2201,98,2010-11-25 18:50:00,2009-12-13 11:35:00,464.9891666666667,6,347,0.0345821325648415,1,6580.4400000000005,1
15149.0,1003.8100000000001,3,251,43,2010-05-11 13:51:00,2010-02-28 11:13:00,334.60333333333335,204,72,0.041666666666666664,1,520.8000000000001,0
15150.0,3686.61,3,2525,231,2010-09-09 17:19:00,2010-06-14 12:01:00,1228.8700000000001,83,87,0.034482758620689655,1,5291.33,1
15151.0,2085.61,2,795,56,2010-10-12 16:37:00,2010-07-18 12:19:00,1042.805,50,86,0.023255813953488372,1,0.0,0
15152.0,518.14,1,290,29,2010-01-07 15:15:00,2010-01-07 15:15:00,518.14,328,0,1.0,1,4745.69,1
15154.0,1089.44,2,244,101,2010-08-18 17:43:00,2010-08-18 17:41:00,544.72,105,0,2.0,1,254.28,0
15155.0,383.96999999999997,1,192,24,2010-11-21 12:59:00,2010-11-21 12:59:00,383.96999999999997,10,0,1.0,1,0.0,0
15157.0,718.04,2,1074,27,2010-05-19 13:29:00,2009-12-10 14:44:00,359.02,196,159,0.012578616352201259,1,1936.07,1
15158.0,204.62,1,21,4,2010-11-03 13:46:00,2010-11-03 13:46:00,204.62,28,0,1.0,1,401.40000000000003,0
15159.0,3475.7200000000003,4,2071,91,2010-11-09 11:11:00,2010-10-04 09:31:00,868.9300000000001,22,36,0.1111111111111111,1,18641.010000000002,1
15160.0,431.11,3,223,16,2010-11-30 15:41:00,2010-10-14 15:26:00,143.70333333333335,1,47,0.06382978723404255,1,158.16,0
15161.0,119.92,1,144,33,2010-11-16 16:08:00,2010-11-16 16:08:00,119.92,15,0,1.0,1,0.0,0
15162.0,312.9,1,74,12,2009-12-08 13:14:00,2009-12-08 13:14:00,312.9,358,0,1.0,1,0.0,0
15164.0,1203.53,6,561,193,2010-11-15 17:11:00,2010-01-18 13:34:00,200.58833333333334,16,301,0.019933554817275746,1,824.58,0
15166.0,167.16,1,140,12,2010-08-29 12:31:00,2010-08-29 12:31:00,167.16,94,0,1.0,1,0.0,0
15167.0,1468.82,4,798,233,2010-10-28 14:19:00,2010-02-04 14:13:00,367.205,34,266,0.015037593984962405,1,158.8,0
15169.0,569.22,2,356,58,2010-11-22 13:04:00,2009-12-13 11:16:00,284.61,9,344,0.005813953488372093,1,0.0,0
15170.0,81.15,1,33,4,2010-10-29 10:34:00,2010-10-29 10:34:00,81.15,33,0,1.0,1,0.0,0
15173.0,1494.6,7,840,68,2010-11-24 10:21:00,2010-04-01 12:26:00,213.5142857142857,7,236,0.029661016949152543,1,0.0,0
15174.0,345.71,1,237,23,2010-10-25 09:40:00,2010-10-25 09:40:00,345.71,37,0,1.0,1,135.75,0
15176.0,988.0400000000001,1,448,52,2010-02-10 10:36:00,2010-02-10 10:36:00,988.0400000000001,294,0,1.0,1,0.0,0
15177.0,948.9300000000001,1,485,26,2010-10-10 12:48:00,2010-10-10 12:48:00,948.9300000000001,52,0,1.0,1,0.0,0
15179.0,5284.97,8,3478,154,2010-11-12 15:35:00,2009-12-03 12:27:00,660.62125,19,344,0.023255813953488372,1,2206.9500000000003,1
15180.0,729.4300000000001,2,618,43,2010-10-18 10:07:00,2010-04-29 15:27:00,364.71500000000003,44,171,0.011695906432748537,1,87.5,0
15181.0,510.72,2,144,4,2010-10-15 11:47:00,2009-12-08 19:02:00,255.36,47,310,0.0064516129032258064,1,689.48,0
15182.0,2376.1,9,931,67,2010-11-19 10:31:00,2010-02-21 12:03:00,264.0111111111111,12,270,0.03333333333333333,1,622.85,0
15183.0,639.93,3,297,33,2010-06-10 10:43:00,2010-05-04 11:31:00,213.30999999999997,174,36,0.08333333333333333,1,0.0,0
15184.0,283.19,2,263,19,2010-11-17 12:41:00,2009-12-16 12:06:00,141.595,14,336,0.005952380952380952,1,402.2,0
15186.0,991.7900000000001,3,501,22,2010-08-22 15:00:00,2010-01-12 10:14:00,330.5966666666667,101,222,0.013513513513513514,1,411.41,0
15188.0,310.43,1,233,23,2009-12-14 13:30:00,2009-12-14 13:30:00,310.43,352,0,1.0,1,0.0,0
15189.0,1298.99,5,753,20,2010-11-23 18:47:00,2010-07-18 13:37:00,259.798,8,128,0.0390625,1,16225.39,1
15190.0,834.4399999999999,1,790,40,2010-10-01 13:09:00,2010-10-01 13:09:00,834.4399999999999,61,0,1.0,1,0.0,0
15191.0,588.05,3,287,33,2010-09-02 15:37:00,2010-01-20 12:35:00,196.01666666666665,90,225,0.013333333333333334,1,0.0,0
15192.0,622.07,2,530,35,2010-05-13 13:50:00,2010-01-29 10:13:00,311.035,202,104,0.019230769230769232,1,1044.32,0
15194.0,4405.0,13,3219,102,2010-11-24 14:08:00,2009-12-03 10:37:00,338.84615384615387,7,356,0.03651685393258427,1,7616.53,1
15196.0,313.7,2,130,34,2010-10-03 10:50:00,2009-12-13 11:14:00,156.85,59,293,0.006825938566552901,1,0.0,0
15197.0,797.9,3,589,23,2010-11-10 11:55:00,2009-12-11 12:56:00,265.96666666666664,21,333,0.009009009009009009,1,1079.61,0
15198.0,377.71,3,207,20,2010-10-27 10:32:00,2010-01-19 10:01:00,125.90333333333332,35,281,0.010676156583629894,1,193.64,0
15199.0,1853.7,6,498,17,2010-11-30 10:56:00,2010-05-13 10:14:00,308.95,1,201,0.029850746268656716,1,1268.7,0
15200.0,549.0500000000001,1,195,30,2010-08-02 09:38:00,2010-08-02 09:38:00,549.0500000000001,121,0,1.0,1,0.0,0
15201.0,606.4100000000001,2,450,23,2010-09-26 10:50:00,2010-04-07 14:50:00,303.20500000000004,66,171,0.011695906432748537,1,1236.54,0
15203.0,2572.38,9,2429,108,2010-11-14 12:14:00,2009-12-08 18:06:00,285.82,17,340,0.026470588235294117,1,1827.8,1
15207.0,683.92,3,428,19,2010-10-19 13:29:00,2010-06-10 17:29:00,227.97333333333333,43,130,0.023076923076923078,1,0.0,0
15208.0,100.4,1,40,6,2010-10-12 12:17:00,2010-10-12 12:17:00,100.4,50,0,1.0,1,870.12,0
15209.0,178.98000000000002,1,94,13,2009-12-09 17:26:00,2009-12-09 17:26:00,178.98000000000002,357,0,1.0,1,0.0,0
15210.0,845.01,2,613,46,2010-11-26 09:09:00,2010-05-13 14:42:00,422.505,5,196,0.01020408163265306,1,331.18,0
15212.0,106.47999999999999,1,48,5,2010-11-28 10:45:00,2010-11-28 10:45:00,106.47999999999999,3,0,1.0,1,101.8,0
15215.0,1687.49,4,551,59,2010-11-11 10:50:00,2010-04-06 11:21:00,421.8725,20,218,0.01834862385321101,1,734.94,0
15216.0,389.49,1,189,22,2010-03-31 09:52:00,2010-03-31 09:52:00,389.49,245,0,1.0,1,96.6,0
15217.0,426.24,1,190,28,2010-05-25 13:51:00,2010-05-25 13:51:00,426.24,190,0,1.0,1,0.0,0
15218.0,5696.9400000000005,11,3189,94,2010-11-15 11:39:00,2010-01-26 11:33:00,517.9036363636365,16,293,0.03754266211604096,1,5756.89,1
15219.0,379.7,1,226,17,2010-03-01 11:33:00,2010-03-01 11:33:00,379.7,275,0,1.0,1,305.75,0
15221.0,1658.95,3,201,21,2010-10-29 10:28:00,2010-03-12 10:40:00,552.9833333333333,33,230,0.013043478260869565,1,403.25,0
15222.0,2965.91,10,4018,97,2010-08-24 10:39:00,2009-12-16 13:49:00,296.591,99,250,0.04,1,585.0,0
15223.0,662.2,3,172,12,2010-04-09 11:34:00,2009-12-05 11:19:00,220.73333333333335,236,125,0.024,1,755.75,0
15224.0,549.28,3,291,19,2010-07-15 09:08:00,2010-01-15 16:14:00,183.09333333333333,139,180,0.016666666666666666,1,322.08,0
15227.0,1269.0900000000001,4,467,54,2010-11-08 13:31:00,2010-03-16 08:23:00,317.27250000000004,23,237,0.016877637130801686,1,1219.4,0
15228.0,2193.56,2,1120,94,2010-10-07 14:24:00,2010-07-28 10:21:00,1096.78,55,71,0.028169014084507043,1,3386.71,1
15229.0,160.5,1,114,9,2010-05-02 13:50:00,2010-05-02 13:50:00,160.5,213,0,1.0,1,0.0,0
15231.0,250.26000000000002,1,190,14,2010-03-28 15:12:00,2010-03-28 15:12:00,250.26000000000002,248,0,1.0,1,0.0,0
15233.0,59.400000000000006,1,12,1,2010-11-03 13:36:00,2010-11-03 13:36:00,59.400000000000006,28,0,1.0,1,0.0,0
15235.0,525.25,4,352,35,2010-11-23 12:00:00,2010-11-16 12:48:00,131.3125,8,6,0.6666666666666666,1,2247.51,1
15240.0,2753.41,7,1845,97,2010-11-30 11:51:00,2009-12-05 14:57:00,393.3442857142857,1,359,0.019498607242339833,1,1706.57,1
15241.0,1293.72,3,1510,56,2010-10-05 08:50:00,2010-02-23 13:59:00,431.24,57,223,0.013452914798206279,1,1756.44,1
15242.0,302.04,1,196,4,2010-10-13 15:33:00,2010-10-13 15:33:00,302.04,49,0,1.0,1,0.0,0
15243.0,610.6,1,358,39,2010-09-30 17:28:00,2010-09-30 17:28:00,610.6,62,0,1.0,1,316.68,0
15244.0,280.51,1,67,14,2010-02-11 14:48:00,2010-02-11 14:48:00,280.51,293,0,1.0,1,631.57,0
15245.0,2095.0,5,1237,36,2010-11-02 12:58:00,2010-04-23 14:23:00,419.0,29,192,0.026041666666666668,1,2515.84,1
15246.0,266.25,1,112,18,2010-06-02 11:28:00,2010-06-02 11:28:00,266.25,182,0,1.0,1,514.15,0
15247.0,620.06,2,354,10,2010-08-19 10:13:00,2010-06-20 14:08:00,310.03,104,59,0.03389830508474576,1,356.0,0
15248.0,1893.93,3,1065,103,2010-10-24 13:09:00,2010-06-23 14:34:00,631.3100000000001,38,122,0.02459016393442623,1,0.0,0
15249.0,2577.54,5,1403,122,2010-10-05 16:34:00,2010-03-26 14:51:00,515.508,57,193,0.025906735751295335,1,6688.46,1
15250.0,60.0,1,48,3,2010-03-09 07:35:00,2010-03-09 07:35:00,60.0,267,0,1.0,1,0.0,0
15251.0,9839.55,10,5937,99,2010-10-21 14:29:00,2010-01-29 12:42:00,983.9549999999999,41,265,0.03773584905660377,1,10484.99,1
15252.0,1362.63,3,908,73,2010-10-14 12:05:00,2010-04-07 10:24:00,454.21000000000004,48,190,0.015789473684210527,1,740.78,0
15253.0,1136.89,3,722,58,2010-11-01 13:46:00,2010-05-02 11:17:00,378.96333333333337,30,183,0.01639344262295082,1,918.2,0
15254.0,787.99,2,436,46,2010-06-11 10:30:00,2010-05-28 10:08:00,393.995,173,14,0.14285714285714285,1,300.36,0
15255.0,2815.17,8,1725,101,2010-11-08 15:12:00,2009-12-03 09:10:00,351.89625,23,340,0.023529411764705882,1,890.85,0
15256.0,71.95,1,37,4,2010-05-27 11:41:00,2010-05-27 11:41:00,71.95,188,0,1.0,1,98.45,0
15257.0,368.75,1,25,5,2010-10-21 14:03:00,2010-10-21 14:03:00,368.75,41,0,1.0,1,317.15,0
15259.0,1182.3799999999999,4,631,50,2010-07-15 08:47:00,2010-01-26 09:41:00,295.59499999999997,139,169,0.023668639053254437,1,0.0,0
15260.0,6956.96,18,3583,149,2010-10-25 09:08:00,2009-12-06 11:45:00,386.4977777777778,37,322,0.055900621118012424,1,1810.77,1
15261.0,1253.18,3,536,70,2010-11-23 09:13:00,2010-10-01 11:59:00,417.7266666666667,8,52,0.057692307692307696,1,254.82,0
15262.0,239.87,2,145,14,2010-11-24 13:21:00,2010-08-08 15:55:00,119.935,7,107,0.018691588785046728,1,178.95000000000002,0
15264.0,454.66,1,178,32,2010-06-27 13:29:00,2010-06-27 13:29:00,454.66,157,0,1.0,1,393.74,0
15265.0,1839.52,2,958,109,2010-04-14 11:20:00,2009-12-01 17:08:00,919.76,231,133,0.015037593984962405,1,1506.1200000000001,1
15266.0,732.91,4,218,36,2010-11-25 16:36:00,2010-01-07 12:19:00,183.2275,6,322,0.012422360248447204,1,119.3,0
15268.0,961.9000000000001,3,428,21,2010-08-18 10:33:00,2010-04-13 11:27:00,320.6333333333334,105,126,0.023809523809523808,1,0.0,0
15269.0,816.5600000000001,2,346,32,2010-11-24 15:32:00,2010-11-14 12:58:00,408.28000000000003,7,10,0.2,1,408.8,0
15270.0,6145.37,14,2489,55,2010-11-04 11:48:00,2009-12-17 15:02:00,438.955,27,321,0.04361370716510903,1,2379.49,1
15271.0,2035.2,9,1161,238,2010-11-25 11:40:00,2010-08-05 14:57:00,226.13333333333333,6,111,0.08108108108108109,1,2493.34,1
15272.0,1309.01,4,355,209,2010-09-15 17:07:00,2010-02-14 13:39:00,327.2525,77,213,0.018779342723004695,1,721.94,0
15273.0,228.96,1,216,1,2010-04-19 11:31:00,2010-04-19 11:31:00,228.96,226,0,1.0,1,0.0,0
15276.0,491.17,3,256,115,2010-11-10 16:07:00,2010-10-01 12:24:00,163.72333333333333,21,40,0.075,1,128.63,0
15277.0,220.44,1,168,14,2010-10-10 16:02:00,2010-10-10 16:02:00,220.44,52,0,1.0,1,255.89999999999998,0
15278.0,496.16,4,458,29,2010-05-27 10:03:00,2010-02-12 14:53:00,124.04,188,103,0.038834951456310676,1,0.0,0
15279.0,1290.03,4,613,58,2010-11-24 13:03:00,2010-02-02 10:15:00,322.5075,7,295,0.013559322033898305,1,290.51,0
15280.0,284.4,2,353,39,2010-08-08 12:21:00,2010-05-17 14:17:00,142.2,115,82,0.024390243902439025,1,113.12,0
15281.0,6211.42,7,4022,337,2010-11-26 16:31:00,2010-10-08 12:14:00,887.3457142857143,5,49,0.14285714285714285,1,2332.15,1
15282.0,348.59,1,395,27,2010-05-18 16:27:00,2010-05-18 16:27:00,348.59,197,0,1.0,1,0.0,0
15283.0,148.32999999999998,3,27,9,2010-11-14 14:54:00,2010-07-09 15:46:00,49.44333333333333,17,127,0.023622047244094488,1,0.0,0
15284.0,24.75,1,5,1,2010-07-27 13:25:00,2010-07-27 13:25:00,24.75,127,0,1.0,1,0.0,0
15285.0,94.92,1,120,6,2010-10-28 09:46:00,2010-10-28 09:46:00,94.92,34,0,1.0,1,0.0,0
15287.0,369.34000000000003,3,577,13,2010-11-25 10:29:00,2009-12-02 12:13:00,123.11333333333334,6,357,0.008403361344537815,1,486.69,0
15288.0,1400.01,5,558,56,2010-11-03 16:28:00,2010-02-12 15:27:00,280.002,28,264,0.01893939393939394,1,2306.52,1
15289.0,653.3100000000001,2,619,33,2010-09-07 12:38:00,2010-03-28 11:45:00,326.65500000000003,85,163,0.012269938650306749,1,939.78,0
15290.0,2553.06,8,2066,34,2010-11-11 12:04:00,2010-02-24 10:15:00,319.1325,20,260,0.03076923076923077,1,7943.22,1
15291.0,8849.460000000001,25,2802,80,2010-11-25 12:23:00,2009-12-03 11:09:00,353.9784,6,357,0.0700280112044818,1,4623.3,1
15293.0,247.5,1,178,19,2010-02-12 11:54:00,2010-02-12 11:54:00,247.5,292,0,1.0,1,0.0,0
15294.0,233.35,1,97,15,2010-10-25 11:45:00,2010-10-25 11:45:00,233.35,37,0,1.0,1,0.0,0
15295.0,207.04,1,139,50,2010-02-23 13:03:00,2010-02-23 13:03:00,207.04,281,0,1.0,1,0.0,0
15296.0,6650.17,6,3686,253,2010-10-15 09:33:00,2010-01-21 13:48:00,1108.3616666666667,47,266,0.022556390977443608,1,3672.86,1
15298.0,4261.87,11,2884,142,2010-11-04 14:11:00,2009-12-08 17:04:00,387.44272727272727,27,330,0.03333333333333333,1,4799.9,1
15299.0,1649.52,3,408,2,2010-11-16 15:11:00,2010-01-12 11:34:00,549.84,15,308,0.00974025974025974,1,3907.01,1
15301.0,1859.72,5,1012,75,2010-11-26 14:54:00,2010-09-15 15:41:00,371.944,5,71,0.07042253521126761,1,5049.95,1
15302.0,308.0,1,102,15,2009-12-09 13:11:00,2009-12-09 13:11:00,308.0,357,0,1.0,1,0.0,0
15303.0,650.16,2,266,36,2010-05-23 12:14:00,2010-01-25 09:42:00,325.08,192,118,0.01694915254237288,1,574.02,0
15304.0,102.0,1,8,1,2010-10-14 10:24:00,2010-10-14 10:24:00,102.0,48,0,1.0,1,694.4,0
15305.0,93.6,1,40,5,2010-06-02 13:50:00,2010-06-02 13:50:00,93.6,182,0,1.0,1,0.0,0
15306.0,2310.38,6,2264,80,2010-07-27 14:39:00,2010-02-18 17:12:00,385.06333333333333,127,158,0.0379746835443038,1,1174.3500000000001,0
15309.0,797.96,4,440,49,2010-04-08 11:11:00,2009-12-04 13:01:00,199.49,237,124,0.03225806451612903,1,0.0,0
15310.0,1634.64,1,1476,45,2010-08-18 11:38:00,2010-08-18 11:38:00,1634.64,105,0,1.0,1,0.0,0
15311.0,54038.67,116,31761,584,2010-11-29 13:44:00,2009-12-01 11:21:00,465.8506034482758,2,363,0.31955922865013775,1,60632.75,1
15312.0,2005.34,8,1177,90,2010-11-21 15:10:00,2009-12-16 09:23:00,250.6675,10,340,0.023529411764705882,1,924.85,0
15314.0,492.48,2,437,25,2010-10-22 12:19:00,2010-10-07 15:41:00,246.24,40,14,0.14285714285714285,1,327.97,0
15317.0,129.75,1,45,5,2010-01-31 15:55:00,2010-01-31 15:55:00,129.75,304,0,1.0,1,0.0,0
15321.0,3961.42,9,2472,186,2010-09-28 18:11:00,2010-02-03 09:47:00,440.15777777777777,64,237,0.0379746835443038,1,2748.31,1
15322.0,711.18,1,555,41,2010-08-20 13:10:00,2010-08-20 13:10:00,711.18,103,0,1.0,1,679.68,0
15323.0,434.6,3,188,29,2010-05-26 10:01:00,2010-02-16 09:21:00,144.86666666666667,189,99,0.030303030303030304,1,0.0,0
15324.0,140.22000000000003,1,74,8,2010-01-07 14:37:00,2010-01-07 14:37:00,140.22000000000003,328,0,1.0,1,0.0,0
15325.0,1439.72,7,1151,141,2010-11-09 13:14:00,2010-02-16 13:30:00,205.67428571428573,22,265,0.026415094339622643,1,161.74,0
15326.0,1388.81,4,965,78,2010-04-09 15:22:00,2009-12-01 13:19:00,347.2025,236,129,0.031007751937984496,1,311.71,0
15328.0,107.24,1,88,8,2010-10-28 09:05:00,2010-10-28 09:05:00,107.24,34,0,1.0,1,0.0,0
15329.0,1909.13,8,731,60,2010-11-30 11:24:00,2009-12-14 12:18:00,238.64125,1,350,0.022857142857142857,1,1049.7,0
15331.0,767.91,3,701,41,2010-07-28 09:42:00,2010-04-09 14:26:00,255.97,126,109,0.027522935779816515,1,0.0,0
15332.0,3231.62,2,1654,104,2010-11-04 12:17:00,2010-07-14 13:01:00,1615.81,27,112,0.017857142857142856,0,1661.06,1
15336.0,240.5,1,84,15,2010-11-03 12:39:00,2010-11-03 12:39:00,240.5,28,0,1.0,1,0.0,0
15337.0,373.02,1,200,21,2010-10-24 15:29:00,2010-10-24 15:29:00,373.02,38,0,1.0,1,0.0,0
15338.0,277.93,1,148,56,2010-01-31 14:25:00,2010-01-31 14:25:00,277.93,304,0,1.0,1,0.0,0
15339.0,1246.95,5,722,108,2010-10-14 14:04:00,2010-02-08 13:38:00,249.39000000000001,48,248,0.020161290322580645,1,574.07,0
15340.0,105.5,1,76,7,2010-05-27 10:27:00,2010-05-27 10:27:00,105.5,188,0,1.0,1,0.0,0
15341.0,382.2,1,196,7,2010-09-16 16:41:00,2010-09-16 16:41:00,382.2,76,0,1.0,1,2020.52,1
15346.0,343.7,2,116,20,2010-10-10 13:55:00,2010-10-04 15:11:00,171.85,52,5,0.4,1,252.42000000000002,0
15347.0,960.4,3,412,25,2010-11-26 10:25:00,2010-09-28 12:50:00,320.1333333333333,5,58,0.05172413793103448,1,201.60000000000002,0
15350.0,431.95000000000005,1,221,25,2010-11-21 15:14:00,2010-11-21 15:14:00,431.95000000000005,10,0,1.0,1,115.65,0
15351.0,1495.56,3,608,72,2010-10-31 11:43:00,2010-10-03 12:18:00,498.52,31,27,0.1111111111111111,1,1934.66,1
15352.0,111.15,1,40,34,2010-06-09 11:28:00,2010-06-09 11:28:00,111.15,175,0,1.0,1,0.0,0
15353.0,2024.35,5,1050,238,2010-11-18 12:21:00,2009-12-02 11:33:00,404.87,13,351,0.014245014245014245,1,770.12,0
15356.0,521.54,3,249,136,2010-11-24 14:14:00,2010-10-13 13:12:00,173.84666666666666,7,42,0.07142857142857142,1,2718.03,1
15358.0,8078.66,20,7852,258,2010-11-30 14:44:00,2009-12-07 12:19:00,403.933,1,358,0.055865921787709494,1,8347.2,1
15359.0,181.35,8,145,10,2010-02-15 10:47:00,2010-01-15 11:30:00,22.66875,289,30,0.26666666666666666,1,0.0,0
15361.0,270.15,3,37,3,2010-07-01 14:15:00,2010-06-14 13:27:00,90.05,153,17,0.17647058823529413,1,418.92,0
15362.0,613.08,2,368,38,2010-09-17 10:37:00,2009-12-01 09:08:00,306.54,75,290,0.006896551724137931,1,0.0,0
15363.0,352.11,1,239,19,2010-08-04 08:41:00,2010-08-04 08:41:00,352.11,119,0,1.0,1,326.0,0
15365.0,2242.81,6,1047,82,2010-11-01 10:44:00,2010-02-04 16:43:00,373.8016666666667,30,269,0.022304832713754646,1,2314.32,1
15366.0,1786.57,5,1826,67,2010-10-26 09:52:00,2010-02-26 10:10:00,357.31399999999996,36,241,0.02074688796680498,1,602.51,0
15367.0,3203.7400000000002,7,1887,148,2010-10-17 15:05:00,2009-12-10 14:20:00,457.6771428571429,45,311,0.022508038585209004,1,1877.5900000000001,1
15368.0,275.8,1,176,4,2010-11-10 15:52:00,2010-11-10 15:52:00,275.8,21,0,1.0,1,446.94000000000005,0
15369.0,6251.26,11,3288,44,2010-08-04 13:54:00,2009-12-08 07:43:00,568.2963636363637,119,239,0.04602510460251046,1,0.0,0
15370.0,1352.96,1,567,50,2010-10-25 12:08:00,2010-10-25 12:08:00,1352.96,37,0,1.0,1,2386.05,1
15371.0,59.400000000000006,1,12,1,2010-02-15 13:14:00,2010-02-15 13:14:00,59.400000000000006,289,0,1.0,1,0.0,0
15372.0,4009.66,7,3486,19,2010-09-15 14:52:00,2010-02-14 11:24:00,572.8085714285714,77,213,0.03286384976525822,1,2007.4,1
15373.0,668.63,5,226,45,2010-10-27 13:18:00,2010-05-02 11:57:00,133.726,35,178,0.028089887640449437,1,2415.91,1
15374.0,139.32,1,164,6,2010-03-25 12:03:00,2010-03-25 12:03:00,139.32,251,0,1.0,1,168.0,0
15375.0,60.959999999999994,1,84,6,2010-01-18 15:38:00,2010-01-18 15:38:00,60.959999999999994,317,0,1.0,1,0.0,0
15377.0,1211.75,4,253,15,2010-11-22 08:55:00,2010-10-20 11:42:00,302.9375,9,32,0.125,1,0.0,0
15378.0,246.5,2,130,8,2010-09-03 11:30:00,2010-07-26 08:47:00,123.25,89,39,0.05128205128205128,1,0.0,0
15379.0,1174.55,1,695,69,2010-11-04 11:59:00,2010-11-04 11:59:00,1174.55,27,0,1.0,1,3703.29,1
15380.0,1558.7,6,578,6,2010-10-15 14:22:00,2009-12-01 13:50:00,259.78333333333336,47,318,0.018867924528301886,1,1690.26,1
15381.0,1293.72,3,631,16,2010-10-12 13:32:00,2010-05-05 14:35:00,431.24,50,159,0.018867924528301886,1,596.85,0
15382.0,7777.84,6,5166,196,2010-11-30 09:46:00,2009-12-04 14:13:00,1296.3066666666666,1,360,0.016666666666666666,1,5955.71,1
15384.0,1385.38,2,1171,70,2010-11-23 12:04:00,2010-04-26 12:38:00,692.69,8,210,0.009523809523809525,1,642.41,0
15385.0,625.2,2,267,8,2010-11-12 12:28:00,2010-01-31 13:02:00,312.6,19,284,0.007042253521126761,1,316.88,0
15387.0,468.65,1,335,20,2010-08-04 16:05:00,2010-08-04 16:05:00,468.65,119,0,1.0,1,0.0,0
15389.0,2233.8,4,3540,2,2010-11-04 19:23:00,2010-01-27 12:44:00,558.45,27,281,0.014234875444839857,1,500.0,0
15390.0,1216.66,2,894,77,2010-11-08 15:19:00,2010-10-26 17:23:00,608.33,23,12,0.16666666666666666,0,0.0,0
15391.0,289.87,1,109,12,2010-05-04 15:04:00,2010-05-04 15:04:00,289.87,211,0,1.0,1,0.0,0
15392.0,1376.09,3,867,48,2010-11-30 09:50:00,2010-10-04 12:50:00,458.69666666666666,1,56,0.05357142857142857,1,1535.53,1
15393.0,659.48,3,228,29,2010-05-21 11:34:00,2009-12-15 17:56:00,219.82666666666668,194,156,0.019230769230769232,1,231.86,0
15394.0,3103.26,7,1462,101,2010-11-09 12:26:00,2009-12-15 19:05:00,443.3228571428572,22,328,0.021341463414634148,1,2183.54,1
15396.0,508.20000000000005,1,156,2,2010-05-05 09:04:00,2010-05-05 09:04:00,508.20000000000005,210,0,1.0,1,288.18,0
15400.0,586.1,3,272,11,2010-10-15 12:00:00,2010-05-28 08:33:00,195.36666666666667,47,140,0.02142857142857143,1,716.2,0
15401.0,216.95,2,93,14,2010-09-13 13:42:00,2010-05-20 10:56:00,108.475,79,116,0.017241379310344827,1,0.0,0
15402.0,1203.77,4,1340,58,2010-11-17 12:58:00,2010-04-27 12:12:00,300.9425,14,204,0.0196078431372549,1,626.35,0
15403.0,170.88,2,492,6,2010-08-05 12:21:00,2009-12-09 12:45:00,85.44,118,238,0.008403361344537815,1,0.0,0
15404.0,257.06,1,334,16,2010-11-29 11:03:00,2010-11-29 11:03:00,257.06,2,0,1.0,1,0.0,0
15405.0,310.74,1,155,22,2010-05-12 15:56:00,2010-05-12 15:56:00,310.74,203,0,1.0,1,349.1,0
15406.0,465.16,2,293,66,2010-09-12 13:10:00,2010-09-12 13:06:00,232.58,80,0,2.0,1,510.71000000000004,0
15409.0,131.25,1,59,9,2009-12-18 15:35:00,2009-12-18 15:35:00,131.25,348,0,1.0,1,0.0,0
15410.0,1234.88,2,702,32,2010-05-20 09:53:00,2010-04-19 08:57:00,617.44,195,31,0.06451612903225806,1,3450.84,1
15413.0,6798.72,5,2694,20,2010-01-17 11:33:00,2009-12-01 10:18:00,1359.7440000000001,318,47,0.10638297872340426,1,0.0,0
15416.0,588.5,3,330,36,2010-08-18 09:48:00,2010-02-01 11:55:00,196.16666666666666,105,197,0.015228426395939087,1,3984.32,1
15418.0,449.42,2,264,64,2010-10-10 13:38:00,2010-05-02 11:31:00,224.71,52,161,0.012422360248447204,1,0.0,0
15420.0,743.0,6,844,52,2010-10-01 15:46:00,2009-12-05 13:29:00,123.83333333333333,61,300,0.02,1,0.0,0
15421.0,2854.98,6,1427,160,2010-11-19 13:21:00,2009-12-07 15:10:00,475.83,12,346,0.017341040462427744,1,950.36,0
15422.0,1522.27,5,672,79,2010-11-25 17:00:00,2010-02-07 11:52:00,304.454,6,291,0.01718213058419244,1,97.7,0
15423.0,223.39000000000001,2,97,12,2010-05-07 09:21:00,2010-03-28 13:42:00,111.69500000000001,208,39,0.05128205128205128,1,43.5,0
15424.0,214.44,1,319,16,2010-09-02 17:17:00,2010-09-02 17:17:00,214.44,90,0,1.0,1,383.34,0
15425.0,1941.1200000000001,4,1041,114,2010-11-04 18:13:00,2010-02-14 12:36:00,485.28000000000003,27,263,0.015209125475285171,1,0.0,0
15426.0,752.28,4,385,141,2010-09-23 19:51:00,2010-05-02 15:10:00,188.07,68,144,0.027777777777777776,1,1404.07,1
15428.0,668.97,3,245,35,2010-11-17 13:46:00,2009-12-17 17:46:00,222.99,14,334,0.008982035928143712,1,93.78,0
15430.0,954.75,2,309,36,2010-08-29 10:42:00,2010-06-29 15:04:00,477.375,94,60,0.03333333333333333,1,0.0,0
15431.0,153.24,1,84,2,2010-07-25 12:44:00,2010-07-25 12:44:00,153.24,129,0,1.0,1,0.0,0
15432.0,149.57,1,27,6,2010-06-16 14:34:00,2010-06-16 14:34:00,149.57,168,0,1.0,1,171.19000000000003,0
15434.0,1525.5800000000002,6,776,60,2010-11-30 15:46:00,2010-01-24 15:35:00,254.26333333333335,1,310,0.01935483870967742,1,1041.48,0
15437.0,193.29000000000002,1,98,12,2010-03-09 10:45:00,2010-03-09 10:45:00,193.29000000000002,267,0,1.0,1,200.16,0
15439.0,1269.05,4,572,49,2010-10-31 10:38:00,2010-02-24 12:05:00,317.2625,31,248,0.016129032258064516,1,0.0,0
15441.0,1254.21,3,587,45,2010-11-08 15:50:00,2009-12-09 14:55:00,418.07,23,334,0.008982035928143712,1,0.0,0
15443.0,1900.64,7,1060,212,2010-08-22 12:45:00,2010-03-07 12:10:00,271.52000000000004,101,168,0.041666666666666664,1,3213.59,1
15445.0,171.0,1,60,9,2010-04-28 15:00:00,2010-04-28 15:00:00,171.0,217,0,1.0,1,113.5,0
15446.0,396.75,3,262,89,2010-11-28 11:59:00,2009-12-13 13:53:00,132.25,3,349,0.008595988538681949,1,0.0,0
15447.0,337.71000000000004,4,143,20,2010-06-30 13:06:00,2010-03-24 14:40:00,84.42750000000001,154,97,0.041237113402061855,1,155.17000000000002,0
15448.0,294.17,1,255,21,2010-02-03 13:29:00,2010-02-03 13:29:00,294.17,301,0,1.0,1,494.64,0
15451.0,226.86,2,76,56,2010-10-01 13:40:00,2010-04-19 14:08:00,113.43,61,164,0.012195121951219513,1,0.0,0
15452.0,1256.63,3,807,126,2010-11-14 15:14:00,2010-07-16 14:23:00,418.8766666666667,17,121,0.024793388429752067,1,528.48,0
15454.0,124.79,1,55,14,2010-03-31 13:15:00,2010-03-31 13:15:00,124.79,245,0,1.0,1,179.1,0
15455.0,38.25,1,3,2,2010-04-21 12:43:00,2010-04-21 12:43:00,38.25,224,0,1.0,1,0.0,0
15456.0,1656.93,7,2094,105,2010-11-01 17:05:00,2009-12-08 12:54:00,236.70428571428573,30,328,0.021341463414634148,1,434.59,0
15458.0,208.8,1,144,6,2010-11-02 19:50:00,2010-11-02 19:50:00,208.8,28,0,1.0,1,161.64,0
15459.0,202.83,2,121,6,2010-10-18 15:25:00,2010-07-30 14:31:00,101.415,44,80,0.025,1,0.0,0
15461.0,429.7,2,230,1,2010-09-05 12:31:00,2010-03-18 12:40:00,214.85,87,170,0.011764705882352941,1,0.0,0
15462.0,502.45,1,323,30,2010-09-20 10:23:00,2010-09-20 10:23:00,502.45,72,0,1.0,1,234.6,0
15465.0,4745.78,14,1381,77,2010-11-28 10:23:00,2009-12-10 09:42:00,338.9842857142857,3,353,0.039660056657223795,1,7354.62,1
15466.0,1225.93,3,695,172,2010-11-15 12:50:00,2009-12-03 12:28:00,408.6433333333334,16,347,0.008645533141210375,1,334.53,0
15468.0,962.97,1,1245,56,2010-11-12 09:39:00,2010-11-12 09:39:00,962.97,19,0,1.0,1,467.51,0
15469.0,335.70000000000005,1,134,19,2010-09-27 10:09:00,2010-09-27 10:09:00,335.70000000000005,65,0,1.0,1,538.55,0
15470.0,63.419999999999995,1,232,4,2010-05-13 09:35:00,2010-05-13 09:35:00,63.419999999999995,202,0,1.0,1,0.0,0
15471.0,837.53,2,414,67,2010-11-24 14:39:00,2010-06-07 12:17:00,418.765,7,170,0.011764705882352941,1,454.48,0
15473.0,274.8,1,104,3,2010-09-21 09:14:00,2010-09-21 09:14:00,274.8,71,0,1.0,1,1771.2,1
15474.0,150.35,1,55,19,2010-04-23 11:14:00,2010-04-23 11:14:00,150.35,222,0,1.0,1,0.0,0
15476.0,2209.98,4,1174,67,2010-11-24 15:17:00,2010-09-23 14:00:00,552.495,7,62,0.06451612903225806,1,0.0,0
15477.0,368.4,1,216,2,2010-02-28 10:37:00,2010-02-28 10:37:00,368.4,276,0,1.0,1,0.0,0
15478.0,541.0600000000001,1,269,23,2010-05-13 18:49:00,2010-05-13 18:49:00,541.0600000000001,202,0,1.0,1,1399.92,1
15479.0,147.4,1,38,9,2009-12-06 15:08:00,2009-12-06 15:08:00,147.4,360,0,1.0,1,0.0,0
15480.0,2686.75,2,1547,161,2010-08-27 15:14:00,2010-02-01 14:52:00,1343.375,96,207,0.00966183574879227,0,905.5,0
15481.0,1993.34,1,1450,38,2010-11-03 14:52:00,2010-11-03 14:52:00,1993.34,28,0,1.0,0,0.0,0
15482.0,3537.6,7,1512,41,2010-11-18 11:02:00,2009-12-02 16:59:00,505.37142857142857,13,350,0.02,1,10839.76,1
15483.0,585.42,6,580,148,2010-11-19 13:24:00,2010-01-24 15:42:00,97.57,12,298,0.020134228187919462,1,225.26,0
15484.0,1061.69,2,924,53,2010-06-17 16:16:00,2009-12-05 15:18:00,530.845,167,194,0.010309278350515464,1,3590.41,1
15485.0,2246.42,4,872,38,2010-10-22 17:01:00,2009-12-01 17:31:00,561.605,40,324,0.012345679012345678,1,2564.5,1
15486.0,102.0,1,40,1,2010-06-30 13:15:00,2010-06-30 13:15:00,102.0,154,0,1.0,1,0.0,0
15487.0,231.32,1,144,14,2010-01-29 12:07:00,2010-01-29 12:07:00,231.32,306,0,1.0,1,0.0,0
15488.0,340.6,4,178,8,2010-09-09 11:59:00,2010-05-05 13:03:00,85.15,83,126,0.031746031746031744,1,91.32000000000001,0
15489.0,1285.3300000000002,5,656,43,2010-11-04 11:48:00,2010-01-15 16:58:00,257.06600000000003,27,292,0.017123287671232876,1,1134.28,0
15490.0,210.85,1,82,22,2010-10-05 13:11:00,2010-10-05 13:11:00,210.85,57,0,1.0,1,0.0,0
15493.0,2159.78,4,654,200,2010-11-15 12:43:00,2010-02-23 11:14:00,539.945,16,265,0.01509433962264151,1,1953.41,1
15494.0,2422.02,3,1913,219,2010-08-18 16:54:00,2009-12-10 20:16:00,807.34,105,250,0.012,1,1280.58,1
15495.0,246.5,1,194,20,2010-11-25 13:46:00,2010-11-25 13:46:00,246.5,6,0,1.0,1,0.0,0
15496.0,146.14,1,98,22,2010-03-18 13:16:00,2010-03-18 13:16:00,146.14,258,0,1.0,1,0.0,0
15497.0,7395.19,7,2313,61,2010-11-22 13:15:00,2009-12-18 15:08:00,1056.4557142857143,9,338,0.020710059171597635,1,1262.2,0
15498.0,11656.460000000001,17,6029,333,2010-11-29 12:36:00,2009-12-16 17:27:00,685.6741176470589,2,347,0.04899135446685879,1,13316.4,1
15499.0,158.65,1,59,40,2009-12-16 12:17:00,2009-12-16 12:17:00,158.65,350,0,1.0,1,0.0,0
15501.0,399.95,2,205,64,2010-10-31 11:15:00,2010-10-20 12:47:00,199.975,31,10,0.2,1,0.0,0
15502.0,2618.94,2,1323,107,2010-09-27 11:57:00,2010-06-03 11:12:00,1309.47,65,116,0.017241379310344827,1,6923.98,1
15503.0,116.26,1,60,50,2009-12-13 11:34:00,2009-12-13 11:34:00,116.26,353,0,1.0,1,141.04,0
15504.0,338.62,3,105,32,2010-07-07 12:02:00,2010-02-12 12:34:00,112.87333333333333,147,144,0.020833333333333332,1,52.83,0
15506.0,1058.25,3,795,82,2010-11-23 12:48:00,2010-08-19 12:38:00,352.75,8,96,0.03125,1,972.08,0
15509.0,152.41,1,58,26,2010-11-24 14:48:00,2010-11-24 14:48:00,152.41,7,0,1.0,1,0.0,0
15512.0,210.58,2,167,22,2010-11-14 12:39:00,2010-02-01 13:23:00,105.29,17,285,0.007017543859649123,1,121.0,0
15513.0,11678.83,16,4768,151,2010-11-05 12:42:00,2010-01-13 14:59:00,729.926875,26,295,0.05423728813559322,1,14758.22,1
15514.0,2364.56,7,1971,96,2010-11-25 14:53:00,2009-12-04 16:37:00,337.7942857142857,6,355,0.01971830985915493,1,4023.7200000000003,1
15515.0,171.81,1,131,7,2010-11-17 13:39:00,2010-11-17 13:39:00,171.81,14,0,1.0,1,0.0,0
15518.0,2268.44,7,1547,166,2010-11-25 19:36:00,2009-12-20 12:21:00,324.0628571428571,5,340,0.020588235294117647,1,1921.55,1
15519.0,344.61,2,116,34,2010-11-21 14:35:00,2010-09-19 13:57:00,172.305,10,63,0.031746031746031744,1,0.0,0
15521.0,4087.44,8,2668,120,2010-11-04 18:40:00,2010-01-05 10:19:00,510.93,27,303,0.026402640264026403,1,3000.2,1
15523.0,16847.18,15,15501,63,2010-11-16 15:27:00,2009-12-02 15:16:00,1123.1453333333334,15,349,0.04297994269340974,1,412.01000000000005,0
15524.0,151.4,1,24,8,2010-04-12 09:19:00,2010-04-12 09:19:00,151.4,233,0,1.0,1,440.0,0
15525.0,155.85,1,140,24,2010-11-22 12:10:00,2010-11-22 12:10:00,155.85,9,0,1.0,1,731.87,0
15527.0,3125.51,15,1219,118,2010-11-10 12:13:00,2009-12-15 17:31:00,208.36733333333333,21,329,0.04559270516717325,1,2428.53,1
15529.0,821.06,1,816,122,2010-11-10 14:26:00,2010-11-10 14:26:00,821.06,21,0,1.0,1,3960.05,1
15530.0,311.37,1,390,31,2010-07-15 11:10:00,2010-07-15 11:10:00,311.37,139,0,1.0,1,1497.31,1
15532.0,2162.37,6,815,280,2010-11-28 15:18:00,2010-06-08 14:52:00,360.395,3,173,0.03468208092485549,1,1554.83,1
15534.0,162.25,1,63,8,2009-12-14 12:48:00,2009-12-14 12:48:00,162.25,352,0,1.0,1,0.0,0
15535.0,541.47,2,179,50,2010-10-31 14:09:00,2010-09-16 20:04:00,270.735,31,44,0.045454545454545456,1,502.9,0
15536.0,259.09,1,242,16,2010-10-26 16:31:00,2010-10-26 16:31:00,259.09,36,0,1.0,1,0.0,0
15538.0,3358.4,6,1016,3,2010-06-20 10:49:00,2010-02-14 12:38:00,559.7333333333333,164,125,0.048,1,0.0,0
15540.0,247.38,1,244,16,2010-11-29 11:10:00,2010-11-29 11:10:00,247.38,2,0,1.0,1,213.3,0
15542.0,855.71,3,418,212,2010-07-15 13:32:00,2009-12-02 11:53:00,285.2366666666667,139,225,0.013333333333333334,1,0.0,0
15543.0,114.4,1,81,28,2010-09-06 11:28:00,2010-09-06 11:28:00,114.4,86,0,1.0,1,127.86,0
15544.0,4261.18,11,3636,121,2010-10-29 11:49:00,2010-01-28 14:39:00,387.38000000000005,33,273,0.040293040293040296,1,3546.71,1
15546.0,1079.1000000000001,2,198,6,2010-04-12 11:51:00,2010-04-12 11:45:00,539.5500000000001,233,0,2.0,1,0.0,0
15547.0,5092.05,12,3252,364,2010-11-28 13:56:00,2009-12-06 13:40:00,424.33750000000003,3,357,0.03361344537815126,1,4910.6,1
15548.0,158.09,1,64,23,2010-04-23 12:20:00,2010-04-23 12:20:00,158.09,222,0,1.0,1,0.0,0
15549.0,652.7,5,242,43,2010-10-14 16:54:00,2010-01-11 13:16:00,130.54000000000002,48,276,0.018115942028985508,1,1677.71,1
15550.0,1635.42,8,844,138,2010-11-26 11:14:00,2009-12-03 15:15:00,204.4275,5,357,0.022408963585434174,1,575.63,0
15551.0,1243.75,6,578,95,2010-11-10 14:04:00,2010-06-07 15:05:00,207.29166666666666,21,155,0.03870967741935484,1,436.06,0
15552.0,162.4,1,106,13,2010-03-26 16:17:00,2010-03-26 16:17:00,162.4,250,0,1.0,1,90.12,0
15555.0,6441.91,20,4057,409,2010-11-29 16:32:00,2009-12-06 11:58:00,322.0955,2,358,0.055865921787709494,1,4791.87,1
15558.0,202.68,1,73,23,2010-03-10 15:25:00,2010-03-10 15:25:00,202.68,266,0,1.0,1,0.0,0
15559.0,1109.4,1,526,62,2010-05-20 14:06:00,2010-05-20 14:06:00,1109.4,195,0,1.0,1,0.0,0
15560.0,153.52,2,72,10,2010-11-07 10:15:00,2010-11-07 10:14:00,76.76,24,0,2.0,1,0.0,0
15561.0,1133.8,4,1067,44,2010-11-21 10:40:00,2010-02-14 12:22:00,283.45,10,279,0.014336917562724014,1,800.5899999999999,0
15562.0,536.88,2,521,31,2010-10-11 10:33:00,2009-12-13 15:17:00,268.44,51,301,0.006644518272425249,1,134.55,0
15563.0,1459.02,3,1504,111,2010-07-13 11:57:00,2010-01-28 11:36:00,486.34,141,166,0.018072289156626505,1,1361.44,1
15564.0,70.74000000000001,2,42,4,2010-09-02 15:52:00,2010-02-01 15:58:00,35.370000000000005,90,212,0.009433962264150943,1,0.0,0
15566.0,227.87,2,153,9,2010-11-12 12:11:00,2009-12-15 14:53:00,113.935,19,331,0.006042296072507553,1,0.0,0
15569.0,2207.74,5,1068,102,2010-11-14 10:46:00,2010-02-28 10:55:00,441.54799999999994,17,258,0.01937984496124031,1,1375.71,1
15570.0,4587.67,13,2016,287,2010-11-30 14:15:00,2010-03-28 14:04:00,352.8976923076923,1,247,0.05263157894736842,1,4148.82,1
15571.0,3241.92,10,2147,410,2010-11-18 14:25:00,2009-12-06 12:10:00,324.192,13,347,0.02881844380403458,1,650.4300000000001,0
15572.0,1431.78,3,876,113,2010-11-24 13:16:00,2010-04-14 14:38:00,477.26,7,223,0.013452914798206279,1,2533.42,1
15573.0,597.23,3,415,104,2010-03-31 13:40:00,2009-12-10 14:19:00,199.07666666666668,245,110,0.02727272727272727,1,583.24,0
15574.0,425.8,2,418,74,2010-10-15 12:45:00,2010-09-01 14:37:00,212.9,47,43,0.046511627906976744,1,675.64,0
15575.0,30.1,1,6,3,2010-03-30 12:50:00,2010-03-30 12:50:00,30.1,246,0,1.0,1,0.0,0
15577.0,137.15,2,31,20,2009-12-16 14:54:00,2009-12-13 16:17:00,68.575,350,2,1.0,1,258.88,0
15579.0,923.03,3,596,106,2010-11-21 15:38:00,2010-10-03 14:37:00,307.6766666666667,10,49,0.061224489795918366,1,327.6,0
15580.0,1375.39,8,955,150,2010-11-28 11:00:00,2010-02-07 11:21:00,171.92375,3,293,0.027303754266211604,1,0.0,0
15581.0,3787.73,24,2743,437,2010-11-17 17:14:00,2009-12-02 12:19:00,157.82208333333332,14,350,0.06857142857142857,1,717.4300000000001,0
15583.0,95.96,1,56,37,2010-11-28 15:04:00,2010-11-28 15:04:00,95.96,3,0,1.0,1,0.0,0
15584.0,547.34,2,170,93,2010-11-05 11:34:00,2010-02-07 12:16:00,273.67,26,270,0.007407407407407408,1,720.86,0
15586.0,1139.1000000000001,3,1338,30,2010-04-26 11:00:00,2010-01-08 10:02:00,379.70000000000005,219,108,0.027777777777777776,1,0.0,0
15587.0,608.4,3,216,3,2010-11-12 12:07:00,2010-08-05 08:44:00,202.79999999999998,19,99,0.030303030303030304,1,913.68,0
15588.0,579.6,1,96,4,2010-01-31 12:19:00,2010-01-31 12:19:00,579.6,304,0,1.0,1,0.0,0
15590.0,1496.6,5,832,75,2010-11-22 14:49:00,2010-04-12 10:09:00,299.32,9,224,0.022321428571428572,1,0.0,0
15591.0,217.9,3,58,6,2010-05-06 09:23:00,2010-02-04 09:20:00,72.63333333333334,209,91,0.03296703296703297,1,0.0,0
15595.0,357.59999999999997,1,144,4,2010-08-09 12:27:00,2010-08-09 12:27:00,357.59999999999997,114,0,1.0,1,0.0,0
15596.0,1321.13,4,647,57,2010-11-15 15:55:00,2010-07-28 11:46:00,330.2825,16,110,0.03636363636363636,1,1406.59,1
15597.0,238.8,1,114,15,2010-05-13 13:10:00,2010-05-13 13:10:00,238.8,202,0,1.0,1,324.57,0
15598.0,307.34,1,244,22,2010-10-08 09:20:00,2010-10-08 09:20:00,307.34,54,0,1.0,1,240.68,0
15599.0,488.32,1,380,31,2010-09-20 10:15:00,2010-09-20 10:15:00,488.32,72,0,1.0,1,761.74,0
15600.0,1199.31,4,657,55,2010-10-07 14:30:00,2010-04-25 11:50:00,299.8275,55,165,0.024242424242424242,1,0.0,0
15601.0,7415.18,16,5412,152,2010-11-15 11:34:00,2009-12-01 14:53:00,463.44875,16,348,0.04597701149425287,1,6776.56,1
15602.0,1840.0900000000001,7,1155,47,2010-11-22 15:38:00,2009-12-02 09:35:00,262.87,9,355,0.01971830985915493,1,1297.8700000000001,1
15603.0,40.0,1,32,2,2010-03-01 16:02:00,2010-03-01 16:02:00,40.0,275,0,1.0,1,48.480000000000004,0
15605.0,543.72,4,200,30,2010-04-30 09:28:00,2010-01-14 14:03:00,135.93,215,105,0.0380952380952381,1,1198.23,0
15606.0,2310.83,8,723,47,2010-11-14 15:27:00,2010-03-02 14:48:00,288.85375,17,257,0.0311284046692607,1,2920.16,1
15607.0,1604.21,8,1268,83,2010-06-14 11:55:00,2010-01-08 12:16:00,200.52625,170,156,0.05128205128205128,1,104.76,0
15608.0,692.3,1,548,45,2010-10-20 10:10:00,2010-10-20 10:10:00,692.3,42,0,1.0,1,1093.68,0
15611.0,1405.83,13,243,24,2010-11-21 11:35:00,2010-01-25 14:50:00,108.14076923076922,10,299,0.043478260869565216,1,1570.45,1
15613.0,433.71999999999997,1,700,27,2010-04-08 12:51:00,2010-04-08 12:51:00,433.71999999999997,237,0,1.0,1,0.0,0
15614.0,3147.36,4,1632,73,2010-09-28 10:46:00,2010-03-23 11:13:00,786.84,64,188,0.02127659574468085,1,0.0,0
15615.0,10974.23,24,6582,193,2010-11-14 12:07:00,2009-12-02 15:28:00,457.2595833333333,17,346,0.06936416184971098,1,10399.74,1
15616.0,317.11,1,137,13,2010-09-27 13:10:00,2010-09-27 13:10:00,317.11,65,0,1.0,1,0.0,0
15617.0,828.5500000000001,3,485,41,2010-11-08 16:07:00,2010-07-20 13:16:00,276.18333333333334,23,111,0.02702702702702703,1,0.0,0
15620.0,389.18,1,334,29,2010-10-26 11:32:00,2010-10-26 11:32:00,389.18,36,0,1.0,1,1553.18,1
15622.0,4143.05,8,2417,197,2010-10-08 14:35:00,2010-03-04 10:29:00,517.88125,54,218,0.03669724770642202,1,3709.56,1
15623.0,2136.02,7,962,77,2010-11-11 10:19:00,2009-12-10 14:46:00,305.1457142857143,20,335,0.020895522388059702,1,301.03000000000003,0
15625.0,1702.1399999999999,5,1832,78,2010-11-28 12:23:00,2010-06-15 15:23:00,340.428,3,165,0.030303030303030304,1,1534.26,1
15626.0,391.72,1,372,31,2010-10-14 17:16:00,2010-10-14 17:16:00,391.72,48,0,1.0,1,675.8,0
15627.0,566.9,2,344,23,2010-09-08 14:14:00,2010-07-05 11:56:00,283.45,84,65,0.03076923076923077,1,0.0,0
15628.0,2462.84,8,1675,82,2010-11-03 15:46:00,2009-12-13 13:39:00,307.855,28,325,0.024615384615384615,1,2870.2400000000002,1
15629.0,2240.9,4,1518,39,2010-09-15 13:46:00,2010-06-25 11:39:00,560.225,77,82,0.04878048780487805,1,0.0,0
15630.0,295.05,1,187,20,2010-03-05 14:30:00,2010-03-05 14:30:00,295.05,271,0,1.0,1,1186.35,0
15631.0,596.67,1,525,39,2010-03-07 14:52:00,2010-03-07 14:52:00,596.67,269,0,1.0,1,0.0,0
15633.0,4335.96,13,2048,77,2010-07-18 13:54:00,2009-12-08 17:51:00,333.5353846153846,136,221,0.058823529411764705,1,0.0,0
15634.0,311.1,1,128,19,2010-11-21 15:30:00,2010-11-21 15:30:00,311.1,10,0,1.0,1,243.55,0
15635.0,100.35,1,5,2,2010-11-09 08:58:00,2010-11-09 08:58:00,100.35,22,0,1.0,1,0.0,0
15636.0,719.82,2,276,27,2010-09-28 15:10:00,2010-05-19 11:37:00,359.91,64,132,0.015151515151515152,1,724.76,0
15637.0,574.23,4,523,23,2010-10-22 08:24:00,2009-12-15 17:54:00,143.5575,40,310,0.012903225806451613,1,223.36,0
15638.0,2265.2,6,1134,20,2010-11-26 11:52:00,2010-04-08 14:37:00,377.5333333333333,5,231,0.025974025974025976,1,0.0,0
15639.0,639.76,2,526,40,2010-09-14 09:05:00,2010-04-13 13:11:00,319.88,78,153,0.013071895424836602,1,425.32,0
15640.0,11043.4,14,5544,138,2010-11-17 10:39:00,2009-12-14 16:36:00,788.8142857142857,14,337,0.04154302670623145,1,12416.11,1
15641.0,3458.35,8,2860,168,2010-11-08 14:05:00,2009-12-06 15:31:00,432.29375,23,336,0.023809523809523808,1,1887.2,1
15642.0,105.78,1,270,6,2009-12-10 11:51:00,2009-12-10 11:51:00,105.78,356,0,1.0,1,0.0,0
15645.0,443.16,2,140,16,2010-10-21 18:36:00,2010-10-10 12:51:00,221.58,41,11,0.18181818181818182,1,611.59,0
15646.0,337.17,2,427,33,2010-11-10 14:37:00,2010-10-25 13:06:00,168.585,21,16,0.125,1,447.64000000000004,0
15647.0,169.0,1,124,11,2010-10-20 15:09:00,2010-10-20 15:09:00,169.0,42,0,1.0,1,0.0,0
15649.0,844.3499999999999,2,173,8,2010-11-29 16:34:00,2010-11-17 16:22:00,422.17499999999995,2,12,0.16666666666666666,1,816.0,0
15650.0,553.88,2,210,33,2010-07-06 10:41:00,2010-03-21 11:46:00,276.94,148,106,0.018867924528301886,1,0.0,0
15651.0,612.76,2,392,28,2010-10-15 13:42:00,2010-04-22 13:26:00,306.38,47,176,0.011363636363636364,1,646.3,0
15652.0,1068.2,4,449,76,2010-11-17 15:14:00,2010-08-11 16:58:00,267.05,14,97,0.041237113402061855,1,337.74,0
15658.0,1093.17,3,385,48,2010-09-24 11:55:00,2009-12-03 11:19:00,364.39000000000004,68,295,0.010169491525423728,1,1024.1000000000001,0
15659.0,226.04,2,50,8,2010-11-18 10:51:00,2010-02-24 13:32:00,113.02,13,266,0.007518796992481203,1,306.45,0
15660.0,1002.83,6,733,39,2010-11-23 18:11:00,2010-02-05 16:01:00,167.13833333333335,8,291,0.020618556701030927,1,1600.86,1
15661.0,906.15,6,543,26,2010-11-25 08:21:00,2010-05-10 07:59:00,151.025,6,199,0.03015075376884422,1,309.8,0
15662.0,283.73,2,145,12,2010-02-16 16:47:00,2009-12-01 13:49:00,141.865,288,77,0.025974025974025976,1,0.0,0
15664.0,845.1,3,367,45,2010-09-16 18:09:00,2010-02-28 12:50:00,281.7,76,200,0.015,1,386.43,0
15665.0,1764.86,3,1123,122,2010-10-24 14:08:00,2010-03-14 15:07:00,588.2866666666666,38,223,0.013452914798206279,1,2222.21,1
15666.0,632.94,2,469,62,2010-08-24 16:14:00,2010-08-01 15:41:00,316.47,99,23,0.08695652173913043,1,0.0,0
15670.0,152.15,1,41,7,2010-06-01 15:34:00,2010-06-01 15:34:00,152.15,183,0,1.0,1,173.05,0
15672.0,45.300000000000004,1,10,3,2009-12-14 16:52:00,2009-12-14 16:52:00,45.300000000000004,352,0,1.0,1,0.0,0
15673.0,3478.09,5,1823,95,2010-09-14 11:08:00,2010-02-22 14:28:00,695.618,78,203,0.024630541871921183,1,2726.23,1
15674.0,4501.63,8,2373,199,2010-10-18 12:46:00,2009-12-08 17:08:00,562.70375,44,313,0.025559105431309903,1,2111.89,1
15675.0,218.35,1,97,14,2010-10-31 14:14:00,2010-10-31 14:14:00,218.35,31,0,1.0,1,323.69,0
15677.0,648.4,2,356,32,2010-10-14 15:19:00,2010-09-02 12:08:00,324.2,48,42,0.047619047619047616,1,657.23,0
15678.0,1473.24,2,838,67,2010-11-09 14:38:00,2010-07-05 12:49:00,736.62,22,127,0.015748031496062992,1,352.7,0
15680.0,2695.01,7,1791,115,2010-10-21 13:02:00,2009-12-02 12:15:00,385.0014285714286,41,323,0.021671826625386997,1,1333.68,1
15681.0,1563.54,9,576,23,2010-11-25 15:07:00,2010-05-24 14:18:00,173.72666666666666,6,185,0.04864864864864865,1,1426.16,1
15682.0,318.24,2,222,25,2010-04-19 15:30:00,2010-01-21 14:37:00,159.12,226,88,0.022727272727272728,1,0.0,0
15683.0,330.79,1,201,16,2010-08-23 12:01:00,2010-08-23 12:01:00,330.79,100,0,1.0,1,193.75,0
15684.0,173.95,3,77,9,2010-06-10 18:51:00,2009-12-04 16:13:00,57.98333333333333,174,188,0.015957446808510637,1,0.0,0
15685.0,55.980000000000004,1,36,17,2010-09-15 13:43:00,2010-09-15 13:43:00,55.980000000000004,77,0,1.0,1,0.0,0
15686.0,90.0,1,72,1,2010-10-15 13:50:00,2010-10-15 13:50:00,90.0,47,0,1.0,1,0.0,0
15688.0,190.57,1,95,26,2010-10-17 12:06:00,2010-10-17 12:06:00,190.57,45,0,1.0,1,0.0,0
15689.0,266.93,1,123,15,2010-04-01 09:53:00,2010-04-01 09:53:00,266.93,244,0,1.0,1,254.1,0
15691.0,434.5,3,140,10,2010-11-10 12:26:00,2009-12-06 16:01:00,144.83333333333334,21,338,0.008875739644970414,1,136.8,0
15693.0,37.5,1,30,1,2010-02-18 14:37:00,2010-02-18 14:37:00,37.5,286,0,1.0,1,0.0,0
15694.0,3499.08,10,790,42,2010-11-08 15:11:00,2009-12-07 15:43:00,349.908,23,335,0.029850746268656716,1,6464.4,1
15695.0,721.0600000000001,2,272,35,2010-04-21 10:36:00,2010-01-27 10:56:00,360.53000000000003,224,83,0.024096385542168676,1,409.98,0
15696.0,1170.1100000000001,5,371,36,2010-10-12 10:24:00,2010-01-24 14:36:00,234.02200000000002,50,260,0.019230769230769232,1,2711.11,1
15697.0,246.75,1,127,14,2010-01-19 09:10:00,2010-01-19 09:10:00,246.75,316,0,1.0,1,0.0,0
15698.0,46.2,1,60,2,2010-03-25 17:38:00,2010-03-25 17:38:00,46.2,251,0,1.0,1,0.0,0
15702.0,140.39,2,103,30,2010-08-20 14:50:00,2010-01-26 17:23:00,70.195,103,205,0.00975609756097561,0,0.0,0
15704.0,1441.04,2,681,75,2010-07-25 15:00:00,2010-05-05 14:51:00,720.52,129,81,0.024691358024691357,1,2293.62,1
15708.0,651.9,2,248,48,2010-11-14 11:01:00,2010-10-10 11:33:00,325.95,17,34,0.058823529411764705,1,3235.25,1
15709.0,194.6,1,48,20,2010-04-29 18:31:00,2010-04-29 18:31:00,194.6,216,0,1.0,1,133.25,0
15710.0,898.87,1,641,110,2010-10-18 17:05:00,2010-10-18 17:05:00,898.87,44,0,1.0,1,0.0,0
15711.0,420.25,2,199,25,2010-06-01 12:14:00,2010-01-24 12:13:00,210.125,183,128,0.015625,1,0.0,0
15712.0,2400.05,7,791,69,2010-11-25 18:04:00,2009-12-01 11:17:00,342.86428571428576,6,359,0.019498607242339833,1,1072.3600000000001,0
15713.0,482.94,2,301,32,2010-03-30 10:26:00,2009-12-16 09:41:00,241.47,246,104,0.019230769230769232,1,356.7,0
15714.0,453.93,3,175,14,2010-09-12 14:22:00,2010-06-02 12:08:00,151.31,80,102,0.029411764705882353,1,330.03000000000003,0
15715.0,658.02,5,246,33,2010-06-02 09:56:00,2010-03-30 12:17:00,131.60399999999998,182,63,0.07936507936507936,1,0.0,0
15716.0,1381.63,7,635,116,2010-09-12 14:19:00,2009-12-07 12:42:00,197.3757142857143,80,279,0.025089605734767026,1,1101.11,0
15717.0,456.70000000000005,4,154,13,2010-10-14 18:02:00,2010-04-26 10:41:00,114.17500000000001,48,171,0.023391812865497075,1,150.3,0
15718.0,293.79,1,95,18,2010-06-17 16:20:00,2010-06-17 16:20:00,293.79,167,0,1.0,1,0.0,0
15719.0,5165.9,18,2638,283,2010-11-23 13:07:00,2009-12-01 12:47:00,286.9944444444444,8,357,0.05042016806722689,1,5028.42,1
15720.0,140.49,1,46,25,2010-06-07 15:40:00,2010-06-07 15:40:00,140.49,177,0,1.0,1,598.73,0
15722.0,3022.79,6,1256,74,2010-09-20 16:48:00,2010-03-09 15:05:00,503.79833333333335,72,195,0.03076923076923077,1,2211.21,1
15723.0,740.0,3,354,77,2010-10-24 12:44:00,2010-05-14 12:55:00,246.66666666666666,38,162,0.018518518518518517,1,190.70000000000002,0
15724.0,92.6,1,44,6,2010-11-04 10:22:00,2010-11-04 10:22:00,92.6,27,0,1.0,1,218.25,0
15726.0,321.91,1,123,23,2010-11-14 16:12:00,2010-11-14 16:12:00,321.91,17,0,1.0,1,0.0,0
15727.0,4212.65,8,2845,278,2010-11-17 13:49:00,2010-01-24 12:12:00,526.58125,14,297,0.026936026936026935,1,5159.06,1
15728.0,544.6,2,132,10,2010-11-25 10:39:00,2010-09-21 14:46:00,272.3,6,64,0.03125,1,0.0,0
15729.0,107.55000000000001,2,19,5,2010-11-04 16:07:00,2010-11-01 13:44:00,53.775000000000006,27,3,0.6666666666666666,1,85.0,0
15730.0,605.7,2,372,40,2010-11-23 10:41:00,2010-10-04 14:15:00,302.85,8,49,0.04081632653061224,1,1120.88,0
15731.0,125.3,1,122,8,2010-06-04 10:10:00,2010-06-04 10:10:00,125.3,180,0,1.0,1,0.0,0
15732.0,1249.85,8,1049,52,2010-07-19 08:40:00,2010-02-04 10:10:00,156.23125,135,164,0.04878048780487805,1,294.12,0
15734.0,923.85,2,170,14,2010-09-29 11:40:00,2010-06-10 14:25:00,461.925,63,110,0.01818181818181818,1,1339.45,1
15735.0,327.68,1,206,19,2010-10-14 13:38:00,2010-10-14 13:38:00,327.68,48,0,1.0,1,0.0,0
15736.0,1767.1200000000001,2,1208,95,2010-09-30 14:20:00,2010-09-30 14:19:00,883.5600000000001,62,0,2.0,1,0.0,0
15738.0,8230.9,25,6048,64,2010-11-02 12:54:00,2009-12-10 15:52:00,329.236,29,326,0.07668711656441718,1,4812.42,1
15741.0,208.62,2,70,11,2010-09-07 16:21:00,2010-03-31 11:55:00,104.31,85,160,0.0125,1,0.0,0
15742.0,156.87,1,51,41,2010-03-30 15:25:00,2010-03-30 15:25:00,156.87,246,0,1.0,1,0.0,0
15747.0,1553.17,6,878,78,2010-11-29 10:50:00,2010-01-18 11:21:00,258.8616666666667,2,314,0.01910828025477707,1,946.64,0
15748.0,465.45,2,211,16,2010-09-16 16:55:00,2010-09-16 16:52:00,232.725,76,0,2.0,1,144.36,0
15750.0,3989.94,10,2497,240,2010-11-30 13:16:00,2009-12-01 17:19:00,398.994,1,363,0.027548209366391185,1,2463.05,1
15751.0,1380.44,11,443,90,2010-09-05 12:44:00,2009-12-06 13:08:00,125.49454545454546,87,272,0.04044117647058824,1,0.0,0
15752.0,1298.31,2,832,167,2010-11-03 14:22:00,2010-09-08 11:56:00,649.155,28,56,0.03571428571428571,1,2626.6,1
15754.0,2579.04,6,1563,90,2010-08-03 09:15:00,2010-02-22 13:31:00,429.84,120,161,0.037267080745341616,1,458.57,0
15755.0,3628.87,11,2607,181,2010-11-25 14:25:00,2009-12-04 08:24:00,329.8972727272727,6,356,0.03089887640449438,1,2364.25,1
15757.0,2225.94,4,1266,127,2010-11-18 10:45:00,2010-06-10 13:47:00,556.485,13,160,0.025,1,714.42,0
15759.0,577.89,4,463,7,2010-07-16 10:37:00,2009-12-02 10:08:00,144.4725,138,226,0.017699115044247787,1,253.04000000000002,0
15761.0,143.05,1,31,5,2010-09-23 09:33:00,2010-09-23 09:33:00,143.05,69,0,1.0,1,0.0,0
15764.0,1223.1100000000001,2,895,69,2010-10-01 14:07:00,2010-08-18 13:58:00,611.5550000000001,61,44,0.045454545454545456,1,3279.9700000000003,1
15765.0,370.63,1,335,25,2010-02-11 10:25:00,2010-02-11 10:25:00,370.63,293,0,1.0,1,0.0,0
15766.0,516.0,2,164,15,2010-09-09 13:51:00,2010-01-26 15:55:00,258.0,83,225,0.008888888888888889,1,315.06,0
15768.0,14687.06,31,3971,416,2010-08-20 15:58:00,2009-12-03 12:10:00,473.77612903225804,103,260,0.11923076923076924,1,621.83,0
15769.0,32359.8,20,19396,11,2010-11-30 13:49:00,2009-12-11 09:58:00,1617.99,1,354,0.05649717514124294,1,56252.72,1
15770.0,321.45,1,67,18,2010-04-06 11:47:00,2010-04-06 11:47:00,321.45,239,0,1.0,1,0.0,0
15771.0,1006.54,3,512,26,2010-04-14 13:56:00,2010-01-15 12:14:00,335.5133333333333,231,89,0.033707865168539325,1,0.0,0
15772.0,280.88,1,110,16,2010-10-17 13:33:00,2010-10-17 13:33:00,280.88,45,0,1.0,1,0.0,0
15773.0,138.84,1,99,37,2010-10-26 15:27:00,2010-10-26 15:27:00,138.84,36,0,1.0,1,635.6800000000001,0
15774.0,1016.2900000000001,5,377,68,2010-10-17 12:59:00,2010-02-21 12:57:00,203.258,45,238,0.02100840336134454,1,270.8,0
15775.0,45.599999999999994,1,192,2,2010-03-18 07:32:00,2010-03-18 07:32:00,45.599999999999994,258,0,1.0,1,104.9,0
15777.0,715.5,3,221,15,2010-11-08 14:37:00,2010-05-20 10:37:00,238.5,23,172,0.01744186046511628,1,1047.1100000000001,0
15778.0,307.95000000000005,1,101,17,2010-10-04 15:10:00,2010-10-04 15:10:00,307.95000000000005,58,0,1.0,1,0.0,0
15779.0,124.08000000000001,2,20,8,2010-09-02 16:40:00,2010-06-25 15:55:00,62.040000000000006,90,69,0.028985507246376812,1,0.0,0
15782.0,1399.36,1,980,18,2010-10-05 15:43:00,2010-10-05 15:43:00,1399.36,57,0,1.0,1,2614.74,1
15784.0,848.33,2,381,33,2010-08-29 10:38:00,2010-02-05 14:42:00,424.165,94,204,0.00980392156862745,1,0.0,0
15785.0,3640.96,11,2867,78,2010-11-25 16:55:00,2009-12-15 16:28:00,330.99636363636364,6,345,0.03188405797101449,1,2328.9700000000003,1
15786.0,3582.62,2,2617,166,2010-10-18 08:11:00,2010-06-21 10:13:00,1791.31,44,118,0.01694915254237288,1,4919.0,1
15788.0,221.83,1,115,14,2010-07-19 12:48:00,2010-07-19 12:48:00,221.83,135,0,1.0,1,0.0,0
15789.0,1610.71,5,2061,90,2010-10-04 14:42:00,2010-03-26 11:21:00,322.142,58,192,0.026041666666666668,1,351.3,0
15791.0,1995.65,3,1239,73,2010-06-28 12:04:00,2010-03-08 09:41:00,665.2166666666667,156,112,0.026785714285714284,1,1612.69,1
15792.0,933.84,2,606,57,2010-11-05 08:21:00,2010-03-31 09:42:00,466.92,26,218,0.009174311926605505,1,0.0,0
15793.0,1433.96,5,1132,9,2010-11-26 10:36:00,2009-12-01 12:54:00,286.79200000000003,5,359,0.013927576601671309,1,965.61,0
15794.0,777.0,2,288,15,2009-12-03 13:04:00,2009-12-02 15:10:00,388.5,363,0,2.0,1,0.0,0
15795.0,1369.8600000000001,7,830,74,2010-10-05 15:17:00,2010-01-18 11:31:00,195.69428571428574,57,260,0.026923076923076925,1,610.01,0
15796.0,2463.02,9,873,107,2010-11-30 10:40:00,2010-03-31 13:10:00,273.6688888888889,1,243,0.037037037037037035,1,2707.61,1
15797.0,613.6800000000001,2,408,4,2010-05-07 15:09:00,2010-01-27 13:12:00,306.84000000000003,208,100,0.02,1,2192.4,1
15798.0,1535.37,3,915,73,2010-08-04 09:13:00,2010-01-27 11:55:00,511.78999999999996,119,188,0.015957446808510637,1,0.0,0
15799.0,537.2,1,386,54,2010-10-17 14:26:00,2010-10-17 14:26:00,537.2,45,0,1.0,1,884.14,0
15800.0,530.18,5,243,97,2010-09-12 16:17:00,2010-03-31 13:17:00,106.03599999999999,80,165,0.030303030303030304,1,696.89,0
15803.0,1513.84,3,740,42,2010-09-20 13:08:00,2010-02-01 16:29:00,504.6133333333333,72,230,0.013043478260869565,1,415.82000000000005,0
15805.0,4660.75,13,2838,176,2010-11-19 11:27:00,2009-12-10 12:57:00,358.5192307692308,12,343,0.037900874635568516,1,5488.18,1
15807.0,913.62,2,1102,40,2010-10-27 13:04:00,2010-02-11 15:32:00,456.81,35,257,0.007782101167315175,1,903.9,0
15808.0,13528.98,17,5448,282,2010-11-23 16:08:00,2009-12-01 16:30:00,795.8223529411764,8,356,0.047752808988764044,1,3651.27,1
15809.0,758.6700000000001,2,399,22,2010-09-06 13:20:00,2010-06-22 14:23:00,379.33500000000004,86,75,0.02666666666666667,1,515.77,0
15810.0,1607.06,4,792,48,2010-11-18 10:44:00,2010-02-04 18:18:00,401.765,13,286,0.013986013986013986,1,1391.98,1
15811.0,1173.93,1,662,117,2010-11-16 16:46:00,2010-11-16 16:46:00,1173.93,15,0,1.0,1,2218.62,1
15812.0,3400.33,7,2528,57,2010-09-30 13:30:00,2009-12-15 13:40:00,485.76142857142855,62,288,0.024305555555555556,1,1801.14,1
15814.0,689.11,2,457,23,2010-11-11 17:55:00,2010-04-15 14:31:00,344.555,20,210,0.009523809523809525,1,1945.3300000000002,1
15816.0,144.15,2,54,11,2010-06-15 13:36:00,2010-06-15 12:54:00,72.075,169,0,2.0,1,0.0,0
15817.0,2766.4,3,1596,133,2010-10-15 11:07:00,2010-06-14 13:31:00,922.1333333333333,47,122,0.02459016393442623,1,0.0,0
15818.0,340.5,1,284,11,2010-04-30 12:58:00,2010-04-30 12:58:00,340.5,215,0,1.0,1,0.0,0
15819.0,2029.3400000000001,6,1571,110,2010-10-04 15:14:00,2010-03-18 11:08:00,338.22333333333336,58,200,0.03,1,1905.45,1
15822.0,954.59,4,575,25,2010-08-03 16:08:00,2009-12-06 15:12:00,238.6475,120,240,0.016666666666666666,1,885.47,0
15823.0,3867.17,2,1773,154,2009-12-10 18:03:00,2009-12-08 15:12:00,1933.585,356,2,1.0,1,0.0,0
15824.0,890.94,2,478,24,2010-09-12 13:20:00,2010-06-25 15:10:00,445.47,80,78,0.02564102564102564,1,0.0,0
15826.0,943.97,1,861,51,2010-05-20 17:00:00,2010-05-20 17:00:00,943.97,195,0,1.0,1,1654.31,1
15827.0,1767.05,14,833,65,2010-10-14 12:49:00,2010-01-08 11:25:00,126.21785714285714,48,279,0.05017921146953405,1,1836.09,1
15828.0,1108.82,1,367,74,2010-11-29 16:41:00,2010-11-29 16:41:00,1108.82,2,0,1.0,1,0.0,0
15833.0,80.4,1,24,5,2009-12-02 11:59:00,2009-12-02 11:59:00,80.4,364,0,1.0,1,0.0,0
15834.0,1539.24,3,854,105,2010-11-28 12:05:00,2010-10-11 14:05:00,513.08,3,47,0.06382978723404255,1,2222.65,1
15837.0,385.03000000000003,1,216,28,2010-08-11 10:16:00,2010-08-11 10:16:00,385.03000000000003,112,0,1.0,1,391.98,0
15838.0,39562.42,15,45746,11,2010-11-24 11:03:00,2009-12-15 09:51:00,2637.4946666666665,7,344,0.0436046511627907,1,33643.08,1
15841.0,1518.35,5,1449,41,2010-11-18 18:14:00,2009-12-10 08:29:00,303.66999999999996,13,343,0.014577259475218658,1,1224.06,0
15842.0,548.8000000000001,2,296,24,2010-11-11 14:08:00,2010-06-30 09:06:00,274.40000000000003,20,134,0.014925373134328358,1,0.0,0
15845.0,714.51,3,202,36,2010-06-21 11:40:00,2010-01-26 14:44:00,238.17,163,145,0.020689655172413793,1,3711.77,1
15846.0,107.01,1,79,27,2010-11-19 14:40:00,2010-11-19 14:40:00,107.01,12,0,1.0,1,0.0,0
15847.0,433.3,3,194,22,2010-10-07 18:19:00,2010-03-08 08:47:00,144.43333333333334,55,213,0.014084507042253521,1,389.27,0
15848.0,137.99,1,45,34,2010-03-28 10:54:00,2010-03-28 10:54:00,137.99,248,0,1.0,1,0.0,0
15850.0,771.87,4,1036,197,2010-11-28 12:32:00,2009-12-13 13:27:00,192.9675,3,349,0.011461318051575931,1,234.88,0
15851.0,109.73,1,67,8,2010-07-01 12:34:00,2010-07-01 12:34:00,109.73,153,0,1.0,1,0.0,0
15852.0,96.55,1,12,11,2010-07-01 10:16:00,2010-07-01 10:16:00,96.55,153,0,1.0,1,160.71,0
15854.0,2609.16,9,765,83,2010-11-28 10:42:00,2009-12-10 12:08:00,289.90666666666664,3,352,0.02556818181818182,1,2969.12,1
15855.0,340.48,1,242,15,2010-08-20 17:15:00,2010-08-20 17:15:00,340.48,103,0,1.0,1,712.24,0
15856.0,16132.31,25,8684,179,2010-11-30 14:49:00,2009-12-03 14:02:00,645.2923999999999,1,362,0.06906077348066299,1,16142.380000000001,1
15857.0,273.48,1,276,10,2010-10-05 16:43:00,2010-10-05 16:43:00,273.48,57,0,1.0,1,297.0,0
15858.0,2124.84,8,1552,180,2010-10-07 11:46:00,2009-12-10 11:42:00,265.605,55,301,0.026578073089700997,1,1427.57,1
15859.0,438.46,1,174,22,2010-10-03 12:52:00,2010-10-03 12:52:00,438.46,59,0,1.0,1,0.0,0
15860.0,1393.64,9,821,160,2010-11-28 10:41:00,2009-12-06 12:31:00,154.8488888888889,3,356,0.025280898876404494,1,965.16,0
15861.0,1213.98,4,1305,190,2010-09-09 19:56:00,2010-01-28 19:41:00,303.495,82,224,0.017857142857142856,1,3146.92,1
15862.0,1674.26,9,930,298,2010-11-17 13:50:00,2009-12-17 11:33:00,186.0288888888889,14,335,0.026865671641791045,1,832.88,0
15863.0,286.26,3,143,56,2010-04-01 15:40:00,2009-12-17 10:20:00,95.42,244,105,0.02857142857142857,1,68.84,0
15864.0,244.44,1,294,3,2010-11-23 15:02:00,2010-11-23 15:02:00,244.44,8,0,1.0,1,1936.32,1
15865.0,1346.29,2,773,86,2010-10-22 15:24:00,2010-01-05 13:58:00,673.145,40,290,0.006896551724137931,1,895.13,0
15867.0,5066.27,16,2930,348,2010-11-30 16:01:00,2009-12-14 15:16:00,316.641875,1,351,0.045584045584045586,1,3803.6,1
15868.0,94.53,1,57,4,2010-05-05 14:11:00,2010-05-05 14:11:00,94.53,210,0,1.0,1,0.0,0
15869.0,171.47,1,98,18,2010-03-23 16:50:00,2010-03-23 16:50:00,171.47,253,0,1.0,1,149.64,0
15870.0,506.02000000000004,3,171,61,2010-11-08 10:57:00,2010-09-19 16:22:00,168.67333333333335,23,49,0.061224489795918366,1,351.44,0
15871.0,33.099999999999994,1,5,5,2010-09-28 14:16:00,2010-09-28 14:16:00,33.099999999999994,64,0,1.0,1,0.0,0
15872.0,413.0,2,280,70,2010-11-26 12:05:00,2010-06-07 14:53:00,206.5,5,171,0.011695906432748537,1,316.25,0
15873.0,313.91999999999996,4,1152,3,2010-07-28 12:41:00,2010-07-27 11:58:00,78.47999999999999,126,1,4.0,1,0.0,0
15874.0,6878.88,14,2568,168,2010-11-17 10:32:00,2010-01-07 13:56:00,491.34857142857146,14,313,0.04472843450479233,1,4405.88,1
15875.0,108.52,1,74,18,2010-03-03 16:51:00,2010-03-03 16:51:00,108.52,273,0,1.0,1,0.0,0
15876.0,1449.14,2,886,11,2010-10-26 18:58:00,2010-09-17 15:26:00,724.57,36,39,0.05128205128205128,1,0.0,0
15878.0,330.77,2,243,47,2010-05-27 12:17:00,2009-12-06 12:28:00,165.385,188,171,0.011695906432748537,1,0.0,0
15879.0,1137.8,4,639,171,2010-10-31 16:21:00,2009-12-17 19:54:00,284.45,31,317,0.012618296529968454,1,0.0,0
15882.0,608.3000000000001,4,374,33,2010-11-17 14:31:00,2009-12-10 15:33:00,152.07500000000002,14,341,0.011730205278592375,1,514.08,0
15884.0,244.60000000000002,2,152,14,2010-10-03 15:55:00,2009-12-03 18:23:00,122.30000000000001,59,303,0.006600660066006601,1,0.0,0
15885.0,1572.47,12,511,68,2010-11-21 11:40:00,2010-01-21 12:47:00,131.03916666666666,10,303,0.039603960396039604,1,349.35,0
15886.0,871.78,3,520,47,2010-10-19 12:01:00,2010-04-20 15:03:00,290.5933333333333,43,181,0.016574585635359115,1,181.09,0
15887.0,1027.15,3,605,27,2010-10-29 08:36:00,2010-06-02 11:53:00,342.3833333333334,33,148,0.02027027027027027,1,0.0,0
15888.0,260.85,2,63,24,2010-11-04 09:59:00,2010-07-01 11:51:00,130.425,27,125,0.016,1,162.64,0
15889.0,1006.28,6,593,189,2010-11-24 13:13:00,2009-12-10 12:21:00,167.71333333333334,7,349,0.017191977077363897,1,400.77,0
15890.0,535.65,5,119,10,2010-11-10 12:46:00,2010-04-14 08:43:00,107.13,21,210,0.023809523809523808,1,0.0,0
15892.0,128.2,1,46,38,2010-02-08 16:23:00,2010-02-08 16:23:00,128.2,296,0,1.0,1,0.0,0
15893.0,305.28000000000003,1,288,1,2010-08-15 11:12:00,2010-08-15 11:12:00,305.28000000000003,108,0,1.0,1,0.0,0
15898.0,3608.87,20,1590,238,2010-10-17 12:37:00,2009-12-11 16:11:00,180.4435,45,309,0.06472491909385113,1,1383.83,1
15900.0,549.29,3,440,68,2010-10-22 10:44:00,2010-05-26 11:27:00,183.09666666666666,40,148,0.02027027027027027,1,337.28000000000003,0
15901.0,318.14,3,314,48,2010-09-14 13:37:00,2010-06-14 12:39:00,106.04666666666667,78,92,0.03260869565217391,1,349.75,0
15902.0,145.01,1,124,18,2010-11-24 16:57:00,2010-11-24 16:57:00,145.01,7,0,1.0,1,0.0,0
15903.0,3813.08,5,1516,20,2010-11-26 12:44:00,2010-01-14 10:57:00,762.616,5,316,0.015822784810126583,1,5126.76,1
15905.0,114.69,1,82,22,2010-06-14 16:00:00,2010-06-14 16:00:00,114.69,170,0,1.0,1,0.0,0
15906.0,962.5,3,205,41,2010-11-30 13:26:00,2010-09-15 12:17:00,320.8333333333333,1,76,0.039473684210526314,1,1567.69,1
15908.0,758.62,2,173,37,2010-08-06 11:56:00,2010-07-15 19:21:00,379.31,117,21,0.09523809523809523,1,0.0,0
15910.0,1432.29,7,1145,244,2010-11-04 12:18:00,2010-01-21 11:51:00,204.61285714285714,27,287,0.024390243902439025,1,1228.88,0
15911.0,1683.79,8,784,161,2010-03-26 12:06:00,2009-12-09 13:26:00,210.47375,250,106,0.07547169811320754,1,0.0,0
15912.0,810.08,7,574,66,2010-09-29 13:20:00,2009-12-10 12:58:00,115.72571428571429,63,293,0.023890784982935155,1,264.62,0
15913.0,6.300000000000001,1,3,1,2010-06-23 16:31:00,2010-06-23 16:31:00,6.300000000000001,161,0,1.0,1,0.0,0
15914.0,205.99,2,149,13,2010-11-26 16:10:00,2010-11-26 16:09:00,102.995,5,0,2.0,1,0.0,0
15915.0,364.24,1,413,104,2010-11-03 11:13:00,2010-11-03 11:13:00,364.24,28,0,1.0,1,0.0,0
15916.0,1642.38,5,866,133,2010-11-11 14:30:00,2009-12-10 16:21:00,328.476,20,335,0.014925373134328358,1,1502.8600000000001,1
15917.0,407.07,4,206,115,2010-04-12 15:01:00,2009-12-02 14:55:00,101.7675,233,131,0.030534351145038167,1,123.1,0
15918.0,248.65,1,87,21,2010-03-18 11:40:00,2010-03-18 11:40:00,248.65,258,0,1.0,1,334.23,0
15920.0,401.64,5,139,42,2010-10-11 13:57:00,2009-12-14 13:09:00,80.328,51,301,0.016611295681063124,1,163.55,0
15921.0,442.58,3,171,51,2010-11-08 10:24:00,2010-03-09 11:03:00,147.52666666666667,23,243,0.012345679012345678,1,323.03000000000003,0
15924.0,102.82,1,103,14,2009-12-08 15:00:00,2009-12-08 15:00:00,102.82,358,0,1.0,1,0.0,0
15926.0,134.44,1,155,7,2010-06-15 15:23:00,2010-06-15 15:23:00,134.44,169,0,1.0,1,0.0,0
15927.0,106.54,1,66,13,2010-03-02 13:25:00,2010-03-02 13:25:00,106.54,274,0,1.0,1,0.0,0
15928.0,293.53,1,164,11,2010-02-21 15:16:00,2010-02-21 15:16:00,293.53,283,0,1.0,1,0.0,0
15929.0,594.0,1,120,1,2010-03-05 14:56:00,2010-03-05 14:56:00,594.0,271,0,1.0,1,0.0,0
15931.0,239.9,1,118,14,2010-10-07 16:46:00,2010-10-07 16:46:00,239.9,55,0,1.0,1,0.0,0
15934.0,2190.66,2,2166,29,2010-10-18 10:13:00,2010-10-06 12:08:00,1095.33,44,11,0.18181818181818182,1,0.0,0
15936.0,282.79,2,211,16,2010-11-25 16:39:00,2010-08-29 11:42:00,141.395,6,88,0.022727272727272728,1,0.0,0
15938.0,330.23,4,209,19,2010-09-09 17:07:00,2010-06-01 09:42:00,82.5575,83,100,0.04,1,404.58000000000004,0
15939.0,2904.83,1,1500,40,2010-11-30 12:07:00,2010-11-30 12:07:00,2904.83,1,0,1.0,1,6100.01,1
15941.0,405.0,1,60,6,2010-03-12 14:45:00,2010-03-12 14:45:00,405.0,264,0,1.0,1,0.0,0
15943.0,271.28999999999996,2,183,12,2010-02-28 12:49:00,2010-01-31 11:04:00,135.64499999999998,276,28,0.07142857142857142,1,0.0,0
15944.0,1839.14,3,809,25,2010-11-11 09:55:00,2009-12-13 12:57:00,613.0466666666667,20,332,0.009036144578313253,1,325.1,0
15945.0,465.27,3,293,24,2010-09-24 11:12:00,2009-12-01 13:47:00,155.09,68,296,0.010135135135135136,1,181.0,0
15946.0,2304.18,3,1614,25,2010-07-25 12:18:00,2010-03-16 10:49:00,768.06,129,131,0.022900763358778626,1,0.0,0
15948.0,553.85,1,285,35,2010-10-11 12:16:00,2010-10-11 12:16:00,553.85,51,0,1.0,1,955.24,0
15950.0,5376.2,6,2635,182,2010-11-29 17:00:00,2010-01-26 11:39:00,896.0333333333333,2,307,0.019543973941368076,1,1744.71,1
15951.0,304.95,1,107,18,2010-11-23 18:20:00,2010-11-23 18:20:00,304.95,8,0,1.0,1,708.22,0
15953.0,1783.06,10,850,51,2010-11-18 13:49:00,2009-12-03 14:00:00,178.30599999999998,13,349,0.02865329512893983,1,1657.28,1
15954.0,187.8,1,118,19,2010-04-29 13:35:00,2010-04-29 13:35:00,187.8,216,0,1.0,1,0.0,0
15955.0,3669.7200000000003,8,1832,110,2010-10-25 11:16:00,2010-02-23 16:36:00,458.71500000000003,37,243,0.03292181069958848,1,4416.26,1
15956.0,617.6,2,278,18,2010-06-06 13:06:00,2009-12-13 11:16:00,308.8,178,175,0.011428571428571429,1,0.0,0
15957.0,492.36,2,242,88,2010-10-15 12:22:00,2010-10-15 12:11:00,246.18,47,0,2.0,1,428.89,0
15958.0,357.77,3,121,45,2010-11-01 12:22:00,2010-06-07 10:59:00,119.25666666666666,30,147,0.02040816326530612,1,104.35,0
15959.0,542.89,3,269,58,2010-01-26 16:38:00,2010-01-26 16:19:00,180.96333333333334,309,0,3.0,1,0.0,0
15960.0,410.95,4,258,24,2010-11-30 15:57:00,2010-09-30 15:50:00,102.7375,1,61,0.06557377049180328,1,0.0,0
15961.0,451.28999999999996,1,154,42,2010-11-25 15:59:00,2010-11-25 15:59:00,451.28999999999996,6,0,1.0,1,0.0,0
15962.0,289.48,1,228,43,2010-09-16 13:48:00,2010-09-16 13:48:00,289.48,76,0,1.0,1,0.0,0
15964.0,269.21000000000004,1,93,20,2010-02-14 15:30:00,2010-02-14 15:30:00,269.21000000000004,290,0,1.0,1,0.0,0
15965.0,1963.07,9,879,138,2010-11-23 17:31:00,2009-12-03 11:45:00,218.11888888888888,8,355,0.02535211267605634,1,808.87,0
15966.0,426.53,1,275,27,2010-09-15 10:44:00,2010-09-15 10:44:00,426.53,77,0,1.0,1,0.0,0
15967.0,2568.32,10,978,270,2010-11-25 13:42:00,2009-12-01 13:29:00,256.832,6,359,0.027855153203342618,1,397.68,0
15968.0,401.8,1,242,69,2010-11-16 13:04:00,2010-11-16 13:04:00,401.8,15,0,1.0,1,0.0,0
15969.0,460.95,2,99,15,2010-10-10 12:01:00,2010-07-05 13:10:00,230.475,52,96,0.020833333333333332,1,666.1,0
15970.0,703.22,1,382,13,2010-04-20 11:30:00,2010-04-20 11:30:00,703.22,225,0,1.0,1,314.09999999999997,0
15971.0,1702.98,6,534,3,2010-11-19 10:43:00,2009-12-08 09:46:00,283.83,12,346,0.017341040462427744,1,4194.9,1
15972.0,1769.33,5,468,104,2010-09-09 13:20:00,2010-04-18 14:06:00,353.866,83,143,0.03496503496503497,1,0.0,0
15973.0,357.8,1,88,6,2010-10-07 08:33:00,2010-10-07 08:33:00,357.8,55,0,1.0,1,307.82000000000005,0
15976.0,1252.67,4,769,202,2010-10-25 11:33:00,2010-06-06 14:01:00,313.1675,37,140,0.02857142857142857,1,427.64,0
15978.0,2180.64,2,1556,72,2010-10-03 14:08:00,2010-03-05 14:39:00,1090.32,59,211,0.009478672985781991,1,1098.78,0
15979.0,329.21999999999997,1,450,22,2010-04-16 11:35:00,2010-04-16 11:35:00,329.21999999999997,229,0,1.0,1,0.0,0
15980.0,4144.82,4,3262,65,2010-08-06 12:35:00,2010-06-01 14:40:00,1036.205,117,65,0.06153846153846154,1,2398.86,1
15981.0,5954.29,13,2961,106,2010-11-03 09:51:00,2010-03-29 10:07:00,458.02230769230766,28,218,0.05963302752293578,1,3408.48,1
15982.0,324.51,1,131,45,2010-04-13 15:47:00,2010-04-13 15:47:00,324.51,232,0,1.0,1,0.0,0
15983.0,1645.25,4,986,98,2010-11-12 12:32:00,2009-12-06 12:52:00,411.3125,19,340,0.011764705882352941,1,1465.12,1
15984.0,5612.39,20,3915,289,2010-11-24 13:08:00,2009-12-01 13:38:00,280.6195,7,357,0.056022408963585436,1,2780.63,1
15985.0,1572.8600000000001,5,1664,34,2010-09-29 14:43:00,2010-05-27 15:51:00,314.572,63,124,0.04032258064516129,1,1142.42,0
15986.0,186.3,1,100,11,2010-11-23 10:02:00,2010-11-23 10:02:00,186.3,8,0,1.0,1,168.12,0
15987.0,103.22,1,66,38,2010-11-25 12:56:00,2010-11-25 12:56:00,103.22,6,0,1.0,1,1432.77,1
15988.0,579.61,2,294,92,2010-06-06 12:45:00,2010-02-21 11:36:00,289.805,178,105,0.01904761904761905,1,156.78,0
15989.0,368.31,2,169,81,2010-11-29 12:03:00,2009-12-02 15:51:00,184.155,2,361,0.00554016620498615,1,0.0,0
15990.0,1205.64,5,643,86,2010-08-02 12:42:00,2010-02-28 12:30:00,241.12800000000001,121,155,0.03225806451612903,1,792.11,0
15991.0,150.55,1,41,6,2010-06-23 15:50:00,2010-06-23 15:50:00,150.55,161,0,1.0,1,0.0,0
15992.0,854.61,2,497,51,2010-11-08 14:51:00,2010-09-12 11:52:00,427.305,23,57,0.03508771929824561,1,41.989999999999995,0
15994.0,761.41,2,289,69,2010-10-24 12:14:00,2010-03-14 11:55:00,380.705,38,224,0.008928571428571428,1,414.27,0
15995.0,694.54,1,352,108,2010-10-21 13:57:00,2010-10-21 13:57:00,694.54,41,0,1.0,1,0.0,0
15996.0,353.82,1,263,45,2010-11-07 15:49:00,2010-11-07 15:49:00,353.82,24,0,1.0,1,1032.58,0
15998.0,5193.92,11,3318,502,2010-11-11 16:27:00,2009-12-01 11:45:00,472.17454545454547,20,345,0.03188405797101449,1,3080.22,1
15999.0,20.4,1,24,1,2009-12-04 12:31:00,2009-12-04 12:31:00,20.4,362,0,1.0,1,0.0,0
16001.0,583.39,1,337,29,2010-11-23 17:10:00,2010-11-23 17:10:00,583.39,8,0,1.0,1,0.0,0
16002.0,169.21,1,70,42,2010-03-24 13:08:00,2010-03-24 13:08:00,169.21,252,0,1.0,1,0.0,0
16003.0,2878.46,5,1025,89,2010-11-23 16:30:00,2009-12-03 18:51:00,575.692,8,354,0.014124293785310734,1,2735.37,1
16004.0,2146.39,5,1076,63,2010-08-22 11:48:00,2010-01-25 13:56:00,429.27799999999996,101,208,0.02403846153846154,1,0.0,0
16005.0,1786.3600000000001,6,987,169,2010-11-29 11:48:00,2010-09-15 13:21:00,297.7266666666667,2,74,0.08108108108108109,1,578.71,0
16006.0,231.42,1,121,67,2010-11-17 12:03:00,2010-11-17 12:03:00,231.42,14,0,1.0,1,101.4,0
16007.0,1359.25,3,1243,206,2010-11-21 12:29:00,2010-06-14 13:18:00,453.0833333333333,10,159,0.018867924528301886,1,1693.81,1
16008.0,4860.35,12,2914,58,2010-11-22 13:22:00,2010-03-19 11:07:00,405.0291666666667,9,248,0.04838709677419355,1,478.78,0
16010.0,1302.46,8,717,69,2010-11-28 11:19:00,2010-10-24 10:54:00,162.8075,3,35,0.22857142857142856,1,392.4,0
16011.0,2246.35,13,1286,134,2010-11-22 14:27:00,2009-12-01 12:02:00,172.79615384615383,9,356,0.03651685393258427,1,3352.96,1
16012.0,1563.3,2,961,138,2010-11-03 13:47:00,2010-06-28 11:39:00,781.65,28,128,0.015625,1,1415.29,1
16013.0,18947.84,37,9984,30,2010-11-25 12:24:00,2009-12-08 10:24:00,512.1037837837838,6,352,0.10511363636363637,1,37130.6,1
16014.0,453.45,2,204,127,2010-10-27 16:04:00,2010-01-31 12:43:00,226.725,35,269,0.007434944237918215,1,646.83,0
16016.0,617.89,3,279,44,2010-11-24 11:51:00,2010-11-02 13:27:00,205.96333333333334,7,21,0.14285714285714285,1,1465.51,1
16017.0,1333.7,4,533,81,2010-10-18 12:58:00,2010-01-05 12:06:00,333.425,44,286,0.013986013986013986,1,211.88,0
16018.0,289.23,2,313,26,2010-11-08 15:36:00,2009-12-07 13:57:00,144.615,23,336,0.005952380952380952,1,408.9,0
16019.0,13542.92,18,5226,156,2010-11-23 13:14:00,2009-12-14 14:12:00,752.3844444444444,8,343,0.052478134110787174,1,3786.24,1
16021.0,487.03,2,276,117,2010-11-09 14:48:00,2010-06-13 11:05:00,243.515,22,149,0.013422818791946308,1,0.0,0
16024.0,232.96,2,107,21,2010-10-24 11:42:00,2010-10-24 11:40:00,116.48,38,0,2.0,1,245.75,0
16027.0,1113.74,9,952,11,2010-09-08 12:44:00,2010-01-08 13:21:00,123.74888888888889,84,242,0.0371900826446281,1,934.62,0
16028.0,82.2,1,18,5,2010-04-23 11:45:00,2010-04-23 11:45:00,82.2,222,0,1.0,1,0.0,0
16029.0,36912.78,44,14342,21,2010-11-04 11:40:00,2009-12-08 11:23:00,838.9268181818181,27,331,0.13293051359516617,1,72708.09,1
16032.0,1965.72,6,1467,130,2010-09-09 18:00:00,2010-07-04 13:31:00,327.62,83,67,0.08955223880597014,1,0.0,0
16033.0,1829.99,7,671,164,2010-11-28 13:40:00,2010-08-11 16:44:00,261.4271428571429,3,108,0.06481481481481481,1,8778.82,1
16034.0,473.62,3,343,28,2010-11-10 11:32:00,2010-10-26 13:00:00,157.87333333333333,21,14,0.21428571428571427,1,437.70000000000005,0
16035.0,217.73,1,33,21,2010-05-28 15:09:00,2010-05-28 15:09:00,217.73,187,0,1.0,1,0.0,0
16036.0,1797.92,2,653,79,2010-10-11 15:08:00,2010-03-29 14:47:00,898.96,51,196,0.01020408163265306,1,758.9200000000001,0
16037.0,654.32,2,338,32,2010-06-13 11:32:00,2010-03-01 12:31:00,327.16,171,103,0.019417475728155338,1,855.02,0
16039.0,456.4,2,409,27,2010-10-12 10:44:00,2010-03-21 15:17:00,228.2,50,204,0.00980392156862745,1,0.0,0
16040.0,1103.3500000000001,4,501,50,2010-10-05 11:09:00,2010-04-09 10:12:00,275.83750000000003,57,179,0.0223463687150838,1,1313.55,1
16042.0,1067.85,3,687,50,2010-11-25 18:16:00,2010-09-12 12:00:00,355.95,6,74,0.04054054054054054,1,1177.47,0
16043.0,1082.6,4,508,29,2010-11-25 15:40:00,2010-08-15 11:26:00,270.65,6,102,0.0392156862745098,1,773.99,0
16044.0,340.84000000000003,1,170,19,2010-09-30 18:12:00,2010-09-30 18:12:00,340.84000000000003,62,0,1.0,1,0.0,0
16045.0,2094.23,4,1211,59,2010-10-19 10:23:00,2010-07-29 12:50:00,523.5575,43,81,0.04938271604938271,1,1340.7,1
16046.0,235.78,1,248,22,2010-05-26 13:18:00,2010-05-26 13:18:00,235.78,189,0,1.0,1,0.0,0
16047.0,107.14,1,1,1,2010-01-26 16:34:00,2010-01-26 16:34:00,107.14,309,0,1.0,0,0.0,0
16048.0,562.35,2,281,28,2010-11-05 11:37:00,2010-06-08 12:36:00,281.175,26,149,0.013422818791946308,1,256.44,0
16049.0,777.34,3,369,175,2010-11-29 14:36:00,2010-07-11 13:53:00,259.11333333333334,2,141,0.02127659574468085,1,1074.81,0
16050.0,162.8,2,110,9,2010-11-21 14:52:00,2010-11-03 15:55:00,81.4,10,17,0.11764705882352941,1,137.9,0
16051.0,188.44,1,80,12,2010-01-27 09:38:00,2010-01-27 09:38:00,188.44,308,0,1.0,1,0.0,0
16053.0,2122.89,4,1274,101,2010-10-22 11:42:00,2010-04-08 11:11:00,530.7225,40,197,0.02030456852791878,1,1511.95,1
16054.0,1327.98,3,411,49,2010-10-17 11:38:00,2010-04-01 18:37:00,442.66,45,198,0.015151515151515152,1,783.9,0
16057.0,1591.73,3,828,91,2010-07-08 11:33:00,2010-01-07 17:11:00,530.5766666666667,146,181,0.016574585635359115,1,2263.12,1
16058.0,62.7,1,18,2,2010-10-29 16:48:00,2010-10-29 16:48:00,62.7,33,0,1.0,1,0.0,0
16059.0,1600.41,6,790,143,2010-11-17 13:10:00,2010-05-19 13:04:00,266.735,14,182,0.03296703296703297,1,1453.16,1
16060.0,541.95,3,243,22,2010-11-04 12:10:00,2010-08-02 15:26:00,180.65,27,93,0.03225806451612903,1,0.0,0
16061.0,89.65,1,19,3,2010-10-04 15:29:00,2010-10-04 15:29:00,89.65,58,0,1.0,1,0.0,0
16062.0,1709.83,4,1235,100,2010-11-25 19:06:00,2010-06-21 13:32:00,427.4575,6,157,0.025477707006369428,1,1153.62,0
16064.0,109.31,1,55,17,2009-12-14 16:11:00,2009-12-14 16:11:00,109.31,352,0,1.0,1,0.0,0
16065.0,1624.99,7,979,181,2010-11-24 13:55:00,2010-09-02 13:27:00,232.14142857142858,7,83,0.08433734939759036,1,367.14,0
16067.0,3269.11,3,1236,60,2010-05-26 12:33:00,2010-02-02 18:01:00,1089.7033333333334,189,112,0.026785714285714284,1,0.0,0
16068.0,115.73,1,48,34,2010-04-25 11:52:00,2010-04-25 11:52:00,115.73,220,0,1.0,1,0.0,0
16069.0,457.7,1,138,25,2010-10-18 10:32:00,2010-10-18 10:32:00,457.7,44,0,1.0,1,0.0,0
16071.0,750.5600000000001,3,517,47,2010-06-30 13:41:00,2010-02-22 14:48:00,250.1866666666667,154,127,0.023622047244094488,1,326.24,0
16072.0,3595.77,3,1440,399,2010-10-07 16:48:00,2010-06-08 16:47:00,1198.59,55,121,0.024793388429752067,1,584.3199999999999,0
16074.0,252.5,1,38,23,2010-11-14 13:19:00,2010-11-14 13:19:00,252.5,17,0,1.0,1,0.0,0
16075.0,736.9300000000001,2,271,41,2010-07-25 11:31:00,2010-05-24 15:57:00,368.46500000000003,129,61,0.03278688524590164,1,0.0,0
16077.0,2300.4,1,840,8,2010-03-24 10:42:00,2010-03-24 10:42:00,2300.4,252,0,1.0,1,0.0,0
16078.0,283.79,1,184,38,2010-02-08 13:29:00,2010-02-08 13:29:00,283.79,296,0,1.0,1,79.2,0
16080.0,385.4,2,170,20,2010-11-19 08:18:00,2010-09-15 14:19:00,192.7,12,64,0.03125,1,217.16,0
16081.0,1479.54,3,704,134,2010-11-11 18:24:00,2010-02-03 12:46:00,493.18,20,281,0.010676156583629894,1,2799.42,1
16082.0,106.75,1,39,16,2010-02-07 15:16:00,2010-02-07 15:16:00,106.75,297,0,1.0,1,0.0,0
16083.0,1033.8,2,606,38,2010-11-22 12:55:00,2010-11-16 11:53:00,516.9,9,6,0.3333333333333333,1,1317.62,1
16085.0,1343.2,7,743,167,2010-11-24 14:21:00,2010-01-20 14:03:00,191.8857142857143,7,308,0.022727272727272728,1,981.51,0
16086.0,1566.34,5,939,57,2010-11-25 10:27:00,2009-12-02 13:20:00,313.268,6,357,0.014005602240896359,1,1121.39,0
16087.0,1739.92,5,664,6,2010-11-15 16:44:00,2010-01-19 12:30:00,347.98400000000004,16,300,0.016666666666666666,1,0.0,0
16088.0,1437.43,2,373,3,2010-05-13 10:16:00,2010-04-27 10:56:00,718.715,202,15,0.13333333333333333,1,0.0,0
16089.0,263.49,2,119,42,2010-11-18 13:51:00,2010-07-18 15:51:00,131.745,13,122,0.01639344262295082,1,0.0,0
16090.0,180.56,1,58,18,2010-03-25 13:05:00,2010-03-25 13:05:00,180.56,251,0,1.0,1,0.0,0
16092.0,770.08,3,560,28,2010-07-23 11:30:00,2010-05-09 16:10:00,256.6933333333333,131,74,0.04054054054054054,1,817.86,0
16094.0,2617.33,7,1373,74,2010-11-29 15:54:00,2010-04-16 14:00:00,373.9042857142857,2,227,0.030837004405286344,1,1078.23,0
16095.0,447.05,1,265,30,2010-09-09 16:54:00,2010-09-09 16:54:00,447.05,83,0,1.0,1,0.0,0
16096.0,1264.3500000000001,3,545,49,2010-10-19 15:03:00,2010-03-04 15:44:00,421.45000000000005,43,228,0.013157894736842105,1,320.62,0
16098.0,2005.07,7,1395,62,2010-10-20 11:26:00,2009-12-15 09:40:00,286.43857142857144,42,309,0.022653721682847898,1,2005.63,1
16099.0,841.3,4,526,21,2010-10-18 14:48:00,2010-03-03 11:13:00,210.325,44,229,0.017467248908296942,1,731.9,0
16100.0,582.64,1,438,37,2010-09-03 11:39:00,2010-09-03 11:39:00,582.64,89,0,1.0,1,0.0,0
16101.0,1938.46,3,1087,94,2010-10-01 10:45:00,2010-05-27 12:50:00,646.1533333333333,61,126,0.023809523809523808,1,1290.7,1
16103.0,4762.07,16,2081,92,2010-11-15 16:44:00,2010-01-08 12:08:00,297.629375,16,311,0.05144694533762058,1,1429.64,1
16104.0,2476.25,8,925,162,2010-10-17 10:34:00,2009-12-06 10:41:00,309.53125,45,314,0.025477707006369428,1,298.21,0
16105.0,2049.23,4,1795,80,2010-09-27 11:38:00,2010-04-14 13:27:00,512.3075,65,165,0.024242424242424242,1,336.96,0
16108.0,1393.42,3,858,79,2010-10-01 15:10:00,2010-03-18 14:14:00,464.47333333333336,61,197,0.015228426395939087,1,842.5,0
16109.0,327.59999999999997,1,480,13,2010-01-10 10:37:00,2010-01-10 10:37:00,327.59999999999997,325,0,1.0,1,611.88,0
16110.0,460.64,1,160,84,2010-07-05 13:04:00,2010-07-05 13:04:00,460.64,149,0,1.0,1,1320.95,1
16111.0,549.33,1,233,72,2010-10-07 19:51:00,2010-10-07 19:51:00,549.33,54,0,1.0,1,0.0,0
16115.0,892.92,4,595,99,2010-11-07 11:27:00,2010-05-14 11:59:00,223.23,24,176,0.022727272727272728,1,1660.8799999999999,1
16117.0,422.19,2,191,46,2010-11-02 12:02:00,2010-04-27 11:50:00,211.095,29,189,0.010582010582010581,1,232.21,0
16118.0,4376.25,1,2851,41,2010-02-25 09:40:00,2010-02-25 09:40:00,4376.25,279,0,1.0,1,0.0,0
16119.0,1297.45,6,571,31,2010-11-10 13:40:00,2009-12-16 11:56:00,216.24166666666667,21,329,0.0182370820668693,1,423.36,0
16120.0,1658.3700000000001,2,1283,60,2010-10-13 15:22:00,2010-10-13 15:07:00,829.1850000000001,49,0,2.0,1,1309.14,1
16121.0,595.38,3,303,112,2010-11-14 11:41:00,2010-05-23 10:52:00,198.46,17,175,0.017142857142857144,1,854.66,0
16122.0,211.2,2,152,10,2010-11-30 10:25:00,2010-10-10 15:26:00,105.6,1,50,0.04,1,684.42,0
16124.0,1523.49,3,749,57,2010-10-17 12:56:00,2009-12-07 10:33:00,507.83,45,314,0.009554140127388535,1,249.0,0
16125.0,4003.0,13,1695,162,2010-11-24 10:30:00,2009-12-14 15:38:00,307.9230769230769,7,344,0.0377906976744186,1,289.35,0
16126.0,8356.83,11,4015,122,2010-11-25 13:41:00,2009-12-02 13:34:00,759.7118181818182,6,358,0.030726256983240222,1,6287.77,1
16127.0,145.06,1,68,35,2009-12-13 12:19:00,2009-12-13 12:19:00,145.06,353,0,1.0,1,656.25,0
16128.0,1920.8300000000002,6,1457,82,2010-11-24 15:26:00,2010-07-16 16:30:00,320.1383333333334,7,130,0.046153846153846156,1,1880.22,1
16129.0,1396.05,3,1261,91,2010-10-28 14:29:00,2010-07-20 12:32:00,465.34999999999997,34,100,0.03,1,0.0,0
16130.0,987.48,4,296,53,2010-10-13 15:14:00,2010-04-01 13:58:00,246.87,49,195,0.020512820512820513,1,0.0,0
16131.0,6450.88,6,2966,105,2010-11-29 13:20:00,2009-12-02 10:09:00,1075.1466666666668,2,362,0.016574585635359115,1,3506.54,1
16132.0,664.1999999999999,2,280,14,2010-06-13 13:49:00,2010-03-22 10:25:00,332.09999999999997,171,83,0.024096385542168676,1,0.0,0
16133.0,8403.22,23,4766,129,2010-11-28 12:08:00,2010-03-31 12:21:00,365.3573913043478,3,241,0.0954356846473029,1,14589.04,1
16134.0,1527.25,3,1266,69,2010-10-12 10:44:00,2010-06-17 09:48:00,509.0833333333333,50,117,0.02564102564102564,1,618.09,0
16135.0,301.9,1,186,18,2010-05-05 09:35:00,2010-05-05 09:35:00,301.9,210,0,1.0,1,517.55,0
16136.0,237.42000000000002,1,234,9,2010-02-14 12:49:00,2010-02-14 12:49:00,237.42000000000002,290,0,1.0,1,709.38,0
16137.0,422.7,1,210,28,2010-01-28 15:04:00,2010-01-28 15:04:00,422.7,307,0,1.0,1,0.0,0
16138.0,910.35,3,774,35,2010-11-26 12:13:00,2010-04-28 09:51:00,303.45,5,212,0.014150943396226415,1,0.0,0
16139.0,475.74,2,272,23,2009-12-17 11:24:00,2009-12-03 13:51:00,237.87,349,13,0.15384615384615385,1,635.4100000000001,0
16140.0,708.28,1,542,29,2010-09-24 12:03:00,2010-09-24 12:03:00,708.28,68,0,1.0,1,725.1800000000001,0
16141.0,335.54,1,172,20,2010-10-18 14:12:00,2010-10-18 14:12:00,335.54,44,0,1.0,1,620.4,0
16143.0,2130.14,6,947,65,2010-10-25 13:25:00,2009-12-10 09:44:00,355.0233333333333,37,319,0.018808777429467086,1,2424.94,1
16145.0,3005.9500000000003,8,2147,110,2010-11-16 15:58:00,2010-05-04 13:31:00,375.74375000000003,15,196,0.04081632653061224,1,3799.4900000000002,1
16146.0,212.25,1,117,12,2010-09-17 10:46:00,2010-09-17 10:46:00,212.25,75,0,1.0,1,734.13,0
16147.0,2023.91,4,1149,101,2010-11-04 14:56:00,2010-02-05 12:26:00,505.9775,27,272,0.014705882352941176,1,375.0,0
16148.0,310.3,1,178,8,2010-09-29 10:12:00,2010-09-29 10:12:00,310.3,63,0,1.0,1,76.32000000000001,0
16149.0,141.7,1,290,12,2010-10-06 15:54:00,2010-10-06 15:54:00,141.7,56,0,1.0,1,280.52,0
16150.0,1949.15,5,943,74,2010-09-08 12:24:00,2009-12-17 15:33:00,389.83000000000004,84,264,0.01893939393939394,1,2053.02,1
16153.0,3309.26,6,2620,106,2010-10-15 09:29:00,2010-05-26 12:41:00,551.5433333333334,47,141,0.0425531914893617,1,1824.23,1
16155.0,796.9,5,495,45,2010-11-23 12:03:00,2010-06-18 11:23:00,159.38,8,158,0.03164556962025317,1,0.0,0
16156.0,3096.14,11,1932,101,2010-11-22 09:57:00,2009-12-02 17:06:00,281.4672727272727,9,354,0.031073446327683617,1,3092.04,1
16158.0,628.32,9,182,29,2010-07-05 13:55:00,2009-12-05 15:00:00,69.81333333333333,149,211,0.04265402843601896,1,0.0,0
16159.0,884.59,3,399,25,2010-08-26 13:40:00,2009-12-03 11:51:00,294.86333333333334,97,266,0.011278195488721804,1,348.2,0
16161.0,7046.39,24,3672,276,2010-11-29 12:33:00,2010-02-08 11:06:00,293.5995833333333,2,294,0.08163265306122448,1,5533.67,1
16163.0,1551.38,4,484,58,2010-10-18 13:40:00,2009-12-02 10:00:00,387.845,44,320,0.0125,1,856.6,0
16165.0,79.9,1,2,1,2010-07-22 14:17:00,2010-07-22 14:17:00,79.9,132,0,1.0,1,0.0,0
16166.0,435.83,2,173,18,2010-10-07 15:44:00,2010-01-17 14:16:00,217.915,55,263,0.0076045627376425855,1,0.0,0
16167.0,1386.12,5,1494,51,2010-10-21 15:33:00,2009-12-01 10:46:00,277.224,41,324,0.015432098765432098,1,0.0,0
16168.0,6573.07,39,3083,103,2010-11-26 15:36:00,2009-12-03 12:38:00,168.5402564102564,5,358,0.10893854748603352,1,3787.6,1
16170.0,4983.95,14,4286,187,2010-11-09 10:13:00,2010-02-18 13:50:00,355.99642857142857,22,263,0.053231939163498096,1,1885.05,1
16172.0,744.34,3,632,41,2010-08-23 13:53:00,2010-07-14 15:34:00,248.11333333333334,100,39,0.07692307692307693,1,1140.21,0
16174.0,1237.2,4,780,15,2010-08-05 12:33:00,2010-04-15 15:12:00,309.3,118,111,0.036036036036036036,1,1009.55,0
16175.0,798.85,3,399,32,2010-08-25 11:58:00,2010-05-25 12:01:00,266.28333333333336,98,91,0.03296703296703297,1,1037.5900000000001,0
16176.0,2052.69,4,952,53,2010-10-14 13:54:00,2010-03-29 14:52:00,513.1725,48,198,0.020202020202020204,1,0.0,0
16177.0,1915.3600000000001,7,926,66,2010-09-29 10:12:00,2010-03-02 14:03:00,273.6228571428572,63,210,0.03333333333333333,1,331.95,0
16178.0,414.7,1,210,17,2010-11-03 14:46:00,2010-11-03 14:46:00,414.7,28,0,1.0,1,197.9,0
16180.0,5995.69,5,3946,106,2010-08-18 16:18:00,2010-06-23 13:19:00,1199.138,105,56,0.08928571428571429,1,10254.18,1
16182.0,3354.0,5,2096,8,2010-09-27 09:41:00,2010-03-09 09:34:00,670.8,65,202,0.024752475247524754,1,6617.65,1
16183.0,739.1,3,238,17,2010-11-10 11:12:00,2010-10-28 14:43:00,246.36666666666667,21,12,0.25,1,338.71000000000004,0
16185.0,115.31,1,61,9,2010-05-24 11:04:00,2010-05-24 11:04:00,115.31,191,0,1.0,1,529.41,0
16186.0,4711.49,14,3574,110,2010-11-16 11:53:00,2009-12-09 15:36:00,336.53499999999997,15,341,0.04105571847507331,1,4006.94,1
16188.0,105.80000000000001,1,56,7,2010-10-27 11:50:00,2010-10-27 11:50:00,105.80000000000001,35,0,1.0,1,981.86,0
16190.0,2508.4700000000003,7,1143,88,2010-11-10 09:43:00,2009-12-14 11:59:00,358.3528571428572,21,330,0.021212121212121213,1,215.08,0
16191.0,10497.300000000001,11,5997,54,2010-11-29 11:45:00,2009-12-11 12:24:00,954.3000000000001,2,352,0.03125,1,5180.52,1
16192.0,351.3,1,208,11,2009-12-04 12:28:00,2009-12-04 12:28:00,351.3,362,0,1.0,1,0.0,0
16193.0,315.98,1,160,19,2010-10-25 10:25:00,2010-10-25 10:25:00,315.98,37,0,1.0,1,314.45,0
16194.0,308.6,1,140,8,2010-11-29 13:28:00,2010-11-29 13:28:00,308.6,2,0,1.0,1,0.0,0
16195.0,323.25,1,123,16,2009-12-16 14:09:00,2009-12-16 14:09:00,323.25,350,0,1.0,1,0.0,0
16196.0,93.3,1,26,4,2010-08-08 11:40:00,2010-08-08 11:40:00,93.3,115,0,1.0,1,0.0,0
16197.0,2016.71,9,1420,52,2010-08-27 12:56:00,2009-12-16 11:44:00,224.07888888888888,96,254,0.03543307086614173,1,0.0,0
16198.0,629.36,1,255,18,2010-09-28 13:59:00,2010-09-28 13:59:00,629.36,64,0,1.0,1,400.68,0
16199.0,942.75,7,321,2,2010-11-12 12:55:00,2010-03-18 18:47:00,134.67857142857142,19,238,0.029411764705882353,1,0.0,0
16200.0,4539.23,10,2552,241,2010-11-22 11:57:00,2009-12-02 15:04:00,453.92299999999994,9,354,0.02824858757062147,1,1068.8700000000001,0
16201.0,248.65,1,135,13,2010-10-20 12:00:00,2010-10-20 12:00:00,248.65,42,0,1.0,1,1863.47,1
16202.0,2136.72,8,1116,92,2010-10-18 14:10:00,2009-12-02 10:48:00,267.09,44,320,0.025,1,365.27,0
16203.0,350.94,2,275,31,2010-11-11 13:33:00,2010-07-23 13:09:00,175.47,20,111,0.018018018018018018,1,592.9,0
16204.0,534.53,2,453,47,2010-11-24 15:03:00,2009-12-08 17:44:00,267.265,7,350,0.005714285714285714,1,384.18,0
16205.0,1062.48,3,936,89,2010-11-08 12:17:00,2010-06-15 11:58:00,354.16,23,146,0.02054794520547945,1,751.03,0
16206.0,2040.06,9,1106,138,2010-11-17 10:06:00,2010-01-24 15:25:00,226.67333333333332,14,296,0.030405405405405407,1,537.0600000000001,0
16208.0,2776.19,8,1208,141,2010-11-10 13:09:00,2010-02-24 14:24:00,347.02375,21,258,0.031007751937984496,1,664.26,0
16209.0,1884.16,4,716,17,2010-11-22 14:39:00,2010-06-11 11:58:00,471.04,9,164,0.024390243902439025,1,2262.62,1
16210.0,12654.67,16,4837,92,2010-11-11 12:19:00,2009-12-02 12:54:00,790.916875,20,343,0.04664723032069971,1,21076.3,1
16211.0,543.5699999999999,2,365,12,2010-10-14 13:20:00,2010-09-27 15:24:00,271.78499999999997,48,16,0.125,1,547.02,0
16212.0,603.37,2,327,36,2010-03-31 12:16:00,2010-02-07 15:26:00,301.685,245,51,0.0392156862745098,1,690.34,0
16214.0,975.5,1,888,54,2010-09-30 13:57:00,2010-09-30 13:57:00,975.5,62,0,1.0,1,1062.75,0
16218.0,883.99,6,711,39,2010-11-18 13:33:00,2010-05-27 16:09:00,147.33166666666668,13,174,0.034482758620689655,1,3084.68,1
16219.0,40.8,1,48,1,2010-07-27 11:44:00,2010-07-27 11:44:00,40.8,127,0,1.0,1,0.0,0
16221.0,1157.61,6,734,100,2010-11-22 15:11:00,2010-08-10 13:32:00,192.93499999999997,9,104,0.057692307692307696,1,860.86,0
16222.0,498.50000000000006,1,138,23,2009-12-18 14:31:00,2009-12-18 14:31:00,498.50000000000006,348,0,1.0,1,773.55,0
16223.0,1087.05,2,643,101,2010-11-30 11:50:00,2010-11-09 12:07:00,543.525,1,20,0.1,1,0.0,0
16224.0,321.24,1,439,20,2010-11-17 13:14:00,2010-11-17 13:14:00,321.24,14,0,1.0,1,1295.3,1
16225.0,1762.99,10,788,122,2010-11-02 15:39:00,2010-02-07 12:41:00,176.299,29,268,0.03731343283582089,1,1096.32,0
16226.0,417.05,2,329,20,2010-11-26 13:36:00,2010-10-22 11:19:00,208.525,5,35,0.05714285714285714,1,255.12,0
16227.0,713.0,2,346,23,2010-08-02 14:16:00,2010-06-22 13:28:00,356.5,121,41,0.04878048780487805,1,314.22,0
16228.0,885.71,3,555,45,2010-11-19 14:20:00,2010-11-04 18:54:00,295.2366666666667,12,14,0.21428571428571427,1,0.0,0
16229.0,1857.26,4,974,109,2010-11-23 12:01:00,2010-05-24 12:59:00,464.315,8,182,0.02197802197802198,1,1010.6,0
16231.0,1074.47,4,563,69,2010-11-25 15:00:00,2010-04-21 12:06:00,268.6175,6,218,0.01834862385321101,1,0.0,0
16232.0,1722.09,3,1299,49,2010-10-15 16:00:00,2010-06-07 14:04:00,574.03,47,130,0.023076923076923078,1,990.88,0
16233.0,1281.63,6,503,35,2010-11-25 09:19:00,2009-12-02 13:23:00,213.60500000000002,6,357,0.01680672268907563,1,536.6800000000001,0
16234.0,333.18,3,170,13,2010-08-20 14:33:00,2010-05-27 10:39:00,111.06,103,85,0.03529411764705882,1,0.0,0
16235.0,1186.4,4,458,55,2010-11-29 09:22:00,2010-08-26 12:10:00,296.6,2,94,0.0425531914893617,1,857.3100000000001,0
16237.0,136.65,1,57,7,2010-09-28 17:02:00,2010-09-28 17:02:00,136.65,64,0,1.0,1,0.0,0
16238.0,63.66,1,85,6,2010-10-13 12:36:00,2010-10-13 12:36:00,63.66,49,0,1.0,1,0.0,0
16239.0,1078.0,4,464,9,2010-11-22 16:27:00,2010-09-02 19:17:00,269.5,9,80,0.05,1,414.2,0
16241.0,1399.5,3,807,258,2010-11-21 13:13:00,2010-10-25 13:40:00,466.5,10,26,0.11538461538461539,1,2590.31,1
16242.0,3824.79,7,1952,249,2010-11-23 16:41:00,2010-03-15 16:02:00,546.3985714285715,8,253,0.02766798418972332,1,3579.86,1
16246.0,821.35,2,336,79,2010-09-06 12:04:00,2010-02-08 12:32:00,410.675,86,209,0.009569377990430622,1,0.0,0
16250.0,175.8,1,60,11,2010-11-18 10:43:00,2010-11-18 10:43:00,175.8,13,0,1.0,1,389.44,0
16251.0,128.31,1,44,20,2010-07-15 14:55:00,2010-07-15 14:55:00,128.31,139,0,1.0,1,0.0,0
16252.0,295.09000000000003,1,158,21,2010-11-22 11:57:00,2010-11-22 11:57:00,295.09000000000003,9,0,1.0,1,0.0,0
16253.0,3538.34,5,2796,143,2010-10-15 14:51:00,2009-12-08 17:24:00,707.668,47,310,0.016129032258064516,1,3683.86,1
16254.0,967.44,3,543,65,2010-11-26 13:22:00,2010-03-17 15:43:00,322.48,5,253,0.011857707509881422,1,0.0,0
16255.0,1910.09,7,1109,131,2010-11-02 13:36:00,2010-01-24 12:21:00,272.87,29,282,0.024822695035460994,1,2619.91,1
16256.0,826.9399999999999,2,1008,15,2010-08-03 08:58:00,2010-04-21 10:34:00,413.46999999999997,120,103,0.019417475728155338,1,752.4300000000001,0
16258.0,6739.01,10,4206,166,2010-11-17 11:48:00,2010-03-10 14:19:00,673.9010000000001,14,251,0.0398406374501992,1,5203.51,1
16259.0,340.94,3,143,75,2010-10-25 14:27:00,2010-04-13 16:57:00,113.64666666666666,37,194,0.015463917525773196,1,0.0,0
16261.0,312.62,2,153,41,2010-11-18 19:22:00,2010-09-23 16:40:00,156.31,13,56,0.03571428571428571,1,728.54,0
16262.0,755.15,1,446,46,2010-11-26 13:22:00,2010-11-26 13:22:00,755.15,5,0,1.0,1,0.0,0
16263.0,348.16,1,197,19,2010-10-12 14:52:00,2010-10-12 14:52:00,348.16,50,0,1.0,1,0.0,0
16264.0,823.53,2,616,62,2010-09-27 15:00:00,2010-09-19 16:14:00,411.765,65,7,0.2857142857142857,1,0.0,0
16265.0,1338.17,3,565,66,2010-11-18 10:06:00,2010-10-28 15:18:00,446.0566666666667,13,20,0.15,1,5347.0,1
16266.0,896.06,7,393,41,2010-10-12 17:20:00,2010-02-04 16:21:00,128.00857142857143,50,250,0.028,1,861.89,0
16267.0,186.66,1,198,7,2010-04-27 14:10:00,2010-04-27 14:10:00,186.66,218,0,1.0,1,0.0,0
16269.0,717.57,1,579,53,2010-09-28 11:50:00,2010-09-28 11:50:00,717.57,64,0,1.0,1,0.0,0
16271.0,1978.18,4,1334,115,2010-08-26 09:35:00,2010-03-07 12:03:00,494.545,97,171,0.023391812865497075,1,1389.64,1
16273.0,318.34000000000003,2,40,15,2010-03-01 13:24:00,2010-02-21 16:02:00,159.17000000000002,275,7,0.2857142857142857,1,0.0,0
16275.0,1591.24,2,932,76,2010-08-22 11:28:00,2010-03-08 14:41:00,795.62,101,166,0.012048192771084338,1,559.87,0
16276.0,1818.79,2,1047,16,2010-08-17 13:40:00,2010-04-11 12:02:00,909.395,106,128,0.015625,1,810.6,0
16277.0,188.69,1,33,23,2009-12-06 11:27:00,2009-12-06 11:27:00,188.69,360,0,1.0,1,0.0,0
16278.0,551.46,2,228,30,2010-08-16 13:38:00,2010-07-28 15:40:00,275.73,107,18,0.1111111111111111,1,566.38,0
16279.0,4195.5,6,2637,165,2010-11-19 11:48:00,2010-04-22 14:09:00,699.25,12,210,0.02857142857142857,1,1502.78,1
16280.0,238.05,1,101,16,2009-12-14 15:49:00,2009-12-14 15:49:00,238.05,352,0,1.0,1,0.0,0
16281.0,1361.96,2,636,19,2010-10-12 09:01:00,2010-01-26 13:41:00,680.98,50,258,0.007751937984496124,1,2062.06,1
16282.0,1139.28,2,676,21,2010-08-09 10:27:00,2009-12-21 11:52:00,569.64,114,230,0.008695652173913044,1,168.3,0
16283.0,2779.51,3,1631,277,2010-10-17 16:17:00,2010-02-28 14:12:00,926.5033333333334,45,231,0.012987012987012988,1,1569.11,1
16284.0,205.8,1,139,30,2010-11-11 13:27:00,2010-11-11 13:27:00,205.8,20,0,1.0,1,812.68,0
16285.0,176.9,1,60,31,2010-03-03 16:03:00,2010-03-03 16:03:00,176.9,273,0,1.0,1,0.0,0
16286.0,328.95,2,101,17,2010-08-19 14:48:00,2010-03-26 09:58:00,164.475,104,146,0.0136986301369863,1,0.0,0
16287.0,864.48,4,1128,18,2010-11-28 14:43:00,2010-01-19 09:46:00,216.12,3,313,0.012779552715654952,1,142.5,0
16288.0,129.85,1,19,7,2010-08-26 14:45:00,2010-08-26 14:45:00,129.85,97,0,1.0,1,0.0,0
16289.0,136.31,1,97,21,2010-09-03 14:02:00,2010-09-03 14:02:00,136.31,89,0,1.0,1,0.0,0
16290.0,1957.7,4,957,85,2010-09-01 11:52:00,2010-05-23 11:46:00,489.425,91,101,0.039603960396039604,1,0.0,0
16291.0,117.72,1,1,1,2010-01-26 16:26:00,2010-01-26 16:26:00,117.72,309,0,1.0,0,0.0,0
16292.0,951.51,4,497,38,2010-11-24 13:21:00,2010-04-14 13:29:00,237.8775,7,223,0.017937219730941704,1,302.25,0
16293.0,2030.21,5,851,86,2010-11-25 10:41:00,2009-12-11 09:58:00,406.04200000000003,6,349,0.014326647564469915,1,2248.9900000000002,1
16294.0,126.05000000000001,1,54,8,2010-08-20 12:01:00,2010-08-20 12:01:00,126.05000000000001,103,0,1.0,1,0.0,0
16296.0,1313.67,4,645,56,2010-03-23 13:11:00,2009-12-18 12:03:00,328.4175,253,95,0.042105263157894736,1,0.0,0
16298.0,487.5,4,110,16,2010-11-07 14:32:00,2010-09-23 15:23:00,121.875,24,44,0.09090909090909091,1,598.2,0
16299.0,193.65,1,107,12,2010-08-19 17:46:00,2010-08-19 17:46:00,193.65,104,0,1.0,1,0.0,0
16300.0,1367.32,3,643,190,2010-10-05 13:14:00,2010-02-02 11:40:00,455.7733333333333,57,245,0.012244897959183673,1,0.0,0
16301.0,107.33,1,41,6,2009-12-03 10:20:00,2009-12-03 10:20:00,107.33,363,0,1.0,1,0.0,0
16303.0,2567.64,4,1200,66,2010-11-12 15:05:00,2010-03-18 14:12:00,641.91,19,239,0.016736401673640166,1,5360.63,1
16304.0,381.66,1,228,25,2010-01-14 08:30:00,2010-01-14 08:30:00,381.66,321,0,1.0,1,0.0,0
16306.0,492.45,1,225,26,2010-10-01 09:36:00,2010-10-01 09:36:00,492.45,61,0,1.0,1,632.27,0
16307.0,1194.92,3,1123,69,2010-10-06 14:31:00,2010-05-11 14:40:00,398.3066666666667,56,147,0.02040816326530612,1,0.0,0
16308.0,2560.0,3,8000,1,2010-10-29 12:09:00,2009-12-15 15:48:00,853.3333333333334,33,317,0.00946372239747634,1,2560.0,1
16310.0,460.08,2,270,26,2010-10-21 14:47:00,2010-03-07 15:41:00,230.04,41,227,0.00881057268722467,1,0.0,0
16312.0,171.15,1,53,10,2010-10-03 14:15:00,2010-10-03 14:15:00,171.15,59,0,1.0,1,0.0,0
16314.0,1491.4,3,636,58,2010-11-15 12:06:00,2010-08-24 11:52:00,497.1333333333334,16,83,0.03614457831325301,1,0.0,0
16315.0,176.34,1,68,9,2010-06-21 13:53:00,2010-06-21 13:53:00,176.34,163,0,1.0,1,226.37,0
16316.0,2806.0,5,1573,115,2010-11-24 08:35:00,2010-08-03 14:38:00,561.2,7,112,0.044642857142857144,1,2938.91,1
16317.0,850.86,2,346,47,2010-06-07 14:24:00,2010-05-04 10:17:00,425.43,177,34,0.058823529411764705,1,1341.65,1
16320.0,4590.53,4,2587,138,2010-09-12 13:51:00,2010-01-27 13:29:00,1147.6325,80,228,0.017543859649122806,0,1038.46,0
16321.0,230.9,2,124,10,2010-03-23 16:01:00,2009-12-01 10:36:00,115.45,253,112,0.017857142857142856,0,373.65000000000003,0
16323.0,146.16,1,96,3,2010-05-11 09:48:00,2010-05-11 09:48:00,146.16,204,0,1.0,1,207.50000000000003,0
16325.0,3003.26,9,2270,99,2010-10-11 09:40:00,2009-12-04 13:21:00,333.6955555555556,51,310,0.02903225806451613,1,594.24,0
16326.0,1587.03,10,400,121,2010-11-21 11:03:00,2010-01-28 13:23:00,158.703,10,296,0.033783783783783786,1,3039.2200000000003,1
16327.0,6339.37,10,5564,233,2010-11-04 13:03:00,2009-12-14 13:06:00,633.937,27,324,0.030864197530864196,1,3789.67,1
16328.0,310.83,1,141,16,2010-05-25 14:02:00,2010-05-25 14:02:00,310.83,190,0,1.0,1,0.0,0
16329.0,1664.92,4,797,83,2010-10-08 12:44:00,2009-12-01 11:34:00,416.23,54,311,0.012861736334405145,1,0.0,0
16330.0,373.46999999999997,4,179,71,2010-10-11 14:59:00,2010-02-15 12:36:00,93.36749999999999,51,238,0.01680672268907563,1,251.91,0
16331.0,2037.7,6,756,33,2010-10-03 13:47:00,2010-03-07 10:55:00,339.6166666666667,59,210,0.02857142857142857,1,0.0,0
16332.0,414.69,4,325,40,2010-10-04 13:13:00,2010-04-29 13:41:00,103.6725,58,157,0.025477707006369428,1,1582.8,1
16334.0,263.73,1,206,54,2010-08-04 16:38:00,2010-08-04 16:38:00,263.73,119,0,1.0,1,0.0,0
16335.0,2753.52,7,1004,193,2010-06-06 11:35:00,2009-12-04 10:18:00,393.36,178,184,0.03804347826086957,1,0.0,0
16336.0,3517.69,4,1473,64,2010-10-15 12:32:00,2010-03-18 08:05:00,879.4225,47,211,0.018957345971563982,1,0.0,0
16340.0,961.93,2,833,170,2010-09-26 12:51:00,2010-06-06 13:26:00,480.965,66,111,0.018018018018018018,1,534.31,0
16341.0,1878.92,3,1624,67,2010-09-28 17:55:00,2010-04-09 10:30:00,626.3066666666667,64,172,0.01744186046511628,1,1971.8700000000001,1
16343.0,285.54,1,170,28,2010-10-28 14:15:00,2010-10-28 14:15:00,285.54,34,0,1.0,1,328.58,0
16344.0,741.3199999999999,3,688,42,2010-07-18 11:31:00,2010-02-09 12:16:00,247.10666666666665,136,158,0.0189873417721519,1,101.10000000000001,0
16345.0,613.33,1,323,68,2010-08-13 17:13:00,2010-08-13 17:13:00,613.33,110,0,1.0,1,565.46,0
16346.0,224.51,1,289,15,2010-11-19 15:55:00,2010-11-19 15:55:00,224.51,12,0,1.0,1,0.0,0
16347.0,2595.51,9,1374,167,2010-11-16 14:15:00,2010-03-12 12:41:00,288.39000000000004,15,249,0.03614457831325301,1,847.45,0
16348.0,328.77,1,359,29,2010-10-05 13:57:00,2010-10-05 13:57:00,328.77,57,0,1.0,1,1413.31,1
16350.0,1137.42,5,532,49,2010-11-30 12:31:00,2010-10-07 16:33:00,227.484,1,53,0.09433962264150944,1,1116.47,0
16351.0,3176.13,12,2075,123,2010-10-24 11:21:00,2009-12-04 16:12:00,264.6775,38,323,0.03715170278637771,1,153.9,0
16353.0,3119.75,15,1477,46,2010-11-30 15:32:00,2009-12-07 13:55:00,207.98333333333332,1,358,0.04189944134078212,1,6675.71,1
16354.0,723.66,3,442,87,2010-11-25 12:18:00,2010-04-27 13:33:00,241.22,6,211,0.014218009478672985,1,395.8,0
16355.0,416.35,1,179,47,2010-11-29 14:21:00,2010-11-29 14:21:00,416.35,2,0,1.0,1,0.0,0
16356.0,204.10000000000002,3,97,17,2010-11-28 15:25:00,2010-06-06 11:26:00,68.03333333333335,3,175,0.017142857142857144,1,211.77,0
16357.0,209.49,1,143,13,2010-11-23 18:52:00,2010-11-23 18:52:00,209.49,8,0,1.0,1,658.88,0
16358.0,892.1500000000001,1,763,45,2010-11-10 11:36:00,2010-11-10 11:36:00,892.1500000000001,21,0,1.0,1,2027.5,1
16359.0,946.83,7,581,52,2010-11-28 12:49:00,2010-02-16 10:39:00,135.26142857142858,3,285,0.02456140350877193,1,1750.92,1
16362.0,212.17000000000002,1,127,13,2010-09-28 09:24:00,2010-09-28 09:24:00,212.17000000000002,64,0,1.0,1,709.99,0
16365.0,1626.92,6,530,58,2010-11-09 13:59:00,2009-12-11 12:41:00,271.15333333333336,22,333,0.018018018018018018,1,1540.42,1
16366.0,1220.83,3,626,57,2010-05-06 13:28:00,2009-12-16 10:39:00,406.9433333333333,209,141,0.02127659574468085,1,327.3,0
16367.0,549.8100000000001,1,460,90,2010-11-21 13:23:00,2010-11-21 13:23:00,549.8100000000001,10,0,1.0,1,800.67,0
16368.0,141.53,1,56,20,2010-09-30 11:30:00,2010-09-30 11:30:00,141.53,62,0,1.0,1,479.91,0
16369.0,1111.15,4,559,36,2010-09-29 13:47:00,2010-04-07 16:52:00,277.7875,63,174,0.022988505747126436,1,1543.33,1
16371.0,157.2,1,108,11,2010-09-17 12:09:00,2010-09-17 12:09:00,157.2,75,0,1.0,1,0.0,0
16372.0,934.58,3,564,203,2010-10-26 12:54:00,2010-04-11 15:20:00,311.5266666666667,36,197,0.015228426395939087,1,355.73,0
16373.0,309.49,2,119,25,2010-11-22 15:50:00,2010-10-24 13:10:00,154.745,9,29,0.06896551724137931,1,0.0,0
16374.0,1250.77,3,532,209,2010-11-02 13:27:00,2010-04-30 13:10:00,416.92333333333335,29,186,0.016129032258064516,1,458.78,0
16375.0,104.0,2,74,11,2010-08-26 14:25:00,2010-08-26 14:12:00,52.0,97,0,2.0,1,0.0,0
16377.0,632.28,1,1428,5,2010-04-01 10:36:00,2010-04-01 10:36:00,632.28,244,0,1.0,1,676.2,0
16381.0,247.85,2,108,60,2010-11-09 09:56:00,2010-10-17 13:06:00,123.925,22,22,0.09090909090909091,1,0.0,0
16382.0,353.1,2,167,42,2010-10-27 16:23:00,2010-06-07 12:42:00,176.55,35,142,0.014084507042253521,1,0.0,0
16383.0,2244.23,5,1123,197,2010-11-08 14:48:00,2010-02-04 13:18:00,448.846,23,277,0.018050541516245487,1,643.76,0
16384.0,774.45,2,601,48,2010-10-06 12:49:00,2010-04-28 14:01:00,387.225,56,160,0.0125,1,584.5,0
16385.0,326.49,2,218,52,2010-11-15 13:27:00,2010-03-18 12:45:00,163.245,16,242,0.008264462809917356,1,554.86,0
16386.0,765.59,1,495,54,2010-11-17 11:19:00,2010-11-17 11:19:00,765.59,14,0,1.0,1,302.57,0
16387.0,788.1,4,404,68,2010-11-09 09:02:00,2010-03-11 12:22:00,197.025,22,242,0.01652892561983471,1,94.36,0
16388.0,186.05,1,83,13,2010-02-24 10:20:00,2010-02-24 10:20:00,186.05,280,0,1.0,1,0.0,0
16390.0,467.5,3,122,16,2010-06-21 10:11:00,2010-01-29 15:25:00,155.83333333333334,163,142,0.02112676056338028,1,0.0,0
16391.0,1048.86,4,713,260,2010-11-04 12:27:00,2010-05-27 11:27:00,262.215,27,161,0.024844720496894408,1,0.0,0
16392.0,537.56,2,402,91,2010-10-22 11:40:00,2010-05-27 11:17:00,268.78,40,148,0.013513513513513514,1,217.89000000000001,0
16393.0,2256.81,10,1428,247,2010-11-30 12:21:00,2009-12-01 12:13:00,225.68099999999998,1,364,0.027472527472527472,1,3040.96,1
16395.0,2035.5,9,1428,318,2010-11-11 12:18:00,2009-12-06 12:26:00,226.16666666666666,20,339,0.02654867256637168,1,1482.06,1
16396.0,137.8,1,80,8,2010-08-20 14:17:00,2010-08-20 14:17:00,137.8,103,0,1.0,1,0.0,0
16397.0,123.13,1,43,9,2010-03-21 15:36:00,2010-03-21 15:36:00,123.13,255,0,1.0,1,0.0,0
16399.0,222.20000000000002,1,189,37,2010-11-15 15:03:00,2010-11-15 15:03:00,222.20000000000002,16,0,1.0,1,406.22,0
16400.0,2755.92,8,1894,187,2010-11-09 14:11:00,2009-12-08 12:38:00,344.49,22,336,0.023809523809523808,1,303.93,0
16401.0,2749.13,11,2151,75,2010-11-25 08:20:00,2010-06-02 13:13:00,249.9209090909091,6,175,0.06285714285714286,1,4098.32,1
16406.0,374.01,2,141,85,2010-09-15 11:53:00,2010-02-24 11:51:00,187.005,77,203,0.009852216748768473,1,154.35,0
16407.0,681.97,4,355,43,2010-11-15 16:56:00,2010-10-03 13:56:00,170.4925,16,43,0.09302325581395349,1,2079.68,1
16408.0,231.93,1,227,45,2010-04-27 14:08:00,2010-04-27 14:08:00,231.93,218,0,1.0,1,0.0,0
16409.0,3629.76,7,2360,277,2010-11-24 13:25:00,2009-12-13 15:38:00,518.5371428571428,7,345,0.020289855072463767,1,2022.98,1
16410.0,130.32,1,348,5,2009-12-05 14:51:00,2009-12-05 14:51:00,130.32,361,0,1.0,1,0.0,0
16411.0,544.6899999999999,2,330,112,2010-11-21 13:13:00,2010-10-07 15:09:00,272.34499999999997,10,44,0.045454545454545456,1,211.7,0
16412.0,457.2,4,225,72,2010-11-11 11:52:00,2010-02-04 13:46:00,114.3,20,279,0.014336917562724014,1,135.99,0
16413.0,259.83,1,135,32,2010-11-29 12:49:00,2010-11-29 12:49:00,259.83,2,0,1.0,1,262.2,0
16414.0,424.96000000000004,3,174,54,2010-10-04 12:19:00,2010-01-14 10:21:00,141.65333333333334,58,263,0.011406844106463879,1,126.25,0
16415.0,496.49,2,330,78,2010-05-05 11:51:00,2010-02-01 12:30:00,248.245,210,92,0.021739130434782608,1,200.27,0
16416.0,1906.48,6,1526,92,2010-11-14 13:24:00,2010-02-23 12:00:00,317.74666666666667,17,264,0.022727272727272728,1,1051.4,0
16417.0,35.7,1,6,1,2010-08-04 09:08:00,2010-08-04 09:08:00,35.7,119,0,1.0,1,0.0,0
16418.0,397.62,2,284,55,2010-10-27 12:55:00,2010-10-13 12:31:00,198.81,35,14,0.14285714285714285,1,631.12,0
16419.0,504.99,2,273,34,2010-05-11 12:18:00,2010-02-09 13:26:00,252.495,204,90,0.022222222222222223,1,958.71,0
16420.0,75.0,1,120,2,2010-11-08 15:15:00,2010-11-08 15:15:00,75.0,23,0,1.0,1,0.0,0
16421.0,526.27,3,123,35,2010-11-28 13:31:00,2010-08-27 12:02:00,175.42333333333332,3,93,0.03225806451612903,1,0.0,0
16422.0,27044.47,57,30329,94,2010-11-28 11:26:00,2010-01-12 11:57:00,474.4643859649123,3,319,0.1786833855799373,1,34684.4,1
16424.0,309.5,1,124,8,2010-11-22 11:24:00,2010-11-22 11:24:00,309.5,9,0,1.0,1,133.56,0
16428.0,638.49,3,575,121,2010-10-22 12:22:00,2010-07-30 12:10:00,212.83,40,84,0.03571428571428571,1,0.0,0
16430.0,802.09,5,203,16,2010-11-23 14:53:00,2010-01-27 12:45:00,160.418,8,300,0.016666666666666666,1,300.85,0
16433.0,200.26,1,108,17,2010-10-27 12:26:00,2010-10-27 12:26:00,200.26,35,0,1.0,1,184.26,0
16434.0,1161.89,5,550,55,2010-09-19 13:36:00,2010-01-17 14:51:00,232.37800000000001,73,244,0.020491803278688523,1,1511.8,1
16435.0,1003.0699999999999,3,608,119,2010-07-15 18:22:00,2010-07-13 13:29:00,334.3566666666666,139,2,1.5,1,0.0,0
16436.0,319.14,3,227,37,2010-02-09 13:19:00,2009-12-06 16:02:00,106.38,295,64,0.046875,1,0.0,0
16437.0,301.25,2,197,17,2010-11-23 16:59:00,2010-10-06 12:34:00,150.625,8,48,0.041666666666666664,1,0.0,0
16439.0,310.70000000000005,1,74,9,2009-12-17 14:22:00,2009-12-17 14:22:00,310.70000000000005,349,0,1.0,1,0.0,0
16440.0,216.3,1,90,25,2010-08-03 11:32:00,2010-08-03 11:32:00,216.3,120,0,1.0,1,3640.67,1
16441.0,631.98,3,304,54,2010-10-18 12:57:00,2010-03-22 18:00:00,210.66,44,209,0.014354066985645933,1,381.2,0
16442.0,282.68,2,137,74,2010-04-14 13:35:00,2009-12-13 11:05:00,141.34,231,122,0.01639344262295082,1,609.3,0
16443.0,162.24,1,96,1,2010-07-07 11:57:00,2010-07-07 11:57:00,162.24,147,0,1.0,1,0.0,0
16444.0,2971.21,13,1538,159,2010-11-14 10:21:00,2010-03-24 14:06:00,228.55461538461537,17,234,0.05555555555555555,1,654.67,0
16445.0,352.65,3,176,93,2010-11-18 11:37:00,2010-10-24 12:39:00,117.55,13,24,0.125,1,230.51,0
16447.0,471.19,2,94,27,2010-04-28 13:21:00,2010-02-17 14:09:00,235.595,217,69,0.028985507246376812,1,255.91,0
16448.0,178.13,1,100,31,2010-08-25 16:58:00,2010-08-25 16:58:00,178.13,98,0,1.0,1,182.99,0
16450.0,1193.81,2,481,27,2010-05-04 13:43:00,2010-02-21 15:46:00,596.905,211,71,0.028169014084507043,1,311.92,0
16451.0,746.1800000000001,2,404,50,2010-05-27 17:56:00,2009-12-04 15:11:00,373.09000000000003,188,174,0.011494252873563218,1,266.97,0
16452.0,332.17,2,199,14,2010-03-19 12:39:00,2010-01-15 12:22:00,166.085,257,63,0.031746031746031744,1,0.0,0
16453.0,251.71,2,139,15,2010-06-27 12:46:00,2010-06-09 13:15:00,125.855,157,17,0.11764705882352941,1,0.0,0
16454.0,24.05,2,6,2,2010-04-12 09:52:00,2010-04-07 15:54:00,12.025,233,4,0.5,1,5.9,0
16455.0,2154.39,4,1863,78,2010-11-28 14:08:00,2010-03-30 10:31:00,538.5975,3,243,0.01646090534979424,1,1841.18,1
16456.0,3842.76,8,2149,187,2010-10-27 08:17:00,2010-03-29 11:16:00,480.345,35,211,0.037914691943127965,1,2158.18,1
16458.0,2208.15,12,1241,66,2010-11-29 12:42:00,2010-05-26 14:38:00,184.01250000000002,2,186,0.06451612903225806,1,3482.7400000000002,1
16459.0,71.78999999999999,1,59,5,2009-12-10 12:42:00,2009-12-10 12:42:00,71.78999999999999,356,0,1.0,1,0.0,0
16461.0,1396.91,2,879,195,2010-04-28 11:54:00,2010-03-03 13:57:00,698.455,217,55,0.03636363636363636,1,142.92,0
16465.0,746.24,2,504,45,2010-10-15 09:27:00,2010-09-21 10:46:00,373.12,47,23,0.08695652173913043,1,0.0,0
16466.0,2171.13,8,992,134,2010-11-21 11:30:00,2010-03-07 14:31:00,271.39125,10,258,0.031007751937984496,1,1595.96,1
16467.0,2869.16,7,7384,14,2010-07-19 11:49:00,2009-12-02 11:59:00,409.88,135,228,0.03070175438596491,1,0.0,0
16468.0,712.62,2,340,37,2010-08-26 16:36:00,2010-08-15 13:10:00,356.31,97,11,0.18181818181818182,1,74.9,0
16469.0,178.48000000000002,1,72,23,2010-07-13 13:17:00,2010-07-13 13:17:00,178.48000000000002,141,0,1.0,1,625.42,0
16470.0,1664.08,7,813,211,2010-11-08 12:28:00,2009-12-11 12:21:00,237.72571428571428,23,332,0.02108433734939759,1,752.77,0
16471.0,966.03,3,529,40,2010-11-11 15:47:00,2010-02-25 10:07:00,322.01,20,259,0.011583011583011582,1,223.95000000000002,0
16472.0,789.6,2,252,39,2010-10-01 13:56:00,2010-04-21 11:48:00,394.8,61,163,0.012269938650306749,1,0.0,0
16473.0,154.72,1,100,10,2010-11-30 16:29:00,2010-11-30 16:29:00,154.72,1,0,1.0,1,316.11,0
16476.0,350.35,1,187,24,2010-10-04 10:29:00,2010-10-04 10:29:00,350.35,58,0,1.0,1,0.0,0
16477.0,1599.91,4,1092,87,2010-11-09 12:07:00,2010-08-12 09:43:00,399.9775,22,89,0.0449438202247191,1,2494.46,1
16481.0,453.38,1,201,16,2010-01-26 13:09:00,2010-01-26 13:09:00,453.38,309,0,1.0,1,0.0,0
16485.0,1923.54,4,918,93,2010-10-03 15:30:00,2009-12-06 12:28:00,480.885,59,301,0.013289036544850499,1,363.65,0
16486.0,134.36,1,24,7,2010-06-20 12:16:00,2010-06-20 12:16:00,134.36,164,0,1.0,1,0.0,0
16487.0,209.4,2,163,28,2010-05-11 13:38:00,2010-02-18 17:36:00,104.7,204,81,0.024691358024691357,1,0.0,0
16489.0,303.7,2,38,4,2010-11-24 14:40:00,2010-09-29 15:02:00,151.85,7,55,0.03636363636363636,1,0.0,0
16490.0,205.41000000000003,1,113,13,2010-09-29 16:30:00,2010-09-29 16:30:00,205.41000000000003,63,0,1.0,1,0.0,0
16491.0,801.66,1,582,48,2010-10-22 15:42:00,2010-10-22 15:42:00,801.66,40,0,1.0,1,731.5,0
16492.0,385.56,1,235,23,2010-06-17 08:20:00,2010-06-17 08:20:00,385.56,167,0,1.0,1,0.0,0
16493.0,780.46,3,824,50,2010-09-21 12:37:00,2010-03-26 13:05:00,260.15333333333336,71,178,0.016853932584269662,1,1351.63,1
16496.0,731.25,3,653,42,2010-10-04 12:34:00,2010-07-18 13:42:00,243.75,58,77,0.03896103896103896,1,1599.52,1
16497.0,3729.59,17,1654,147,2010-10-22 11:00:00,2009-12-03 14:11:00,219.38764705882355,40,322,0.052795031055900624,1,2965.69,1
16499.0,2212.89,6,1237,100,2010-11-30 12:19:00,2010-06-11 12:22:00,368.815,1,171,0.03508771929824561,1,365.45,0
16500.0,443.05,3,263,19,2010-11-30 09:46:00,2010-06-14 14:54:00,147.68333333333334,1,168,0.017857142857142856,1,400.86,0
16501.0,1191.23,1,628,181,2010-11-21 14:10:00,2010-11-21 14:10:00,1191.23,10,0,1.0,1,0.0,0
16502.0,258.55,2,220,41,2010-03-29 13:44:00,2010-03-29 13:39:00,129.275,247,0,2.0,1,0.0,0
16503.0,2182.41,7,966,113,2010-11-09 09:34:00,2010-06-21 14:07:00,311.7728571428571,22,140,0.05,1,1431.93,1
16507.0,142.71,1,111,37,2010-05-16 12:56:00,2010-05-16 12:56:00,142.71,199,0,1.0,1,0.0,0
16508.0,240.95,1,103,42,2010-03-19 13:41:00,2010-03-19 13:41:00,240.95,257,0,1.0,1,0.0,0
16510.0,1509.15,5,835,84,2010-08-29 13:58:00,2010-01-17 12:30:00,301.83000000000004,94,224,0.022321428571428572,1,248.1,0
16511.0,842.16,3,364,123,2010-11-07 15:30:00,2010-03-01 12:21:00,280.71999999999997,24,251,0.01195219123505976,1,916.33,0
16515.0,1554.92,5,747,106,2010-11-25 12:34:00,2010-06-17 12:17:00,310.98400000000004,6,161,0.031055900621118012,1,1624.14,1
16518.0,475.05,2,197,28,2010-10-14 12:14:00,2010-06-01 13:31:00,237.525,48,134,0.014925373134328358,1,484.32,0
16519.0,223.98,2,96,20,2010-08-11 14:34:00,2010-03-01 13:51:00,111.99,112,163,0.012269938650306749,1,212.98,0
16520.0,1101.81,3,487,166,2010-10-11 11:34:00,2010-03-02 16:50:00,367.27,51,222,0.013513513513513514,1,1046.57,0
16521.0,1136.36,3,1013,211,2010-10-20 13:09:00,2010-03-01 13:22:00,378.78666666666663,42,232,0.01293103448275862,1,0.0,0
16522.0,433.36,2,212,16,2010-09-30 10:54:00,2010-09-15 13:32:00,216.68,62,14,0.14285714285714285,1,0.0,0
16523.0,2497.86,7,714,61,2010-10-20 12:42:00,2010-01-24 13:14:00,356.83714285714285,42,268,0.026119402985074626,1,9418.470000000001,1
16524.0,306.19,2,259,50,2010-09-19 13:37:00,2010-01-17 13:16:00,153.095,73,245,0.00816326530612245,1,0.0,0
16525.0,11123.85,22,7033,85,2010-11-30 08:57:00,2009-12-02 13:53:00,505.62954545454545,1,362,0.06077348066298342,1,13027.45,1
16526.0,426.85,1,173,20,2010-05-04 16:34:00,2010-05-04 16:34:00,426.85,211,0,1.0,1,290.36,0
16527.0,1004.88,1,602,58,2010-10-11 13:25:00,2010-10-11 13:25:00,1004.88,51,0,1.0,1,228.06,0
16529.0,1531.55,3,541,72,2010-08-19 12:48:00,2010-06-27 13:29:00,510.51666666666665,104,52,0.057692307692307696,1,455.25,0
16530.0,48.35,1,17,3,2010-02-09 15:30:00,2010-02-09 15:30:00,48.35,295,0,1.0,1,0.0,0
16531.0,1053.74,4,948,55,2010-11-23 15:33:00,2010-09-24 09:49:00,263.435,8,60,0.06666666666666667,1,1244.59,0
16532.0,2007.84,2,528,1,2010-10-04 11:52:00,2010-03-29 10:26:00,1003.92,58,189,0.010582010582010581,1,6748.8,1
16534.0,635.9,1,168,36,2010-03-07 15:47:00,2010-03-07 15:47:00,635.9,269,0,1.0,1,0.0,0
16535.0,358.28999999999996,1,307,35,2010-11-19 13:01:00,2010-11-19 13:01:00,358.28999999999996,12,0,1.0,1,593.75,0
16537.0,10.55,1,19,2,2010-03-08 13:41:00,2010-03-08 13:41:00,10.55,268,0,1.0,1,0.0,0
16538.0,395.07,3,254,35,2010-06-16 16:59:00,2010-04-23 16:25:00,131.69,168,54,0.05555555555555555,1,0.0,0
16539.0,1900.8500000000001,6,537,57,2010-10-31 14:43:00,2010-06-25 15:24:00,316.80833333333334,31,127,0.047244094488188976,1,1388.81,1
16540.0,205.75,1,105,25,2010-10-21 17:22:00,2010-10-21 17:22:00,205.75,41,0,1.0,1,0.0,0
16541.0,424.03,1,173,38,2009-12-04 13:22:00,2009-12-04 13:22:00,424.03,362,0,1.0,1,0.0,0
16542.0,137.7,1,96,9,2010-11-03 14:44:00,2010-11-03 14:44:00,137.7,28,0,1.0,1,119.62,0
16543.0,292.21,1,317,18,2010-04-27 11:38:00,2010-04-27 11:38:00,292.21,218,0,1.0,1,0.0,0
16544.0,376.70000000000005,4,150,8,2010-07-08 11:11:00,2010-02-15 13:20:00,94.17500000000001,146,142,0.028169014084507043,1,0.0,0
16545.0,350.52,1,244,5,2010-11-29 10:39:00,2010-11-29 10:39:00,350.52,2,0,1.0,1,339.3,0
16546.0,4519.92,3,3662,55,2010-11-04 13:47:00,2010-09-23 15:43:00,1506.64,27,41,0.07317073170731707,1,787.15,0
16547.0,104.25999999999999,1,108,25,2010-06-11 13:02:00,2010-06-11 13:02:00,104.25999999999999,173,0,1.0,1,0.0,0
16548.0,30.15,1,6,6,2010-04-19 16:15:00,2010-04-19 16:15:00,30.15,226,0,1.0,1,0.0,0
16549.0,8746.9,24,4793,646,2010-11-07 16:29:00,2010-03-28 15:45:00,364.45416666666665,24,224,0.10714285714285714,1,4034.9,1
16550.0,6508.71,13,3863,196,2010-10-21 12:05:00,2009-12-02 11:24:00,500.67,41,323,0.04024767801857585,1,2298.97,1
16551.0,1315.0,4,1106,44,2010-10-12 15:09:00,2009-12-13 16:12:00,328.75,50,302,0.013245033112582781,1,922.12,0
16553.0,10864.19,21,11827,149,2010-11-08 14:14:00,2010-02-11 18:46:00,517.342380952381,23,269,0.07806691449814127,1,5719.82,1
16554.0,2004.6200000000001,5,944,80,2010-11-18 11:59:00,2009-12-15 09:42:00,400.92400000000004,13,338,0.014792899408284023,1,837.1,0
16555.0,1629.79,4,1641,46,2010-07-22 13:43:00,2010-07-22 13:39:00,407.4475,132,0,4.0,1,285.89,0
16556.0,4698.79,10,2463,183,2010-11-29 16:25:00,2009-12-07 10:51:00,469.879,2,357,0.028011204481792718,1,3313.79,1
16558.0,4965.62,18,2436,182,2010-11-25 15:36:00,2009-12-03 18:11:00,275.86777777777775,6,356,0.05056179775280899,1,8338.49,1
16559.0,175.0,1,61,17,2010-11-07 13:52:00,2010-11-07 13:52:00,175.0,24,0,1.0,1,0.0,0
16560.0,2206.9700000000003,6,1103,102,2010-11-07 12:04:00,2009-12-08 12:05:00,367.8283333333334,24,333,0.018018018018018018,1,841.41,0
16562.0,223.86,1,264,34,2010-08-20 11:45:00,2010-08-20 11:45:00,223.86,103,0,1.0,1,0.0,0
16563.0,3334.82,5,2098,46,2010-11-04 14:11:00,2009-12-01 18:35:00,666.964,27,337,0.01483679525222552,1,1077.74,0
16564.0,87.80000000000001,1,40,5,2010-05-19 14:41:00,2010-05-19 14:41:00,87.80000000000001,196,0,1.0,1,0.0,0
16565.0,599.35,3,165,7,2010-10-29 15:31:00,2010-06-02 12:47:00,199.78333333333333,33,149,0.020134228187919462,1,173.7,0
16568.0,1020.9,2,366,5,2010-10-08 10:54:00,2010-03-08 14:51:00,510.45,54,213,0.009389671361502348,1,0.0,0
16569.0,1331.03,4,895,23,2010-03-18 15:19:00,2009-12-16 15:05:00,332.7575,258,92,0.043478260869565216,1,124.2,0
16570.0,3695.91,10,2180,66,2010-11-25 13:03:00,2010-03-30 09:32:00,369.591,6,240,0.041666666666666664,1,3738.4,1
16571.0,2827.05,7,2464,103,2010-11-09 17:41:00,2010-03-18 09:12:00,403.86428571428576,22,236,0.029661016949152543,1,1421.69,1
16574.0,850.34,2,586,58,2010-10-12 09:25:00,2010-02-19 11:46:00,425.17,50,234,0.008547008547008548,1,451.44,0
16576.0,540.87,2,323,32,2010-10-15 13:37:00,2010-07-06 10:42:00,270.435,47,101,0.019801980198019802,1,0.0,0
16577.0,380.0,1,142,23,2010-02-11 09:45:00,2010-02-11 09:45:00,380.0,293,0,1.0,1,0.0,0
16578.0,156.6,1,108,9,2010-03-23 15:11:00,2010-03-23 15:11:00,156.6,253,0,1.0,1,0.0,0
16579.0,295.05,1,119,14,2010-10-10 11:58:00,2010-10-10 11:58:00,295.05,52,0,1.0,1,0.0,0
16583.0,64.5,1,42,4,2010-02-04 12:18:00,2010-02-04 12:18:00,64.5,300,0,1.0,1,233.45,0
16584.0,2220.09,3,1267,46,2010-10-03 14:32:00,2010-02-16 10:41:00,740.0300000000001,59,229,0.013100436681222707,1,936.08,0
16585.0,341.59000000000003,2,151,16,2010-04-25 10:34:00,2010-01-13 13:31:00,170.79500000000002,220,101,0.019801980198019802,1,0.0,0
16586.0,998.83,2,253,19,2010-09-21 10:11:00,2010-03-14 11:24:00,499.415,71,190,0.010526315789473684,1,463.95,0
16588.0,1361.28,4,882,64,2010-11-18 17:56:00,2010-05-14 13:43:00,340.32,13,188,0.02127659574468085,1,0.0,0
16589.0,153.12,1,168,11,2010-09-15 14:56:00,2010-09-15 14:56:00,153.12,77,0,1.0,1,459.24,0
16590.0,605.9,2,240,26,2010-11-04 09:06:00,2010-10-21 12:09:00,302.95,27,13,0.15384615384615385,1,0.0,0
16592.0,3694.23,12,2577,124,2010-11-29 15:19:00,2009-12-18 15:57:00,307.8525,2,345,0.034782608695652174,1,4113.68,1
16593.0,741.11,5,261,40,2010-11-14 13:11:00,2009-12-05 10:44:00,148.222,17,344,0.014534883720930232,1,330.03,0
16595.0,1397.59,4,996,286,2010-11-28 14:15:00,2010-01-17 12:12:00,349.3975,3,315,0.012698412698412698,1,360.16,0
16596.0,208.83,2,83,12,2010-01-19 12:39:00,2009-12-10 13:09:00,104.415,316,39,0.05128205128205128,1,250.15,0
16599.0,172.8,1,159,12,2010-11-19 12:45:00,2010-11-19 12:45:00,172.8,12,0,1.0,1,0.0,0
16600.0,1339.89,7,1275,61,2010-11-30 13:34:00,2009-12-18 12:59:00,191.41285714285715,1,347,0.020172910662824207,1,813.52,0
16601.0,434.3,2,258,38,2010-11-14 11:30:00,2010-03-26 13:39:00,217.15,17,232,0.008620689655172414,1,241.53,0
16602.0,235.25,1,93,11,2010-11-16 09:13:00,2010-11-16 09:13:00,235.25,15,0,1.0,1,528.08,0
16604.0,432.45000000000005,2,175,10,2010-05-26 09:10:00,2010-05-20 16:34:00,216.22500000000002,189,5,0.4,1,0.0,0
16605.0,60.48,1,144,1,2009-12-15 19:03:00,2009-12-15 19:03:00,60.48,351,0,1.0,1,0.0,0
16606.0,357.66,2,148,16,2010-10-31 13:57:00,2010-10-01 13:21:00,178.83,31,30,0.06666666666666667,1,0.0,0
16607.0,2359.16,11,1577,99,2010-11-05 12:57:00,2010-04-29 14:01:00,214.4690909090909,26,189,0.0582010582010582,1,3347.71,1
16608.0,1286.6200000000001,2,612,94,2010-09-12 11:44:00,2010-02-14 11:57:00,643.3100000000001,80,209,0.009569377990430622,1,0.0,0
16611.0,1655.64,5,827,79,2010-11-01 09:33:00,2010-03-10 16:07:00,331.12800000000004,30,235,0.02127659574468085,1,129.49,0
16612.0,2057.77,5,913,71,2010-11-25 13:14:00,2009-12-03 15:54:00,411.554,6,356,0.014044943820224719,1,1187.66,0
16614.0,673.6,2,126,20,2010-11-02 18:08:00,2010-05-10 15:18:00,336.8,29,176,0.011363636363636364,1,506.19,0
16615.0,291.5,1,211,19,2010-03-23 15:13:00,2010-03-23 15:13:00,291.5,253,0,1.0,1,0.0,0
16619.0,1712.1200000000001,3,922,93,2010-11-21 16:02:00,2010-02-22 12:05:00,570.7066666666667,10,272,0.011029411764705883,1,226.21,0
16620.0,1579.97,4,1058,70,2010-11-15 09:14:00,2009-12-01 14:35:00,394.9925,16,348,0.011494252873563218,1,178.96,0
16622.0,225.4,1,44,12,2010-06-14 10:44:00,2010-06-14 10:44:00,225.4,170,0,1.0,1,0.0,0
16623.0,885.79,3,403,40,2010-11-03 12:05:00,2010-04-26 14:04:00,295.2633333333333,28,190,0.015789473684210527,1,129.45000000000002,0
16625.0,1320.95,4,893,69,2010-10-13 09:32:00,2010-06-14 11:56:00,330.2375,49,120,0.03333333333333333,1,333.08,0
16628.0,130.05,2,55,8,2010-10-28 08:38:00,2010-03-08 12:24:00,65.025,34,233,0.008583690987124463,1,2188.05,1
16630.0,106.80000000000001,1,72,4,2010-10-28 14:30:00,2010-10-28 14:30:00,106.80000000000001,34,0,1.0,1,0.0,0
16631.0,1892.52,7,775,46,2010-08-15 11:20:00,2010-02-26 10:49:00,270.36,108,170,0.041176470588235294,1,0.0,0
16632.0,406.4,2,256,22,2010-08-11 11:39:00,2010-05-07 16:46:00,203.2,112,95,0.021052631578947368,1,0.0,0
16634.0,1431.91,4,1175,65,2010-11-17 15:20:00,2010-01-21 09:30:00,357.9775,14,300,0.013333333333333334,1,217.9,0
16635.0,473.0,1,277,25,2010-10-29 09:41:00,2010-10-29 09:41:00,473.0,33,0,1.0,1,0.0,0
16636.0,3802.04,4,2186,62,2010-09-27 13:13:00,2010-03-03 14:06:00,950.51,65,207,0.01932367149758454,1,0.0,0
16638.0,699.41,5,372,43,2010-10-28 15:41:00,2010-08-18 13:33:00,139.882,34,71,0.07042253521126761,1,1680.72,1
16639.0,490.47,1,241,31,2010-10-26 18:23:00,2010-10-26 18:23:00,490.47,36,0,1.0,1,1257.51,0
16640.0,179.4,1,146,13,2010-11-07 10:48:00,2010-11-07 10:48:00,179.4,24,0,1.0,1,0.0,0
16641.0,323.4,1,198,24,2010-01-07 12:22:00,2010-01-07 12:22:00,323.4,328,0,1.0,1,231.1,0
16642.0,389.12,1,296,20,2010-10-20 14:22:00,2010-10-20 14:22:00,389.12,42,0,1.0,1,688.33,0
16643.0,435.6,1,284,28,2010-10-13 09:47:00,2010-10-13 09:47:00,435.6,49,0,1.0,1,487.51,0
16645.0,160.39,1,117,14,2009-12-04 09:49:00,2009-12-04 09:49:00,160.39,362,0,1.0,1,0.0,0
16646.0,678.8,1,1072,29,2010-09-16 13:28:00,2010-09-16 13:28:00,678.8,76,0,1.0,1,0.0,0
16647.0,327.84,2,250,16,2010-09-23 14:33:00,2010-06-13 15:52:00,163.92,69,101,0.019801980198019802,1,214.06,0
16648.0,382.14,2,222,18,2010-09-10 11:59:00,2010-04-28 14:58:00,191.07,82,134,0.014925373134328358,1,290.66,0
16649.0,306.58,1,82,20,2010-07-07 15:41:00,2010-07-07 15:41:00,306.58,147,0,1.0,1,0.0,0
16650.0,1397.69,6,1139,53,2010-10-15 15:28:00,2010-07-08 14:18:00,232.94833333333335,47,99,0.06060606060606061,1,518.42,0
16651.0,136.2,1,60,6,2010-05-02 11:46:00,2010-05-02 11:46:00,136.2,213,0,1.0,1,0.0,0
16652.0,10776.42,9,4194,102,2010-10-31 15:33:00,2010-03-17 10:22:00,1197.38,31,228,0.039473684210526314,1,6773.97,1
16654.0,882.8000000000001,4,358,42,2010-09-29 12:39:00,2010-04-06 13:29:00,220.70000000000002,63,175,0.022857142857142857,1,601.27,0
16655.0,2633.74,7,1575,240,2010-10-24 14:59:00,2010-01-31 15:40:00,376.2485714285714,38,265,0.026415094339622643,1,3789.52,1
16656.0,8207.37,15,6539,16,2010-10-15 13:15:00,2009-12-04 12:59:00,547.158,47,315,0.047619047619047616,1,8625.8,1
16658.0,557.59,4,229,42,2010-09-29 14:27:00,2010-03-30 16:24:00,139.3975,63,182,0.02197802197802198,1,123.24,0
16660.0,611.9,3,420,5,2010-10-13 11:38:00,2010-01-14 11:09:00,203.96666666666667,49,272,0.011029411764705883,1,1267.65,0
16661.0,932.76,4,364,50,2010-06-17 15:24:00,2009-12-17 15:39:00,233.19,167,181,0.022099447513812154,1,0.0,0
16662.0,151.05,1,35,28,2010-11-10 16:56:00,2010-11-10 16:56:00,151.05,21,0,1.0,1,0.0,0
16663.0,165.0,1,100,1,2009-12-10 13:12:00,2009-12-10 13:12:00,165.0,356,0,1.0,1,0.0,0
16664.0,109.2,1,24,8,2010-05-19 17:11:00,2010-05-19 17:11:00,109.2,196,0,1.0,1,0.0,0
16666.0,98.73,1,121,15,2010-03-28 15:13:00,2010-03-28 15:13:00,98.73,248,0,1.0,1,118.98,0
16668.0,555.7,7,455,23,2010-11-17 11:12:00,2010-03-18 18:25:00,79.38571428571429,14,243,0.02880658436213992,1,306.72,0
16670.0,3934.25,9,1978,144,2010-11-11 17:07:00,2009-12-10 15:28:00,437.1388888888889,20,336,0.026785714285714284,1,4095.9,1
16673.0,171.13,1,95,19,2010-01-29 14:22:00,2010-01-29 14:22:00,171.13,306,0,1.0,1,0.0,0
16675.0,608.86,2,296,21,2010-09-24 12:15:00,2010-08-18 13:11:00,304.43,68,36,0.05555555555555555,1,0.0,0
16676.0,769.78,2,291,43,2010-11-02 19:19:00,2010-10-17 13:07:00,384.89,29,16,0.125,1,1592.12,1
16677.0,880.62,2,457,45,2010-10-24 14:53:00,2010-02-25 16:11:00,440.31,38,240,0.008333333333333333,1,0.0,0
16679.0,533.5600000000001,2,218,13,2010-11-10 13:11:00,2010-06-10 18:35:00,266.78000000000003,21,152,0.013157894736842105,1,129.75,0
16680.0,637.75,2,283,16,2010-06-29 14:52:00,2010-06-23 09:30:00,318.875,155,6,0.3333333333333333,1,183.7,0
16681.0,151.5,1,85,5,2010-03-08 14:10:00,2010-03-08 14:10:00,151.5,268,0,1.0,1,1770.3400000000001,1
16683.0,320.25,1,190,18,2010-06-24 10:36:00,2010-06-24 10:36:00,320.25,160,0,1.0,1,0.0,0
16684.0,80489.21,27,54555,124,2010-11-25 11:04:00,2009-12-07 12:56:00,2981.081851851852,6,352,0.07670454545454546,1,66653.56,1
16686.0,1921.19,9,1442,273,2010-11-15 14:49:00,2009-12-06 15:48:00,213.46555555555557,16,343,0.026239067055393587,1,2959.88,1
16687.0,157.63,1,141,8,2010-11-14 11:46:00,2010-11-14 11:46:00,157.63,17,0,1.0,1,0.0,0
16690.0,127.45,2,71,5,2010-11-11 16:15:00,2010-09-14 15:00:00,63.725,20,58,0.034482758620689655,1,225.58,0
16691.0,178.83,2,92,11,2010-10-17 15:03:00,2010-05-27 14:55:00,89.415,45,143,0.013986013986013986,1,0.0,0
16692.0,638.6999999999999,2,726,1,2010-10-27 10:29:00,2010-09-24 11:31:00,319.34999999999997,35,32,0.0625,1,1126.0,0
16693.0,701.62,3,455,98,2010-10-24 11:35:00,2010-02-21 12:42:00,233.87333333333333,38,244,0.012295081967213115,1,477.86,0
16694.0,98.30000000000001,1,26,3,2009-12-16 15:45:00,2009-12-16 15:45:00,98.30000000000001,350,0,1.0,1,0.0,0
16695.0,191.9,2,184,30,2010-05-27 12:36:00,2010-05-27 12:24:00,95.95,188,0,2.0,1,0.0,0
16699.0,994.6,7,640,51,2010-11-24 14:38:00,2009-12-04 13:31:00,142.0857142857143,7,355,0.01971830985915493,1,0.0,0
16700.0,3754.2200000000003,12,2620,129,2010-11-15 12:15:00,2009-12-02 10:51:00,312.8516666666667,16,348,0.034482758620689655,1,5076.55,1
16701.0,4518.43,13,4653,95,2010-10-12 18:16:00,2009-12-01 19:19:00,347.57153846153847,50,314,0.041401273885350316,1,5398.3,1
16702.0,1109.53,4,690,83,2010-10-20 14:10:00,2009-12-07 16:40:00,277.3825,42,316,0.012658227848101266,1,0.0,0
16704.0,664.16,2,433,50,2010-03-31 14:02:00,2010-02-05 14:14:00,332.08,245,53,0.03773584905660377,1,0.0,0
16705.0,29480.06,22,16825,313,2010-11-04 14:46:00,2009-12-09 13:34:00,1340.0027272727273,27,330,0.06666666666666667,1,14034.99,1
16707.0,533.41,4,396,64,2010-11-04 14:39:00,2010-03-09 15:16:00,133.3525,27,239,0.016736401673640166,1,0.0,0
16709.0,6026.14,9,2410,182,2010-11-25 12:28:00,2009-12-09 13:16:00,669.5711111111111,6,350,0.025714285714285714,1,3029.87,1
16710.0,3453.36,12,2351,364,2010-11-21 15:58:00,2009-12-04 13:41:00,287.78000000000003,10,352,0.03409090909090909,1,2467.9900000000002,1
16711.0,1217.45,4,379,10,2010-11-25 13:53:00,2009-12-02 13:22:00,304.3625,6,358,0.0111731843575419,1,1651.03,1
16712.0,621.5600000000001,2,344,69,2010-11-03 15:54:00,2010-11-03 15:45:00,310.78000000000003,28,0,2.0,1,3603.66,1
16713.0,7204.78,17,4211,345,2010-10-28 18:41:00,2009-12-15 12:49:00,423.8105882352941,34,317,0.05362776025236593,1,6910.78,1
16714.0,368.27,1,239,23,2010-02-07 11:17:00,2010-02-07 11:17:00,368.27,297,0,1.0,1,1114.06,0
16715.0,323.8,1,532,9,2010-05-26 12:35:00,2010-05-26 12:35:00,323.8,189,0,1.0,1,301.71999999999997,0
16716.0,1248.48,1,792,6,2010-03-19 11:05:00,2010-03-19 11:05:00,1248.48,257,0,1.0,1,901.2,0
16717.0,2820.6,8,1285,131,2010-11-24 10:51:00,2009-12-07 15:55:00,352.575,7,351,0.022792022792022793,1,3843.08,1
16718.0,2400.03,4,1517,82,2010-04-29 16:56:00,2009-12-06 13:07:00,600.0075,216,144,0.027777777777777776,1,606.0500000000001,0
16719.0,1738.4,7,1131,142,2010-11-14 15:05:00,2009-12-13 10:59:00,248.34285714285716,17,336,0.020833333333333332,1,1770.22,1
16720.0,413.79,2,274,106,2010-11-28 14:49:00,2009-12-17 17:54:00,206.895,3,345,0.005797101449275362,1,152.95,0
16722.0,3458.75,9,2985,93,2010-11-16 16:38:00,2009-12-03 19:23:00,384.30555555555554,15,347,0.025936599423631124,1,4730.81,1
16723.0,654.96,2,560,72,2010-09-22 11:05:00,2009-12-04 13:23:00,327.48,70,291,0.006872852233676976,1,576.4,0
16724.0,147.35,1,69,17,2010-10-31 11:40:00,2010-10-31 11:40:00,147.35,31,0,1.0,1,0.0,0
16725.0,929.99,7,412,157,2010-11-22 12:31:00,2009-12-13 15:54:00,132.8557142857143,9,343,0.02040816326530612,1,756.82,0
16726.0,705.14,2,378,68,2010-11-21 14:04:00,2010-10-24 16:09:00,352.57,10,27,0.07407407407407407,1,1358.74,1
16727.0,1121.45,3,899,132,2010-11-12 14:05:00,2010-01-20 10:48:00,373.81666666666666,19,296,0.010135135135135136,1,256.32,0
16731.0,170.3,1,124,40,2010-03-01 15:05:00,2010-03-01 15:05:00,170.3,275,0,1.0,1,0.0,0
16732.0,3783.89,3,2097,177,2010-11-01 13:33:00,2009-12-08 13:04:00,1261.2966666666666,30,328,0.009146341463414634,1,603.75,0
16733.0,259.68,1,112,12,2010-06-28 10:12:00,2010-06-28 10:12:00,259.68,156,0,1.0,1,0.0,0
16735.0,3970.0,9,2708,124,2010-11-11 15:25:00,2009-12-08 09:24:00,441.1111111111111,20,338,0.026627218934911243,1,2247.41,1
16736.0,2956.56,5,1050,116,2010-07-22 10:09:00,2009-12-03 16:12:00,591.312,132,230,0.021739130434782608,1,0.0,0
16737.0,417.6,1,288,1,2010-05-11 09:53:00,2010-05-11 09:53:00,417.6,204,0,1.0,1,417.6,0
16739.0,463.43,1,219,25,2010-06-21 09:38:00,2010-06-21 09:38:00,463.43,163,0,1.0,1,323.0,0
16740.0,226.91,1,110,30,2010-11-09 13:34:00,2010-11-09 13:34:00,226.91,22,0,1.0,1,0.0,0
16741.0,173.06,1,81,11,2010-03-24 15:15:00,2010-03-24 15:15:00,173.06,252,0,1.0,1,0.0,0
16742.0,2334.9700000000003,13,2557,50,2010-08-04 10:52:00,2009-12-16 17:22:00,179.61307692307693,119,230,0.05652173913043478,1,0.0,0
16743.0,1999.02,7,1672,71,2010-09-09 12:34:00,2010-04-22 13:21:00,285.57428571428574,83,139,0.050359712230215826,1,2213.13,1
16746.0,11364.94,24,7238,249,2010-11-21 10:38:00,2009-12-04 13:00:00,473.5391666666667,10,351,0.06837606837606838,1,6680.11,1
16748.0,2121.43,9,1247,39,2010-11-16 18:07:00,2009-12-10 12:28:00,235.71444444444444,15,341,0.026392961876832845,1,1515.9,1
16749.0,4157.88,2,1910,53,2010-04-27 13:06:00,2009-12-15 14:05:00,2078.94,218,132,0.015151515151515152,1,0.0,0
16754.0,63497.67,28,59271,38,2010-11-04 11:35:00,2010-03-08 11:32:00,2267.7739285714283,27,241,0.11618257261410789,1,2002.4,1
16755.0,1389.25,4,927,125,2010-08-29 15:45:00,2009-12-09 14:25:00,347.3125,94,263,0.015209125475285171,1,1475.43,1
16756.0,1072.97,6,601,53,2010-10-31 10:03:00,2010-03-09 15:56:00,178.82833333333335,31,235,0.02553191489361702,1,239.4,0
16757.0,163.65,1,99,8,2010-10-26 15:09:00,2010-10-26 15:09:00,163.65,36,0,1.0,1,106.83000000000001,0
16760.0,228.0,1,168,17,2010-10-05 15:55:00,2010-10-05 15:55:00,228.0,57,0,1.0,1,0.0,0
16763.0,352.85,1,173,21,2009-12-01 15:26:00,2009-12-01 15:26:00,352.85,365,0,1.0,1,611.8499999999999,0
16765.0,420.75,1,307,51,2010-11-22 13:42:00,2010-11-22 13:42:00,420.75,9,0,1.0,1,34.0,0
16767.0,2476.85,4,2676,74,2010-10-17 10:46:00,2010-04-28 16:49:00,619.2125,45,171,0.023391812865497075,1,5575.56,1
16768.0,1220.48,6,578,72,2010-11-21 11:06:00,2009-12-07 11:47:00,203.41333333333333,10,348,0.017241379310344827,1,478.09000000000003,0
16769.0,755.51,3,215,54,2010-08-18 14:43:00,2009-12-14 11:10:00,251.83666666666667,105,247,0.012145748987854251,1,361.54,0
16770.0,1021.83,4,596,132,2010-11-17 12:53:00,2010-08-22 16:08:00,255.4575,14,86,0.046511627906976744,1,757.1,0
16771.0,1690.49,5,815,137,2010-09-08 12:46:00,2009-12-09 11:52:00,338.098,84,273,0.018315018315018316,1,2230.61,1
16772.0,3698.05,3,687,54,2010-10-12 13:19:00,2009-12-18 10:50:00,1232.6833333333334,50,298,0.010067114093959731,1,0.0,0
16773.0,249.65,2,81,34,2010-09-29 15:47:00,2009-12-06 15:01:00,124.825,63,297,0.006734006734006734,1,171.59,0
16774.0,905.96,4,452,60,2010-10-12 14:42:00,2010-02-16 16:53:00,226.49,50,237,0.016877637130801686,1,661.52,0
16775.0,1129.33,5,518,73,2010-11-23 13:15:00,2010-09-23 17:34:00,225.86599999999999,8,60,0.08333333333333333,1,1691.51,1
16776.0,220.97,1,181,48,2010-10-20 12:13:00,2010-10-20 12:13:00,220.97,42,0,1.0,1,371.54,0
16777.0,1069.56,3,408,86,2010-10-22 09:06:00,2010-03-17 12:42:00,356.52,40,218,0.013761467889908258,1,222.62,0
16779.0,22197.31,31,14110,241,2010-11-26 11:36:00,2009-12-03 13:03:00,716.0422580645162,5,357,0.08683473389355742,1,10611.72,1
16780.0,174.16,1,82,37,2010-10-28 19:41:00,2010-10-28 19:41:00,174.16,33,0,1.0,1,422.24,0
16781.0,311.75,1,79,22,2010-02-08 13:56:00,2010-02-08 13:56:00,311.75,296,0,1.0,1,311.25,0
16782.0,7368.17,25,3322,551,2010-11-30 11:30:00,2009-12-09 11:58:00,294.7268,1,355,0.07042253521126761,1,2267.9500000000003,1
16783.0,391.95,1,163,25,2010-09-29 11:53:00,2010-09-29 11:53:00,391.95,63,0,1.0,1,0.0,0
16784.0,784.73,4,470,137,2010-11-28 11:57:00,2010-03-28 12:55:00,196.1825,3,244,0.01639344262295082,1,107.6,0
16785.0,533.78,1,313,35,2010-10-26 10:36:00,2010-10-26 10:36:00,533.78,36,0,1.0,1,0.0,0
16786.0,51.84,1,72,1,2010-11-11 08:25:00,2010-11-11 08:25:00,51.84,20,0,1.0,1,0.0,0
16787.0,1017.53,4,472,102,2010-11-07 11:01:00,2010-01-10 11:12:00,254.3825,24,300,0.013333333333333334,1,0.0,0
16788.0,1334.54,3,661,261,2010-10-31 13:35:00,2010-02-07 12:40:00,444.84666666666664,31,266,0.011278195488721804,1,592.74,0
16791.0,2251.85,8,1097,240,2010-11-21 12:21:00,2009-12-03 18:08:00,281.48125,10,352,0.022727272727272728,1,1693.03,1
16792.0,513.08,3,280,83,2010-11-21 12:11:00,2010-01-04 13:47:00,171.02666666666667,10,320,0.009375,1,110.38,0
16794.0,856.1999999999999,5,653,151,2010-11-24 12:45:00,2010-03-25 15:17:00,171.23999999999998,7,243,0.0205761316872428,1,1194.48,0
16795.0,1647.53,2,975,255,2010-10-19 15:33:00,2010-01-25 13:14:00,823.765,43,267,0.00749063670411985,1,414.88,0
16797.0,1802.02,5,898,289,2010-11-11 19:14:00,2009-12-02 13:33:00,360.404,20,344,0.014534883720930232,1,0.0,0
16798.0,841.16,3,205,141,2010-06-03 19:01:00,2009-12-10 19:35:00,280.38666666666666,181,174,0.017241379310344827,1,0.0,0
16799.0,452.78000000000003,2,162,81,2010-10-03 14:28:00,2010-09-12 12:46:00,226.39000000000001,59,21,0.09523809523809523,1,0.0,0
16802.0,582.61,2,369,48,2010-01-29 13:44:00,2009-12-09 13:00:00,291.305,306,51,0.0392156862745098,1,0.0,0
16805.0,615.75,2,580,138,2010-05-11 15:03:00,2009-12-14 15:17:00,307.875,204,147,0.013605442176870748,1,460.59000000000003,0
16807.0,1002.29,3,655,62,2010-08-26 14:29:00,2010-03-26 14:38:00,334.09666666666664,97,152,0.019736842105263157,1,1121.59,0
16809.0,812.74,4,441,68,2010-10-03 15:55:00,2010-04-13 15:34:00,203.185,59,173,0.023121387283236993,1,914.69,0
16810.0,532.5,1,258,19,2010-10-15 15:32:00,2010-10-15 15:32:00,532.5,47,0,1.0,1,309.54,0
16812.0,1912.65,3,1035,90,2010-11-26 10:24:00,2010-11-22 14:36:00,637.5500000000001,5,3,1.0,1,479.35,0
16814.0,5508.150000000001,15,2147,174,2010-11-19 12:42:00,2010-04-11 12:45:00,367.21000000000004,12,221,0.06787330316742081,1,6406.8,1
16815.0,406.02,2,237,66,2010-09-12 10:59:00,2010-06-21 12:05:00,203.01,80,82,0.024390243902439025,1,0.0,0
16817.0,955.95,4,579,45,2010-11-30 10:10:00,2010-10-04 09:06:00,238.9875,1,57,0.07017543859649122,1,1604.75,1
16819.0,182.59,2,253,17,2010-08-31 17:37:00,2010-08-31 17:31:00,91.295,92,0,2.0,1,0.0,0
16821.0,113.35,1,13,7,2010-11-23 10:04:00,2010-11-23 10:04:00,113.35,8,0,1.0,1,0.0,0
16822.0,181.39,1,171,11,2010-01-22 14:22:00,2010-01-22 14:22:00,181.39,313,0,1.0,1,0.0,0
16823.0,1884.71,6,1030,118,2010-11-17 16:46:00,2009-12-02 09:57:00,314.11833333333334,14,350,0.017142857142857144,1,358.38,0
16824.0,225.6,1,154,13,2010-11-11 12:21:00,2010-11-11 12:21:00,225.6,20,0,1.0,1,460.64,0
16825.0,1051.71,3,731,32,2010-11-26 16:22:00,2010-06-23 13:14:00,350.57,5,156,0.019230769230769232,1,775.18,0
16827.0,387.18,5,124,9,2010-11-11 14:04:00,2010-04-29 19:07:00,77.436,20,195,0.02564102564102564,1,0.0,0
16829.0,316.1,1,116,16,2010-11-16 18:11:00,2010-11-16 18:11:00,316.1,15,0,1.0,1,197.22,0
16830.0,881.59,3,435,47,2010-09-23 12:37:00,2009-12-13 12:11:00,293.86333333333334,69,284,0.01056338028169014,1,325.91,0
16831.0,91.8,1,48,6,2010-05-24 09:08:00,2010-05-24 09:08:00,91.8,191,0,1.0,1,0.0,0
16832.0,218.46,2,146,8,2010-10-07 08:35:00,2010-09-07 12:35:00,109.23,55,29,0.06896551724137931,1,199.15,0
16833.0,1302.51,2,438,44,2010-09-26 11:23:00,2010-03-26 15:31:00,651.255,66,183,0.01092896174863388,1,1106.53,0
16834.0,485.5,1,402,24,2010-02-03 14:24:00,2010-02-03 14:24:00,485.5,301,0,1.0,1,413.46,0
16835.0,1275.81,4,435,52,2010-11-17 10:31:00,2010-05-19 08:41:00,318.9525,14,182,0.02197802197802198,1,180.85,0
16836.0,530.5,2,374,31,2010-10-29 12:48:00,2010-05-14 12:52:00,265.25,33,167,0.011976047904191617,1,251.87,0
16838.0,570.76,2,324,31,2010-06-27 14:49:00,2010-02-14 15:27:00,285.38,157,132,0.015151515151515152,1,588.85,0
16839.0,5163.9,10,2320,47,2010-11-24 12:49:00,2010-02-11 15:02:00,516.39,7,285,0.03508771929824561,1,16594.35,1
16840.0,139.85,2,117,9,2010-04-15 15:48:00,2010-02-03 12:42:00,69.925,230,71,0.028169014084507043,1,0.0,0
16841.0,2136.2400000000002,6,1228,92,2010-10-07 15:45:00,2010-01-12 11:32:00,356.04,55,268,0.022388059701492536,1,1869.82,1
16843.0,9374.86,19,8343,138,2010-10-13 10:31:00,2009-12-10 11:40:00,493.41368421052636,49,306,0.06209150326797386,1,10196.57,1
16844.0,614.34,2,281,26,2010-05-26 10:29:00,2010-05-06 09:16:00,307.17,189,20,0.1,1,0.0,0
16845.0,253.88,1,167,20,2010-03-31 13:09:00,2010-03-31 13:09:00,253.88,245,0,1.0,1,0.0,0
16846.0,628.09,2,382,36,2010-05-11 13:45:00,2010-03-10 12:03:00,314.045,204,62,0.03225806451612903,1,214.32,0
16847.0,421.45,1,177,25,2010-03-31 13:32:00,2010-03-31 13:32:00,421.45,245,0,1.0,1,193.44,0
16848.0,1130.2,3,598,64,2010-11-28 12:38:00,2010-10-03 11:01:00,376.73333333333335,3,56,0.05357142857142857,1,281.42,0
16854.0,1408.96,2,997,72,2010-10-18 16:31:00,2010-03-09 14:32:00,704.48,44,223,0.008968609865470852,1,0.0,0
16856.0,323.09000000000003,2,159,15,2010-10-18 11:54:00,2010-09-23 13:11:00,161.54500000000002,44,24,0.08333333333333333,1,35.400000000000006,0
16857.0,352.8,1,168,11,2010-09-23 10:49:00,2010-09-23 10:49:00,352.8,69,0,1.0,1,0.0,0
16858.0,3916.9,9,1332,75,2010-10-29 12:37:00,2009-12-15 11:09:00,435.2111111111111,33,318,0.02830188679245283,1,375.69000000000005,0
16859.0,1184.6,5,1072,46,2010-10-19 09:07:00,2010-03-04 12:37:00,236.92,43,228,0.021929824561403508,1,747.81,0
16860.0,1610.62,3,625,35,2010-09-13 10:05:00,2010-02-15 13:46:00,536.8733333333333,79,209,0.014354066985645933,1,0.0,0
16861.0,772.83,3,476,38,2010-11-14 13:54:00,2010-07-19 11:44:00,257.61,17,118,0.025423728813559324,1,173.76,0
16862.0,662.33,4,513,34,2010-06-10 13:05:00,2010-01-07 12:57:00,165.5825,174,154,0.025974025974025976,1,0.0,0
16863.0,331.47,1,231,21,2010-10-26 10:03:00,2010-10-26 10:03:00,331.47,36,0,1.0,1,502.8,0
16864.0,409.25,2,283,17,2010-10-01 16:16:00,2010-04-20 11:56:00,204.625,61,164,0.012195121951219513,1,0.0,0
16865.0,130.95,1,157,15,2010-11-03 11:34:00,2010-11-03 11:34:00,130.95,28,0,1.0,1,0.0,0
16867.0,76.74000000000001,1,58,6,2010-01-19 09:11:00,2010-01-19 09:11:00,76.74000000000001,316,0,1.0,1,0.0,0
16868.0,384.56,3,112,47,2010-11-10 13:17:00,2010-04-25 11:31:00,128.18666666666667,21,199,0.01507537688442211,1,0.0,0
16870.0,450.16,1,278,28,2010-08-27 13:53:00,2010-08-27 13:53:00,450.16,96,0,1.0,1,0.0,0
16872.0,533.11,3,479,9,2010-10-08 15:20:00,2010-09-02 17:36:00,177.70333333333335,54,35,0.08571428571428572,1,680.02,0
16873.0,7493.77,6,4761,118,2010-10-06 15:34:00,2010-02-09 14:17:00,1248.9616666666668,56,239,0.02510460251046025,1,7123.62,1
16874.0,209.89000000000001,1,78,31,2010-11-25 13:08:00,2010-11-25 13:08:00,209.89000000000001,6,0,1.0,1,0.0,0
16875.0,2139.0,6,1030,90,2010-09-28 17:11:00,2010-01-05 09:16:00,356.5,64,266,0.022556390977443608,1,2095.53,1
16876.0,136.01,1,181,32,2010-11-01 11:59:00,2010-11-01 11:59:00,136.01,30,0,1.0,1,0.0,0
16880.0,321.78000000000003,1,158,9,2010-08-03 13:54:00,2010-08-03 13:54:00,321.78000000000003,120,0,1.0,1,1491.43,1
16883.0,1973.58,17,913,130,2010-08-15 12:35:00,2009-12-04 12:07:00,116.09294117647059,108,254,0.06692913385826772,1,272.48,0
16884.0,641.13,2,200,39,2010-06-01 12:45:00,2010-05-18 12:00:00,320.565,183,14,0.14285714285714285,1,429.84,0
16885.0,232.94,1,179,39,2010-11-19 12:51:00,2010-11-19 12:51:00,232.94,12,0,1.0,1,450.41,0
16886.0,134.0,1,48,8,2010-09-09 15:08:00,2010-09-09 15:08:00,134.0,83,0,1.0,1,0.0,0
16887.0,465.84000000000003,2,267,65,2010-11-04 11:29:00,2009-12-01 13:41:00,232.92000000000002,27,337,0.005934718100890208,1,192.32999999999998,0
16888.0,434.2,3,145,44,2010-11-04 12:39:00,2010-01-07 13:07:00,144.73333333333332,27,300,0.01,1,0.0,0
16889.0,947.98,3,686,72,2010-11-07 10:46:00,2010-05-23 10:46:00,315.99333333333334,24,168,0.017857142857142856,1,1578.67,1
16890.0,277.91,3,241,16,2010-08-20 11:23:00,2010-05-06 16:27:00,92.63666666666667,103,105,0.02857142857142857,1,0.0,0
16891.0,985.51,6,387,196,2010-08-18 12:34:00,2009-12-04 12:37:00,164.25166666666667,105,256,0.0234375,1,742.43,0
16892.0,236.56,2,131,38,2010-06-03 15:17:00,2009-12-08 14:20:00,118.28,181,177,0.011299435028248588,1,518.19,0
16893.0,103.54,1,54,40,2010-11-28 15:14:00,2010-11-28 15:14:00,103.54,3,0,1.0,1,145.93,0
16894.0,1306.96,3,503,186,2010-07-25 15:43:00,2010-06-22 14:21:00,435.65333333333336,129,33,0.09090909090909091,1,0.0,0
16895.0,900.63,4,330,82,2010-09-27 11:13:00,2010-02-12 11:07:00,225.1575,65,227,0.01762114537444934,1,202.27,0
16896.0,103.95,1,18,18,2010-06-02 15:40:00,2010-06-02 15:40:00,103.95,182,0,1.0,1,0.0,0
16898.0,384.18,2,283,82,2010-10-20 13:00:00,2010-05-12 12:18:00,192.09,42,161,0.012422360248447204,1,501.03000000000003,0
16899.0,424.71000000000004,2,291,42,2010-11-26 11:28:00,2010-11-07 15:00:00,212.35500000000002,5,18,0.1111111111111111,1,1271.06,1
16901.0,204.26,1,42,23,2009-12-10 16:30:00,2009-12-10 16:30:00,204.26,356,0,1.0,1,0.0,0
16903.0,678.55,2,470,107,2010-11-24 14:55:00,2010-10-20 14:42:00,339.275,7,35,0.05714285714285714,1,363.2,0
16904.0,1021.61,5,623,178,2010-11-26 15:43:00,2010-10-24 16:03:00,204.322,5,32,0.15625,1,3634.95,1
16905.0,1666.67,10,530,72,2010-11-22 10:22:00,2009-12-10 20:04:00,166.667,9,346,0.028901734104046242,1,3037.6,1
16906.0,850.48,3,326,115,2010-10-07 15:01:00,2010-05-13 13:23:00,283.49333333333334,55,147,0.02040816326530612,1,559.59,0
16907.0,542.13,4,165,48,2010-11-18 18:16:00,2010-07-01 17:30:00,135.5325,13,140,0.02857142857142857,1,928.76,0
16908.0,252.59,1,61,20,2009-12-17 13:35:00,2009-12-17 13:35:00,252.59,349,0,1.0,1,0.0,0
16911.0,255.25,2,161,30,2010-03-14 12:18:00,2010-02-16 16:12:00,127.625,262,25,0.08,1,0.0,0
16912.0,1904.93,4,664,63,2010-10-14 14:11:00,2009-12-09 12:32:00,476.2325,48,309,0.012944983818770227,1,2555.58,1
16913.0,310.47,2,147,10,2010-02-26 12:09:00,2010-02-26 12:06:00,155.235,278,0,2.0,1,113.44,0
16915.0,921.5,5,58,11,2010-11-18 08:31:00,2010-05-19 13:32:00,184.3,13,182,0.027472527472527472,1,621.6800000000001,0
16916.0,333.71,2,216,56,2010-11-01 13:41:00,2010-10-20 12:56:00,166.855,30,12,0.16666666666666666,1,562.41,0
16917.0,1460.3600000000001,1,560,37,2010-03-17 15:24:00,2010-03-17 15:24:00,1460.3600000000001,259,0,1.0,1,391.52,0
16918.0,2137.72,10,1345,218,2010-10-13 15:37:00,2009-12-03 12:27:00,213.772,49,314,0.03184713375796178,1,1068.82,0
16919.0,2317.41,13,930,131,2010-11-15 13:24:00,2010-08-19 15:28:00,178.26230769230767,16,87,0.14942528735632185,1,2592.25,1
16920.0,355.45,1,81,23,2010-10-24 14:07:00,2010-10-24 14:07:00,355.45,38,0,1.0,1,0.0,0
16921.0,255.03,2,121,28,2010-09-23 14:08:00,2010-04-18 15:34:00,127.515,69,157,0.012738853503184714,1,154.18,0
16922.0,611.08,1,281,122,2010-05-16 11:24:00,2010-05-16 11:24:00,611.08,199,0,1.0,1,0.0,0
16923.0,6088.05,13,2846,227,2010-11-29 13:59:00,2010-01-31 11:14:00,468.3115384615385,2,302,0.04304635761589404,1,7069.08,1
16925.0,125.65,1,123,18,2010-06-17 15:03:00,2010-06-17 15:03:00,125.65,167,0,1.0,1,0.0,0
16926.0,939.36,4,162,57,2010-09-09 14:25:00,2010-07-01 12:57:00,234.84,83,70,0.05714285714285714,1,230.25,0
16928.0,991.3299999999999,9,472,83,2010-11-28 16:08:00,2010-02-03 12:30:00,110.14777777777778,3,298,0.030201342281879196,1,2806.75,1
16931.0,477.35,2,223,53,2010-11-24 12:42:00,2010-11-07 13:24:00,238.675,7,16,0.125,1,4554.87,1
16932.0,262.32,2,135,77,2010-10-12 14:14:00,2010-05-17 14:15:00,131.16,50,147,0.013605442176870748,1,150.23000000000002,0
16933.0,2536.07,7,1245,182,2010-11-15 14:36:00,2009-12-09 15:03:00,362.2957142857143,16,340,0.020588235294117647,1,563.23,0
16934.0,1152.1100000000001,4,539,77,2010-11-21 11:39:00,2010-03-28 12:43:00,288.02750000000003,10,237,0.016877637130801686,1,931.03,0
16935.0,530.86,3,273,55,2010-11-23 09:16:00,2010-10-14 13:09:00,176.95333333333335,8,39,0.07692307692307693,1,0.0,0
16936.0,286.39,1,168,81,2010-11-19 11:54:00,2010-11-19 11:54:00,286.39,12,0,1.0,1,261.9,0
16937.0,196.25,1,123,49,2010-07-28 17:56:00,2010-07-28 17:56:00,196.25,126,0,1.0,1,0.0,0
16938.0,4283.68,5,2508,426,2010-11-23 13:01:00,2010-02-17 14:47:00,856.7360000000001,8,278,0.017985611510791366,1,2711.6800000000003,1
16939.0,433.84999999999997,3,229,38,2010-08-08 12:24:00,2010-02-28 13:33:00,144.61666666666665,115,160,0.01875,1,0.0,0
16940.0,3377.78,5,2334,220,2010-09-15 12:53:00,2009-12-08 13:08:00,675.556,77,280,0.017857142857142856,1,3049.88,1
16941.0,33.0,1,12,2,2010-04-07 11:13:00,2010-04-07 11:13:00,33.0,238,0,1.0,1,0.0,0
16944.0,101.36,1,27,7,2010-04-09 11:03:00,2010-04-09 11:03:00,101.36,236,0,1.0,1,0.0,0
16945.0,4202.66,14,3164,159,2010-11-11 12:19:00,2009-12-09 11:33:00,300.19,20,337,0.04154302670623145,1,4345.5,1
16946.0,1222.04,5,509,69,2010-11-21 14:06:00,2010-03-02 10:49:00,244.408,10,264,0.01893939393939394,1,0.0,0
16947.0,540.23,3,342,29,2010-09-03 12:22:00,2010-03-03 10:54:00,180.07666666666668,89,184,0.016304347826086956,1,406.48,0
16948.0,433.75,4,477,15,2010-10-06 13:08:00,2010-02-21 13:48:00,108.4375,56,226,0.017699115044247787,1,435.02,0
16950.0,2355.21,7,1780,81,2010-11-14 12:50:00,2010-01-24 11:26:00,336.4585714285714,17,294,0.023809523809523808,1,1178.56,0
16952.0,628.22,3,251,61,2010-09-24 15:35:00,2009-12-11 13:52:00,209.40666666666667,68,287,0.010452961672473868,1,167.61,0
16954.0,3996.7999999999997,11,3032,71,2010-11-25 14:57:00,2010-01-18 14:49:00,363.3454545454545,6,311,0.03536977491961415,1,2085.08,1
16955.0,601.64,2,457,21,2010-06-03 12:36:00,2010-01-31 11:38:00,300.82,181,123,0.016260162601626018,1,518.67,0
16958.0,778.49,1,514,69,2010-09-30 14:25:00,2010-09-30 14:25:00,778.49,62,0,1.0,1,0.0,0
16960.0,1483.83,5,1188,267,2010-11-14 12:17:00,2010-03-02 13:36:00,296.76599999999996,17,256,0.01953125,1,505.1,0
16961.0,560.39,2,357,38,2010-11-16 16:37:00,2010-06-25 14:36:00,280.195,15,144,0.013888888888888888,1,234.17000000000002,0
16962.0,251.04,1,158,15,2010-10-26 11:36:00,2010-10-26 11:36:00,251.04,36,0,1.0,1,0.0,0
16964.0,207.85,2,49,6,2009-12-06 12:53:00,2009-12-06 12:51:00,103.925,360,0,2.0,1,0.0,0
16970.0,71.4,1,12,2,2010-03-23 13:50:00,2010-03-23 13:50:00,71.4,253,0,1.0,1,0.0,0
16972.0,749.0,2,183,54,2010-11-22 10:59:00,2010-09-09 11:20:00,374.5,9,73,0.0273972602739726,1,0.0,0
16973.0,127.0,1,60,6,2010-11-18 13:56:00,2010-11-18 13:56:00,127.0,13,0,1.0,1,0.0,0
16974.0,365.5,2,70,5,2010-07-05 10:18:00,2010-05-24 10:43:00,182.75,149,41,0.04878048780487805,1,0.0,0
16975.0,926.12,3,586,44,2010-10-12 17:53:00,2010-07-22 11:38:00,308.70666666666665,50,82,0.036585365853658534,1,0.0,0
16977.0,496.0,4,142,25,2010-11-09 13:17:00,2010-03-18 11:06:00,124.0,22,236,0.01694915254237288,1,0.0,0
16978.0,424.55,2,119,28,2010-02-11 16:33:00,2010-02-11 16:27:00,212.275,293,0,2.0,1,344.33,0
16979.0,1007.74,3,586,32,2010-11-21 13:23:00,2010-09-15 14:30:00,335.91333333333336,10,66,0.045454545454545456,1,1852.0,1
16980.0,394.37,1,251,25,2010-10-07 14:05:00,2010-10-07 14:05:00,394.37,55,0,1.0,1,1028.46,0
16983.0,1584.66,4,980,63,2010-11-28 12:54:00,2010-09-19 12:38:00,396.165,3,70,0.05714285714285714,1,1905.87,1
16984.0,5891.01,7,2747,476,2010-10-31 16:26:00,2010-03-07 15:34:00,841.5728571428572,31,238,0.029411764705882353,1,4459.52,1
16985.0,5459.04,13,1271,87,2010-11-28 12:12:00,2009-12-10 13:34:00,419.92615384615385,3,352,0.036931818181818184,1,5464.12,1
16986.0,3015.55,9,1499,64,2010-09-20 15:00:00,2010-02-04 14:46:00,335.06111111111113,72,228,0.039473684210526314,1,1873.2,1
16987.0,882.65,4,269,104,2010-11-28 15:24:00,2009-12-02 14:34:00,220.6625,3,361,0.0110803324099723,1,1616.8,1
16988.0,256.55,1,115,13,2010-11-25 09:22:00,2010-11-25 09:22:00,256.55,6,0,1.0,1,126.12,0
16990.0,165.0,1,100,1,2010-10-13 11:42:00,2010-10-13 11:42:00,165.0,49,0,1.0,1,179.0,0
16991.0,1041.21,1,793,74,2010-10-14 14:08:00,2010-10-14 14:08:00,1041.21,48,0,1.0,1,0.0,0
16992.0,3862.19,8,1201,154,2010-11-17 15:21:00,2010-02-11 12:36:00,482.77375,14,279,0.02867383512544803,1,1614.31,1
16993.0,1950.95,2,285,19,2010-09-02 12:16:00,2010-05-12 13:55:00,975.475,90,112,0.017857142857142856,1,0.0,0
16996.0,666.6500000000001,3,375,28,2010-11-22 14:33:00,2010-10-18 12:24:00,222.2166666666667,9,35,0.08571428571428572,1,1456.96,1
16998.0,107.0,1,28,2,2010-09-21 14:39:00,2010-09-21 14:39:00,107.0,71,0,1.0,1,295.0,0
17000.0,406.3,2,305,26,2010-11-08 13:35:00,2010-10-27 14:16:00,203.15,23,11,0.18181818181818182,1,0.0,0
17001.0,2651.23,8,1618,60,2010-11-28 12:25:00,2010-03-25 12:41:00,331.40375,3,247,0.032388663967611336,1,3989.57,1
17002.0,1077.82,4,586,32,2010-09-22 13:51:00,2010-03-08 15:46:00,269.455,70,197,0.02030456852791878,1,1493.73,1
17003.0,828.21,4,494,90,2010-11-02 13:15:00,2010-05-10 11:20:00,207.0525,29,176,0.022727272727272728,1,0.0,0
17004.0,1012.22,2,462,21,2010-11-12 13:17:00,2010-10-11 15:43:00,506.11,19,31,0.06451612903225806,1,1312.1399999999999,1
17005.0,622.36,2,691,14,2010-08-26 10:57:00,2010-04-30 10:55:00,311.18,97,118,0.01694915254237288,1,0.0,0
17006.0,853.49,4,300,77,2010-11-12 13:43:00,2010-03-05 13:33:00,213.3725,19,252,0.015873015873015872,1,781.78,0
17007.0,230.17000000000002,1,120,15,2010-09-28 13:51:00,2010-09-28 13:51:00,230.17000000000002,64,0,1.0,1,889.9300000000001,0
17008.0,81.36,1,24,1,2010-10-06 15:19:00,2010-10-06 15:19:00,81.36,56,0,1.0,1,0.0,0
17009.0,242.06,1,336,10,2010-06-06 16:01:00,2010-06-06 16:01:00,242.06,178,0,1.0,1,0.0,0
17011.0,400.8,2,606,12,2010-03-02 13:50:00,2010-02-26 09:47:00,200.4,274,4,0.5,1,270.9,0
17012.0,360.61,1,251,34,2009-12-14 17:34:00,2009-12-14 17:34:00,360.61,352,0,1.0,1,0.0,0
17016.0,552.4,1,309,41,2010-05-12 12:32:00,2010-05-12 12:32:00,552.4,203,0,1.0,1,0.0,0
17017.0,3882.73,9,2724,71,2010-11-24 16:18:00,2009-12-03 13:22:00,431.4144444444444,7,356,0.025280898876404494,1,8694.26,1
17018.0,1367.6,4,280,16,2010-11-17 14:23:00,2009-12-05 10:27:00,341.9,14,347,0.011527377521613832,1,920.1,0
17019.0,2328.91,7,1570,262,2010-11-29 14:38:00,2009-12-02 11:52:00,332.70142857142855,2,362,0.019337016574585635,1,1258.08,0
17020.0,935.62,2,860,64,2010-06-15 13:06:00,2010-03-03 12:27:00,467.81,169,104,0.019230769230769232,1,0.0,0
17021.0,1182.22,6,992,35,2010-09-23 20:01:00,2010-04-29 20:05:00,197.03666666666666,68,146,0.0410958904109589,1,0.0,0
17022.0,189.0,1,72,9,2010-10-03 10:27:00,2010-10-03 10:27:00,189.0,59,0,1.0,1,71.0,0
17023.0,800.1800000000001,3,530,48,2010-10-18 15:37:00,2010-01-11 15:09:00,266.7266666666667,44,280,0.010714285714285714,1,0.0,0
17025.0,991.9,2,650,28,2010-10-25 15:30:00,2010-03-08 13:37:00,495.95,37,231,0.008658008658008658,1,357.77,0
17026.0,21.0,1,10,1,2010-10-18 15:22:00,2010-10-18 15:22:00,21.0,44,0,1.0,1,154.83,0
17027.0,433.07,3,229,29,2010-09-19 14:11:00,2009-12-10 12:10:00,144.35666666666665,73,283,0.01060070671378092,1,877.5600000000001,0
17028.0,1593.83,3,856,85,2010-05-07 15:33:00,2009-12-18 14:28:00,531.2766666666666,208,140,0.02142857142857143,1,0.0,0
17029.0,1421.3,5,865,19,2010-11-22 10:46:00,2010-02-14 10:19:00,284.26,9,281,0.017793594306049824,1,716.0,0
17031.0,2393.5,4,1360,22,2010-11-26 15:17:00,2010-05-07 14:52:00,598.375,5,203,0.019704433497536946,1,380.35,0
17032.0,2896.69,5,1664,180,2010-04-15 14:14:00,2009-12-10 15:36:00,579.338,230,125,0.04,1,0.0,0
17033.0,302.65000000000003,1,121,12,2010-11-07 12:55:00,2010-11-07 12:55:00,302.65000000000003,24,0,1.0,1,1030.14,0
17034.0,530.9,2,284,26,2010-10-26 14:00:00,2010-07-14 12:55:00,265.45,36,104,0.019230769230769232,1,745.52,0
17035.0,180.06,2,98,4,2010-04-27 14:11:00,2009-12-03 10:37:00,90.03,218,145,0.013793103448275862,1,433.53000000000003,0
17036.0,176.9,1,76,12,2010-11-21 14:26:00,2010-11-21 14:26:00,176.9,10,0,1.0,1,0.0,0
17038.0,630.77,1,507,41,2010-10-20 16:04:00,2010-10-20 16:04:00,630.77,42,0,1.0,1,112.4,0
17039.0,1954.99,1,689,44,2010-04-14 12:56:00,2010-04-14 12:56:00,1954.99,231,0,1.0,1,0.0,0
17040.0,13.52,1,8,1,2010-06-07 15:08:00,2010-06-07 15:08:00,13.52,177,0,1.0,1,449.73,0
17041.0,583.71,3,376,48,2010-11-07 12:56:00,2010-04-18 14:25:00,194.57000000000002,24,202,0.01485148514851485,1,1071.49,0
17043.0,858.47,4,618,87,2010-11-29 15:06:00,2009-12-09 15:20:00,214.6175,2,354,0.011299435028248588,1,1735.18,1
17044.0,11013.82,11,5218,91,2010-11-30 10:48:00,2009-12-07 12:25:00,1001.2563636363636,1,357,0.03081232492997199,1,948.48,0
17045.0,488.24,2,188,28,2010-11-28 13:09:00,2010-10-06 14:52:00,244.12,3,52,0.038461538461538464,1,339.44,0
17046.0,1264.05,4,1126,57,2010-09-21 13:40:00,2010-03-29 13:46:00,316.0125,71,175,0.022857142857142857,1,642.02,0
17047.0,1188.33,3,651,71,2010-10-04 09:14:00,2009-12-08 08:48:00,396.10999999999996,58,300,0.01,1,1100.9,0
17048.0,1146.33,4,583,52,2010-09-28 16:50:00,2010-01-18 13:55:00,286.5825,64,253,0.015810276679841896,1,925.35,0
17049.0,4287.5,10,1600,157,2010-11-29 13:00:00,2010-03-04 10:23:00,428.75,2,270,0.037037037037037035,1,5655.03,1
17050.0,1462.95,5,837,27,2010-11-29 17:20:00,2010-01-26 14:54:00,292.59000000000003,2,307,0.016286644951140065,1,3185.64,1
17051.0,465.6,3,328,92,2010-09-19 15:09:00,2010-03-21 14:55:00,155.20000000000002,73,182,0.016483516483516484,1,240.89,0
17055.0,232.85000000000002,1,83,24,2010-09-20 12:21:00,2010-09-20 12:21:00,232.85000000000002,72,0,1.0,1,0.0,0
17056.0,128.60000000000002,1,26,8,2009-12-01 12:55:00,2009-12-01 12:55:00,128.60000000000002,365,0,1.0,1,0.0,0
17057.0,288.79,1,122,47,2010-04-22 19:21:00,2010-04-22 19:21:00,288.79,223,0,1.0,1,0.0,0
17059.0,1784.18,4,1257,132,2010-07-28 12:51:00,2010-01-26 14:43:00,446.045,126,182,0.02197802197802198,1,3080.39,1
17062.0,356.42,2,226,48,2010-11-07 11:55:00,2010-09-26 11:57:00,178.21,24,41,0.04878048780487805,1,528.29,0
17063.0,2177.39,6,1129,100,2010-10-28 15:59:00,2009-12-01 12:36:00,362.8983333333333,34,331,0.01812688821752266,1,1461.14,1
17065.0,194.7,2,82,6,2010-03-12 11:41:00,2010-03-12 11:40:00,97.35,264,0,2.0,1,0.0,0
17066.0,228.34,1,93,17,2009-12-13 13:24:00,2009-12-13 13:24:00,228.34,353,0,1.0,1,0.0,0
17067.0,454.54,3,322,8,2009-12-15 08:39:00,2009-12-08 12:03:00,151.51333333333335,351,6,0.5,1,0.0,0
17068.0,4434.29,26,2186,201,2010-11-25 13:18:00,2010-03-28 14:26:00,170.54961538461538,6,241,0.1078838174273859,1,4545.89,1
17069.0,2807.53,5,1724,118,2010-11-24 12:53:00,2009-12-03 12:27:00,561.5060000000001,7,356,0.014044943820224719,1,2709.7000000000003,1
17070.0,133.18,1,101,41,2010-10-25 15:57:00,2010-10-25 15:57:00,133.18,37,0,1.0,1,304.24,0
17071.0,1364.68,4,737,57,2010-11-23 11:47:00,2010-01-24 13:05:00,341.17,8,302,0.013245033112582781,1,2429.03,1
17072.0,273.35,1,212,20,2010-03-24 16:33:00,2010-03-24 16:33:00,273.35,252,0,1.0,1,0.0,0
17074.0,203.05,1,19,4,2010-05-26 12:04:00,2010-05-26 12:04:00,203.05,189,0,1.0,1,0.0,0
17075.0,1402.51,6,493,100,2010-10-06 13:24:00,2009-12-14 11:24:00,233.75166666666667,56,296,0.02027027027027027,1,834.12,0
17076.0,401.67,3,219,22,2010-11-12 10:51:00,2009-12-04 12:12:00,133.89000000000001,19,342,0.008771929824561403,1,841.0799999999999,0
17077.0,306.0,1,36,1,2010-05-10 16:36:00,2010-05-10 16:36:00,306.0,205,0,1.0,1,0.0,0
17080.0,669.91,5,403,19,2010-11-25 17:55:00,2010-07-01 16:03:00,133.982,6,147,0.034013605442176874,1,287.62,0
17081.0,660.48,4,304,121,2010-11-09 12:44:00,2010-02-22 13:19:00,165.12,22,259,0.015444015444015444,1,288.91,0
17082.0,2728.18,4,1477,65,2010-11-10 09:19:00,2009-12-15 11:25:00,682.045,21,329,0.0121580547112462,1,2003.8500000000001,1
17083.0,2644.01,6,1183,26,2010-10-26 08:41:00,2010-02-09 11:46:00,440.66833333333335,36,258,0.023255813953488372,1,1405.78,1
17084.0,2253.22,1,1476,132,2010-11-08 14:20:00,2010-11-08 14:20:00,2253.22,23,0,1.0,1,2747.9900000000002,1
17085.0,6276.87,23,2768,372,2010-11-28 11:49:00,2009-12-06 12:16:00,272.9073913043478,3,356,0.06460674157303371,1,1562.4,1
17087.0,221.53,1,113,12,2009-12-02 10:41:00,2009-12-02 10:41:00,221.53,364,0,1.0,1,0.0,0
17089.0,128.45,1,35,4,2010-11-18 15:33:00,2010-11-18 15:33:00,128.45,13,0,1.0,1,0.0,0
17090.0,1105.53,6,441,17,2010-11-30 10:49:00,2010-07-19 16:02:00,184.255,1,133,0.045112781954887216,1,1974.65,1
17091.0,3667.9900000000002,10,1986,164,2010-11-04 15:30:00,2009-12-16 15:45:00,366.79900000000004,27,322,0.031055900621118012,1,3827.76,1
17092.0,3737.38,7,2638,192,2010-09-28 14:27:00,2010-02-02 16:42:00,533.9114285714286,64,237,0.029535864978902954,1,1774.03,1
17093.0,235.88,1,114,13,2010-04-26 10:22:00,2010-04-26 10:22:00,235.88,219,0,1.0,1,0.0,0
17094.0,100.2,1,60,4,2010-10-12 10:48:00,2010-10-12 10:48:00,100.2,50,0,1.0,1,302.0,0
17095.0,1248.09,4,1077,54,2010-10-05 09:45:00,2009-12-15 12:32:00,312.0225,57,293,0.013651877133105802,1,1324.16,1
17096.0,2675.8,7,1220,128,2010-11-21 12:59:00,2010-06-02 14:48:00,382.25714285714287,10,171,0.04093567251461988,1,1022.13,0
17097.0,188.94,1,123,56,2010-10-05 14:09:00,2010-10-05 14:09:00,188.94,57,0,1.0,0,954.42,0
17098.0,591.07,3,125,10,2010-11-23 12:13:00,2010-06-17 10:30:00,197.02333333333334,8,159,0.018867924528301886,1,0.0,0
17099.0,582.17,1,317,40,2010-06-24 16:25:00,2010-06-24 16:25:00,582.17,160,0,1.0,1,0.0,0
17101.0,885.32,3,360,28,2010-11-10 10:15:00,2010-06-07 15:12:00,295.1066666666667,21,155,0.01935483870967742,1,1621.73,1
17103.0,424.3,1,471,32,2009-12-17 14:08:00,2009-12-17 14:08:00,424.3,349,0,1.0,1,0.0,0
17104.0,474.03000000000003,1,149,19,2010-10-12 12:21:00,2010-10-12 12:21:00,474.03000000000003,50,0,1.0,1,0.0,0
17106.0,481.58000000000004,1,153,51,2010-11-15 14:11:00,2010-11-15 14:11:00,481.58000000000004,16,0,1.0,1,0.0,0
17107.0,5255.24,4,2704,197,2010-11-07 13:50:00,2010-01-31 15:47:00,1313.81,24,279,0.014336917562724014,1,10797.48,1
17108.0,174.95,1,31,9,2010-02-14 12:22:00,2010-02-14 12:22:00,174.95,290,0,1.0,1,0.0,0
17109.0,410.42,2,200,22,2010-10-29 15:56:00,2010-07-30 12:42:00,205.21,33,91,0.02197802197802198,1,881.29,0
17110.0,336.6,2,86,32,2010-07-07 12:21:00,2010-04-08 13:32:00,168.3,147,89,0.02247191011235955,1,163.29999999999998,0
17111.0,227.97,1,299,19,2010-10-10 15:21:00,2010-10-10 15:21:00,227.97,52,0,1.0,1,231.61,0
17112.0,197.57,1,130,44,2010-07-25 11:14:00,2010-07-25 11:14:00,197.57,129,0,1.0,1,0.0,0
17113.0,2305.59,6,913,122,2010-05-14 13:59:00,2010-01-11 10:14:00,384.26500000000004,201,123,0.04878048780487805,1,0.0,0
17115.0,1923.99,4,513,75,2010-06-09 11:10:00,2009-12-05 12:13:00,480.9975,175,185,0.021621621621621623,1,837.5,0
17116.0,389.78,1,392,47,2010-03-01 16:29:00,2010-03-01 16:29:00,389.78,275,0,1.0,1,0.0,0
17121.0,314.74,1,106,12,2010-11-02 11:47:00,2010-11-02 11:47:00,314.74,29,0,1.0,1,0.0,0
17122.0,432.18,3,288,19,2010-11-16 14:38:00,2010-07-28 09:34:00,144.06,15,111,0.02702702702702703,1,138.32,0
17123.0,621.37,2,405,30,2010-09-26 12:06:00,2010-05-16 11:52:00,310.685,66,133,0.015037593984962405,1,345.3,0
17126.0,1019.48,4,640,148,2010-11-23 10:27:00,2010-08-31 13:41:00,254.87,8,83,0.04819277108433735,1,989.45,0
17127.0,1155.0300000000002,5,340,27,2010-10-07 09:54:00,2009-12-04 15:18:00,231.00600000000003,55,306,0.016339869281045753,1,0.0,0
17129.0,31.85,1,5,2,2010-07-07 13:46:00,2010-07-07 13:46:00,31.85,147,0,1.0,1,0.0,0
17132.0,1220.91,2,963,62,2010-09-13 16:31:00,2010-08-08 13:49:00,610.455,79,36,0.05555555555555555,1,0.0,0
17133.0,9730.09,5,7377,16,2010-08-22 13:58:00,2010-03-21 12:31:00,1946.018,101,154,0.032467532467532464,1,4892.240000000001,1
17134.0,212.1,1,46,13,2010-09-23 18:32:00,2010-09-23 18:32:00,212.1,69,0,1.0,1,413.2,0
17135.0,576.65,3,458,74,2010-10-26 13:51:00,2010-05-09 16:03:00,192.21666666666667,36,169,0.01775147928994083,1,1139.73,0
17136.0,231.68,1,256,14,2010-02-15 13:13:00,2010-02-15 13:13:00,231.68,289,0,1.0,1,0.0,0
17137.0,1099.81,6,680,125,2010-10-19 14:51:00,2010-01-31 12:27:00,183.30166666666665,43,261,0.022988505747126436,1,0.0,0
17138.0,4036.77,6,1898,217,2010-11-15 13:15:00,2010-02-04 14:19:00,672.795,16,283,0.02120141342756184,1,380.5,0
17139.0,8915.99,13,4677,226,2010-11-15 12:19:00,2010-01-11 11:31:00,685.8453846153845,16,308,0.04220779220779221,1,10650.77,1
17141.0,727.58,4,423,138,2010-10-17 14:54:00,2010-01-24 14:19:00,181.895,45,266,0.015037593984962405,1,0.0,0
17142.0,696.25,3,241,67,2010-10-31 14:52:00,2010-01-24 15:23:00,232.08333333333334,31,279,0.010752688172043012,1,579.0,0
17143.0,880.97,2,314,82,2010-10-18 15:27:00,2010-07-12 13:26:00,440.485,44,98,0.02040816326530612,1,0.0,0
17145.0,3120.91,4,2591,168,2010-07-15 09:02:00,2010-02-19 12:07:00,780.2275,139,145,0.027586206896551724,1,0.0,0
17146.0,5102.86,10,1976,156,2010-09-30 10:24:00,2010-02-02 09:39:00,510.28599999999994,62,240,0.041666666666666664,1,749.78,0
17147.0,1485.36,5,426,41,2010-09-13 10:30:00,2010-01-11 09:38:00,297.072,79,245,0.02040816326530612,1,1714.59,1
17149.0,143.10000000000002,1,18,6,2010-09-14 14:56:00,2010-09-14 14:56:00,143.10000000000002,78,0,1.0,1,0.0,0
17150.0,1357.95,6,397,64,2010-11-28 11:27:00,2009-12-06 10:51:00,226.32500000000002,3,357,0.01680672268907563,1,0.0,0
17151.0,231.90000000000003,1,42,4,2009-12-04 14:56:00,2009-12-04 14:56:00,231.90000000000003,362,0,1.0,1,0.0,0
17152.0,327.0,1,60,2,2010-10-10 12:40:00,2010-10-10 12:40:00,327.0,52,0,1.0,1,1689.5,1
17155.0,640.76,5,745,31,2010-06-30 09:24:00,2009-12-03 11:34:00,128.152,154,208,0.02403846153846154,1,251.7,0
17156.0,591.87,1,391,39,2010-08-05 11:30:00,2010-08-05 11:30:00,591.87,118,0,1.0,1,0.0,0
17157.0,4832.900000000001,17,1920,69,2010-08-16 13:22:00,2009-12-04 13:00:00,284.28823529411767,107,255,0.06666666666666667,1,319.0,0
17158.0,713.03,2,369,37,2010-06-10 10:38:00,2010-03-07 15:50:00,356.515,174,94,0.02127659574468085,1,1266.97,0
17159.0,560.71,2,237,27,2010-08-19 11:48:00,2010-03-04 14:53:00,280.355,104,167,0.011976047904191617,1,1538.88,1
17160.0,6691.13,11,5534,164,2010-11-30 17:43:00,2009-12-04 10:57:00,608.2845454545454,1,361,0.030470914127423823,1,3518.03,1
17161.0,856.01,1,537,52,2010-09-21 16:44:00,2010-09-21 16:44:00,856.01,71,0,1.0,1,0.0,0
17163.0,406.68,2,465,24,2010-09-20 10:08:00,2010-02-02 10:39:00,203.34,72,229,0.008733624454148471,1,293.1,0
17165.0,1635.64,5,688,72,2010-11-23 13:35:00,2009-12-11 09:18:00,327.12800000000004,8,347,0.01440922190201729,1,158.68,0
17167.0,867.11,3,429,64,2010-11-25 10:05:00,2010-09-20 14:02:00,289.0366666666667,6,65,0.046153846153846156,1,0.0,0
17168.0,400.2,1,220,21,2010-07-29 12:33:00,2010-07-29 12:33:00,400.2,125,0,1.0,1,0.0,0
17169.0,320.95,1,145,21,2010-05-10 13:00:00,2010-05-10 13:00:00,320.95,205,0,1.0,1,835.78,0
17170.0,178.68,2,152,8,2010-11-30 15:55:00,2010-11-15 16:23:00,89.34,1,14,0.14285714285714285,1,0.0,0
17171.0,159.68,1,40,9,2010-02-16 12:02:00,2010-02-16 12:02:00,159.68,288,0,1.0,1,224.91,0
17172.0,638.81,2,735,24,2010-10-05 12:02:00,2009-12-13 11:46:00,319.405,57,296,0.006756756756756757,1,317.76,0
17176.0,596.1899999999999,2,406,25,2010-07-01 12:11:00,2010-01-31 15:49:00,298.09499999999997,153,150,0.013333333333333334,1,306.13,0
17177.0,119.5,1,40,29,2010-07-22 14:53:00,2010-07-22 14:53:00,119.5,132,0,1.0,1,0.0,0
17178.0,432.96000000000004,1,100,31,2009-12-08 16:20:00,2009-12-08 16:20:00,432.96000000000004,358,0,1.0,1,0.0,0
17179.0,795.47,3,335,44,2010-11-22 15:52:00,2010-05-26 11:22:00,265.1566666666667,9,180,0.016666666666666666,1,711.79,0
17180.0,1452.8,7,1139,149,2010-10-13 16:58:00,2010-01-21 17:43:00,207.54285714285714,49,264,0.026515151515151516,1,783.97,0
17181.0,69.93,1,27,5,2010-04-23 11:21:00,2010-04-23 11:21:00,69.93,222,0,1.0,1,239.92000000000002,0
17182.0,321.3,2,54,4,2010-10-13 10:09:00,2009-12-21 15:22:00,160.65,49,295,0.006779661016949152,1,0.0,0
17184.0,198.41000000000003,2,73,14,2010-05-19 14:24:00,2009-12-09 14:17:00,99.20500000000001,196,161,0.012422360248447204,1,0.0,0
17185.0,229.46,3,119,38,2010-04-27 12:15:00,2010-04-20 13:49:00,76.48666666666666,218,6,0.5,1,0.0,0
17187.0,263.76,1,282,13,2010-07-01 14:38:00,2010-07-01 14:38:00,263.76,153,0,1.0,1,203.95,0
17188.0,2118.7000000000003,6,1241,79,2010-09-19 12:05:00,2009-12-08 19:16:00,353.11666666666673,73,284,0.02112676056338028,1,2474.23,1
17189.0,569.88,3,375,59,2010-05-27 20:11:00,2009-12-02 11:45:00,189.96,187,176,0.017045454545454544,1,383.75,0
17190.0,1279.99,5,2053,142,2010-11-01 14:22:00,2010-03-05 13:21:00,255.998,30,241,0.02074688796680498,1,444.74,0
17191.0,2216.66,8,1042,156,2010-10-22 13:59:00,2009-12-01 16:34:00,277.0825,40,324,0.024691358024691357,1,2093.68,1
17192.0,75.28,1,45,20,2010-06-21 16:07:00,2010-06-21 16:07:00,75.28,163,0,1.0,1,0.0,0
17193.0,610.74,2,414,12,2010-11-18 16:57:00,2009-12-02 10:02:00,305.37,13,351,0.005698005698005698,1,1699.3,1
17194.0,549.88,1,301,31,2010-06-27 13:16:00,2010-06-27 13:16:00,549.88,157,0,1.0,1,226.78,0
17195.0,562.98,1,486,31,2010-02-22 13:05:00,2010-02-22 13:05:00,562.98,282,0,1.0,1,0.0,0
17196.0,327.75,1,154,84,2010-10-08 11:31:00,2010-10-08 11:31:00,327.75,54,0,1.0,1,0.0,0
17199.0,135.04000000000002,1,232,8,2010-05-06 13:53:00,2010-05-06 13:53:00,135.04000000000002,209,0,1.0,1,0.0,0
17200.0,356.71,4,367,25,2010-11-17 13:04:00,2010-02-25 13:23:00,89.1775,14,264,0.015151515151515152,1,0.0,0
17201.0,842.82,3,748,118,2010-07-04 11:40:00,2010-02-10 12:26:00,280.94,150,143,0.02097902097902098,1,289.78000000000003,0
17202.0,160.65,1,55,8,2010-10-15 11:25:00,2010-10-15 11:25:00,160.65,47,0,1.0,1,0.0,0
17203.0,2004.01,4,1751,84,2010-11-16 13:07:00,2010-11-16 12:52:00,501.0025,15,0,4.0,1,3560.08,1
17204.0,3940.13,5,2005,89,2010-11-30 17:58:00,2010-06-10 11:37:00,788.0260000000001,1,173,0.028901734104046242,1,1564.56,1
17205.0,615.27,2,1330,18,2010-10-19 16:11:00,2010-05-24 15:36:00,307.635,43,148,0.013513513513513514,1,384.08,0
17207.0,291.77,1,232,54,2010-02-25 19:08:00,2010-02-25 19:08:00,291.77,279,0,1.0,1,0.0,0
17208.0,111.15,1,101,21,2010-11-09 12:50:00,2010-11-09 12:50:00,111.15,22,0,1.0,1,0.0,0
17209.0,595.7,3,723,36,2010-02-28 16:01:00,2009-12-03 11:10:00,198.5666666666667,276,87,0.034482758620689655,1,0.0,0
17210.0,251.72,1,242,47,2010-11-12 12:15:00,2010-11-12 12:15:00,251.72,19,0,1.0,1,0.0,0
17211.0,1456.13,5,818,103,2010-10-17 13:10:00,2009-12-13 13:17:00,291.226,45,307,0.016286644951140065,1,2317.2200000000003,1
17212.0,567.56,2,580,25,2010-09-07 15:46:00,2010-08-10 09:22:00,283.78,85,28,0.07142857142857142,1,226.85,0
17213.0,2088.17,6,911,73,2010-07-30 11:35:00,2009-12-15 10:28:00,348.02833333333336,124,227,0.02643171806167401,1,2781.23,1
17215.0,186.15,1,104,11,2010-09-01 13:39:00,2010-09-01 13:39:00,186.15,91,0,1.0,1,0.0,0
17216.0,63.6,1,21,13,2010-06-03 13:03:00,2010-06-03 13:03:00,63.6,181,0,1.0,1,0.0,0
17217.0,96.6,1,69,18,2010-03-30 13:35:00,2010-03-30 13:35:00,96.6,246,0,1.0,1,113.5,0
17218.0,1937.42,8,1107,138,2010-11-26 16:20:00,2010-01-25 16:12:00,242.1775,5,305,0.02622950819672131,1,1951.97,1
17219.0,144.9,1,99,24,2010-10-19 11:29:00,2010-10-19 11:29:00,144.9,43,0,1.0,1,114.23,0
17220.0,1263.86,7,764,166,2010-10-18 11:25:00,2010-01-20 11:57:00,180.55142857142854,44,270,0.025925925925925925,1,3187.55,1
17221.0,642.14,3,426,58,2010-04-27 10:27:00,2010-04-11 15:34:00,214.04666666666665,218,15,0.2,1,334.48,0
17222.0,1234.96,5,733,70,2010-08-19 13:48:00,2010-01-10 15:24:00,246.99200000000002,104,220,0.022727272727272728,1,328.65,0
17223.0,141.15,1,45,21,2010-11-29 17:19:00,2010-11-29 17:19:00,141.15,2,0,1.0,1,381.89,0
17224.0,100.86000000000001,1,65,8,2010-07-26 13:30:00,2010-07-26 13:30:00,100.86000000000001,128,0,1.0,1,0.0,0
17225.0,131.15,1,36,5,2010-05-07 11:38:00,2010-05-07 11:38:00,131.15,208,0,1.0,1,0.0,0
17226.0,501.98,2,447,34,2010-09-21 10:10:00,2010-02-12 14:31:00,250.99,71,220,0.00909090909090909,1,393.49,0
17227.0,939.61,6,940,39,2010-11-23 12:05:00,2010-01-15 15:05:00,156.60166666666666,8,311,0.01929260450160772,1,939.32,0
17228.0,913.9399999999999,5,822,89,2010-09-10 11:40:00,2010-03-12 11:54:00,182.78799999999998,82,181,0.027624309392265192,1,1906.09,1
17230.0,5750.08,10,2102,104,2010-05-25 11:07:00,2009-12-08 13:41:00,575.008,190,167,0.059880239520958084,1,3638.41,1
17231.0,3940.08,15,1957,348,2010-11-15 15:03:00,2009-12-07 16:38:00,262.67199999999997,16,342,0.043859649122807015,1,3124.72,1
17233.0,369.98,2,167,32,2010-09-17 13:20:00,2009-12-15 12:03:00,184.99,75,276,0.007246376811594203,1,190.88,0
17235.0,1012.92,6,621,39,2010-11-18 13:10:00,2010-06-04 17:01:00,168.82,13,166,0.03614457831325301,1,550.0600000000001,0
17236.0,1013.13,6,330,44,2010-10-25 11:43:00,2010-03-07 13:00:00,168.855,37,231,0.025974025974025976,1,916.13,0
17237.0,679.44,2,309,58,2010-11-29 11:51:00,2010-11-23 11:45:00,339.72,2,6,0.3333333333333333,1,314.69,0
17238.0,3612.07,15,1747,314,2010-11-22 12:38:00,2009-12-01 10:59:00,240.8046666666667,9,356,0.042134831460674156,1,3719.1,1
17239.0,806.95,3,365,8,2010-11-17 15:28:00,2010-07-01 10:53:00,268.98333333333335,14,139,0.02158273381294964,1,382.5,0
17240.0,130.60000000000002,1,108,7,2010-04-22 15:44:00,2010-04-22 15:44:00,130.60000000000002,223,0,1.0,1,0.0,0
17241.0,2736.64,12,859,116,2010-11-19 13:01:00,2010-02-15 14:47:00,228.0533333333333,12,276,0.043478260869565216,1,0.0,0
17242.0,1754.24,3,848,27,2010-09-09 10:44:00,2010-01-24 10:27:00,584.7466666666667,83,228,0.013157894736842105,1,1135.04,0
17243.0,11653.03,43,4587,263,2010-11-28 10:18:00,2009-12-01 15:36:00,271.00069767441863,3,361,0.11911357340720222,1,8531.65,1
17244.0,871.14,4,803,85,2010-11-21 13:53:00,2009-12-06 11:27:00,217.785,10,350,0.011428571428571429,1,954.9,0
17245.0,200.18,1,232,15,2010-01-19 15:39:00,2010-01-19 15:39:00,200.18,316,0,1.0,1,171.45000000000002,0
17246.0,38.92,2,36,6,2010-06-11 12:36:00,2009-12-01 17:45:00,19.46,173,191,0.010471204188481676,1,0.0,0
17248.0,181.89000000000001,1,63,34,2010-08-15 11:55:00,2010-08-15 11:55:00,181.89000000000001,108,0,1.0,1,318.65,0
17249.0,68.03,1,79,27,2010-10-07 11:33:00,2010-10-07 11:33:00,68.03,55,0,1.0,1,0.0,0
17251.0,529.15,2,269,35,2010-11-22 10:42:00,2009-12-15 10:36:00,264.575,9,342,0.005847953216374269,1,269.83,0
17254.0,198.29,1,146,36,2010-11-03 14:00:00,2010-11-03 14:00:00,198.29,28,0,1.0,1,271.19,0
17255.0,490.21999999999997,2,356,99,2010-11-14 14:56:00,2010-09-19 15:53:00,245.10999999999999,17,55,0.03636363636363636,1,291.48,0
17256.0,258.93,3,158,14,2010-08-15 13:19:00,2010-04-18 13:40:00,86.31,108,118,0.025423728813559324,1,240.0,0
17257.0,189.78,2,187,14,2010-09-29 12:51:00,2010-09-29 12:49:00,94.89,63,0,2.0,1,0.0,0
17258.0,417.3,2,188,46,2010-11-08 12:37:00,2010-02-12 15:51:00,208.65,23,268,0.007462686567164179,1,0.0,0
17259.0,871.16,4,456,93,2010-09-20 13:47:00,2010-02-22 13:38:00,217.79,72,210,0.01904761904761905,1,581.23,0
17260.0,120.95,1,23,6,2010-10-24 13:21:00,2010-10-24 13:21:00,120.95,38,0,1.0,1,0.0,0
17261.0,221.59,1,95,43,2010-07-18 11:49:00,2010-07-18 11:49:00,221.59,136,0,1.0,1,0.0,0
17262.0,1235.4,6,268,5,2010-08-18 12:13:00,2009-12-15 11:26:00,205.9,105,246,0.024390243902439025,1,1253.3600000000001,0
17264.0,268.28,1,217,70,2010-10-11 12:52:00,2010-10-11 12:52:00,268.28,51,0,1.0,1,0.0,0
17266.0,205.14,2,90,43,2010-07-28 16:39:00,2010-03-09 10:42:00,102.57,126,141,0.014184397163120567,1,296.58,0
17268.0,970.25,7,551,23,2010-09-20 12:34:00,2009-12-08 11:46:00,138.60714285714286,72,286,0.024475524475524476,1,763.64,0
17269.0,491.81,1,314,110,2010-11-19 11:12:00,2010-11-19 11:12:00,491.81,12,0,1.0,1,0.0,0
17270.0,601.45,2,420,45,2010-08-27 14:09:00,2009-12-07 17:18:00,300.725,96,262,0.007633587786259542,1,0.0,0
17271.0,204.3,1,113,46,2009-12-03 13:49:00,2009-12-03 13:49:00,204.3,363,0,1.0,1,0.0,0
17273.0,141.12,1,133,12,2010-10-11 15:57:00,2010-10-11 15:57:00,141.12,51,0,1.0,1,0.0,0
17274.0,465.4,1,194,52,2010-11-09 12:06:00,2010-11-09 12:06:00,465.4,22,0,1.0,1,107.82,0
17275.0,114.1,1,71,23,2010-11-21 13:26:00,2010-11-21 13:26:00,114.1,10,0,1.0,1,0.0,0
17276.0,501.24,1,186,49,2010-11-02 16:20:00,2010-11-02 16:20:00,501.24,29,0,1.0,1,0.0,0
17278.0,25.2,1,16,2,2010-05-23 13:49:00,2010-05-23 13:49:00,25.2,192,0,1.0,1,246.04000000000002,0
17280.0,118.86,1,74,6,2010-09-27 16:46:00,2010-09-27 16:46:00,118.86,65,0,1.0,1,0.0,0
17281.0,797.85,6,295,2,2010-11-30 18:05:00,2010-02-04 13:00:00,132.975,1,299,0.020066889632107024,1,0.0,0
17282.0,623.08,2,466,107,2010-09-09 19:23:00,2010-06-09 12:07:00,311.54,83,92,0.021739130434782608,1,1685.46,1
17283.0,188.46,1,179,15,2010-11-26 11:53:00,2010-11-26 11:53:00,188.46,5,0,1.0,1,0.0,0
17284.0,911.12,1,706,79,2010-11-15 17:14:00,2010-11-15 17:14:00,911.12,16,0,1.0,1,1647.48,1
17285.0,400.44,2,132,40,2010-03-21 13:38:00,2010-02-14 14:10:00,200.22,255,34,0.058823529411764705,1,0.0,0
17286.0,237.81,2,251,46,2010-11-04 13:52:00,2010-11-04 13:43:00,118.905,27,0,2.0,1,151.37,0
17287.0,2777.8,14,1399,228,2010-11-17 11:40:00,2009-12-03 12:45:00,198.41428571428574,14,348,0.040229885057471264,1,1049.06,0
17288.0,1050.8,4,498,129,2010-11-14 13:42:00,2010-11-10 14:44:00,262.7,17,3,1.3333333333333333,1,1417.6299999999999,1
17289.0,1110.78,6,724,130,2010-11-28 13:40:00,2010-03-08 12:52:00,185.13,3,265,0.022641509433962263,1,931.02,0
17290.0,914.47,6,598,95,2010-11-23 11:13:00,2009-12-13 13:28:00,152.41166666666666,8,344,0.01744186046511628,1,513.01,0
17292.0,271.75,2,131,14,2010-08-24 17:14:00,2010-05-09 14:52:00,135.875,99,107,0.018691588785046728,1,0.0,0
17293.0,1896.57,8,1093,84,2010-11-10 16:31:00,2009-12-03 15:09:00,237.07125,21,342,0.023391812865497075,1,1854.06,1
17294.0,467.79,2,297,17,2010-02-08 16:12:00,2010-02-08 14:21:00,233.895,296,0,2.0,1,0.0,0
17296.0,338.13,1,216,32,2009-12-09 14:01:00,2009-12-09 14:01:00,338.13,357,0,1.0,1,0.0,0
17298.0,439.94,3,463,37,2010-11-30 17:55:00,2010-03-08 08:56:00,146.64666666666668,1,267,0.011235955056179775,1,498.42,0
17299.0,336.62,2,251,52,2010-09-26 13:40:00,2010-08-15 16:00:00,168.31,66,41,0.04878048780487805,1,656.61,0
17300.0,393.64,2,467,37,2010-11-14 10:56:00,2010-08-15 11:02:00,196.82,17,90,0.022222222222222223,1,0.0,0
17301.0,131.15,1,79,52,2010-03-25 13:16:00,2010-03-25 13:16:00,131.15,251,0,1.0,1,163.24,0
17304.0,111.5,1,73,5,2010-06-23 16:23:00,2010-06-23 16:23:00,111.5,161,0,1.0,1,0.0,0
17305.0,2135.46,1,1006,9,2010-03-01 12:47:00,2010-03-01 12:47:00,2135.46,275,0,1.0,1,0.0,0
17306.0,1151.04,2,2256,5,2010-11-11 12:44:00,2010-11-01 11:38:00,575.52,20,10,0.2,1,8631.31,1
17307.0,3999.8900000000003,11,3667,22,2010-11-09 13:40:00,2010-01-19 16:38:00,363.6263636363637,22,293,0.03754266211604096,1,0.0,0
17308.0,4511.76,2,5148,5,2010-11-11 13:19:00,2010-09-13 09:35:00,2255.88,20,59,0.03389830508474576,1,0.0,0
17309.0,237.64000000000001,2,140,22,2010-11-23 13:47:00,2010-02-04 15:49:00,118.82000000000001,8,291,0.006872852233676976,1,82.75,0
17310.0,1025.1,2,402,1,2010-11-17 16:00:00,2010-06-23 11:38:00,512.55,14,147,0.013605442176870748,1,0.0,0
17311.0,2181.71,4,1750,71,2010-11-12 12:38:00,2010-02-03 12:38:00,545.4275,19,282,0.014184397163120567,1,1384.85,1
17314.0,2376.51,9,1767,92,2010-11-11 13:52:00,2009-12-03 11:25:00,264.0566666666667,20,343,0.026239067055393587,1,2527.92,1
17315.0,3318.35,5,1225,196,2010-11-29 15:36:00,2010-09-27 12:45:00,663.67,2,63,0.07936507936507936,1,6241.15,1
17316.0,124.45,1,44,35,2010-10-15 14:35:00,2010-10-15 14:35:00,124.45,47,0,1.0,1,0.0,0
17318.0,157.32999999999998,1,59,17,2009-12-14 13:11:00,2009-12-14 13:11:00,157.32999999999998,352,0,1.0,1,0.0,0
17319.0,29.099999999999998,1,14,3,2010-02-08 15:47:00,2010-02-08 15:47:00,29.099999999999998,296,0,1.0,1,0.0,0
17320.0,1244.23,3,548,53,2010-09-27 16:39:00,2010-01-21 16:29:00,414.74333333333334,65,249,0.012048192771084338,1,1200.6200000000001,0
17321.0,1008.05,4,426,159,2010-11-10 12:56:00,2010-05-11 12:10:00,252.0125,21,183,0.02185792349726776,1,657.16,0
17322.0,922.59,5,631,115,2010-11-28 14:41:00,2009-12-03 11:46:00,184.518,3,360,0.013888888888888888,1,0.0,0
17323.0,644.52,5,666,91,2010-10-28 19:59:00,2010-01-10 11:58:00,128.904,33,291,0.01718213058419244,1,903.12,0
17324.0,1184.5900000000001,8,642,80,2010-09-14 12:10:00,2009-12-18 15:29:00,148.07375000000002,78,269,0.02973977695167286,1,986.48,0
17325.0,512.77,2,405,33,2010-10-25 09:20:00,2010-03-08 11:31:00,256.385,37,230,0.008695652173913044,1,96.8,0
17326.0,312.35,2,136,82,2010-10-27 15:38:00,2010-06-28 14:05:00,156.175,35,121,0.01652892561983471,1,0.0,0
17327.0,152.35,2,59,3,2010-10-26 09:54:00,2010-05-26 11:20:00,76.175,36,152,0.013157894736842105,1,0.0,0
17328.0,104.7,1,86,6,2010-02-04 17:11:00,2010-02-04 17:11:00,104.7,300,0,1.0,1,0.0,0
17329.0,475.42,3,288,63,2009-12-08 16:57:00,2009-12-03 16:09:00,158.47333333333333,358,5,0.6,1,523.11,0
17330.0,59.900000000000006,2,2,2,2010-06-13 12:34:00,2010-03-02 09:20:00,29.950000000000003,171,103,0.019417475728155338,1,363.9,0
17332.0,827.77,5,769,81,2010-06-29 16:10:00,2010-02-21 14:41:00,165.554,155,128,0.0390625,1,0.0,0
17334.0,328.13,1,251,20,2010-10-29 12:16:00,2010-10-29 12:16:00,328.13,33,0,1.0,1,307.02000000000004,0
17335.0,497.04,2,210,34,2010-11-21 10:17:00,2010-01-24 11:15:00,248.52,10,300,0.006666666666666667,1,0.0,0
17336.0,81.12,1,48,1,2010-08-24 15:37:00,2010-08-24 15:37:00,81.12,99,0,1.0,1,0.0,0
17338.0,5395.79,9,2721,351,2010-11-29 16:13:00,2010-03-10 16:09:00,599.5322222222222,2,264,0.03409090909090909,1,6484.75,1
17339.0,59.0,1,20,1,2010-07-18 13:08:00,2010-07-18 13:08:00,59.0,136,0,1.0,1,243.36,0
17340.0,7264.66,7,3530,153,2010-11-04 18:53:00,2010-02-14 14:54:00,1037.8085714285714,27,263,0.026615969581749048,1,12353.29,1
17341.0,589.92,2,388,58,2010-06-17 18:22:00,2010-06-17 18:17:00,294.96,167,0,2.0,1,682.29,0
17342.0,1227.54,4,521,31,2010-11-25 11:07:00,2010-02-08 09:16:00,306.885,6,290,0.013793103448275862,1,0.0,0
17343.0,1066.3,5,398,49,2010-11-28 10:33:00,2009-12-03 18:30:00,213.26,3,359,0.013927576601671309,1,193.64,0
17344.0,299.74,1,135,36,2009-12-11 12:31:00,2009-12-11 12:31:00,299.74,355,0,1.0,1,157.62,0
17345.0,1066.94,6,1667,110,2010-11-29 11:54:00,2009-12-01 16:17:00,177.82333333333335,2,362,0.016574585635359115,1,519.6899999999999,0
17346.0,2368.53,11,1820,285,2010-11-19 12:09:00,2010-04-18 12:18:00,215.3209090909091,12,214,0.0514018691588785,1,2622.88,1
17348.0,1274.39,4,1338,184,2010-09-28 10:49:00,2010-03-10 12:13:00,318.5975,64,201,0.01990049751243781,1,1156.6,0
17349.0,674.16,4,670,66,2010-11-24 15:09:00,2010-03-18 14:26:00,168.54,7,251,0.01593625498007968,1,98.25,0
17350.0,612.38,3,407,64,2010-11-10 16:15:00,2010-02-01 15:38:00,204.12666666666667,21,282,0.010638297872340425,1,1281.32,1
17351.0,1377.23,9,267,28,2010-10-08 15:40:00,2009-12-10 18:43:00,153.02555555555557,54,301,0.029900332225913623,1,587.15,0
17352.0,36.25,1,15,5,2010-01-12 16:13:00,2010-01-12 16:13:00,36.25,323,0,1.0,1,0.0,0
17353.0,1502.0,2,968,6,2010-08-05 08:54:00,2010-03-25 12:52:00,751.0,118,132,0.015151515151515152,1,1740.0,1
17354.0,1740.8999999999999,3,1525,73,2010-10-07 13:42:00,2010-10-07 13:22:00,580.3,55,0,3.0,1,1393.06,1
17355.0,273.31,1,249,28,2010-11-18 13:18:00,2010-11-18 13:18:00,273.31,13,0,1.0,1,0.0,0
17356.0,768.25,4,759,62,2010-06-03 10:25:00,2010-01-20 12:14:00,192.0625,181,133,0.03007518796992481,1,178.22,0
17358.0,500.2,3,240,84,2010-11-28 13:21:00,2010-02-24 16:42:00,166.73333333333332,3,276,0.010869565217391304,1,360.81,0
17359.0,156.6,1,76,23,2010-03-01 14:48:00,2010-03-01 14:48:00,156.6,275,0,1.0,1,127.86,0
17360.0,632.27,3,296,90,2010-11-19 12:00:00,2010-10-01 12:07:00,210.75666666666666,12,48,0.0625,1,568.24,0
17361.0,383.59000000000003,2,223,26,2010-02-01 14:33:00,2010-02-01 14:30:00,191.79500000000002,303,0,2.0,1,488.2,0
17362.0,711.8100000000001,5,358,84,2010-11-04 12:39:00,2010-01-06 10:53:00,142.36200000000002,27,302,0.016556291390728478,1,312.23,0
17363.0,920.46,3,499,34,2010-11-09 17:11:00,2010-11-02 17:25:00,306.82,22,6,0.5,1,0.0,0
17364.0,7510.24,17,4772,308,2010-11-28 15:47:00,2009-12-07 15:28:00,441.77882352941174,3,356,0.047752808988764044,1,4462.68,1
17365.0,3417.13,7,3266,236,2010-11-18 10:19:00,2010-02-01 11:56:00,488.1614285714286,13,289,0.02422145328719723,1,4762.32,1
17366.0,1077.24,2,504,120,2010-10-03 16:04:00,2010-09-09 19:46:00,538.62,59,23,0.08695652173913043,1,0.0,0
17368.0,879.42,6,942,110,2010-11-29 15:48:00,2009-12-15 17:45:00,146.57,2,348,0.017241379310344827,1,1878.87,1
17369.0,979.2,1,1152,1,2010-09-10 09:49:00,2010-09-10 09:49:00,979.2,82,0,1.0,1,0.0,0
17371.0,232.97,3,128,54,2010-03-26 14:01:00,2009-12-08 12:25:00,77.65666666666667,250,108,0.027777777777777776,1,418.4,0
17372.0,2979.28,19,1112,260,2010-11-23 11:12:00,2009-12-03 18:41:00,156.8042105263158,8,354,0.05367231638418079,1,1337.18,1
17373.0,520.58,3,330,31,2010-10-17 13:35:00,2010-02-28 14:17:00,173.52666666666667,45,230,0.013043478260869565,1,646.92,0
17374.0,231.34,1,70,14,2010-11-09 17:14:00,2010-11-09 17:14:00,231.34,22,0,1.0,1,495.77,0
17375.0,260.45,1,113,17,2010-10-04 09:14:00,2010-10-04 09:14:00,260.45,58,0,1.0,1,400.1,0
17376.0,250.44,2,158,27,2010-10-31 10:42:00,2010-07-05 11:11:00,125.22,31,117,0.017094017094017096,1,203.2,0
17377.0,13580.91,58,5285,412,2010-11-26 11:47:00,2009-12-02 12:39:00,234.15362068965516,5,358,0.16201117318435754,1,4058.32,1
17378.0,10.95,1,1,1,2010-11-30 18:46:00,2010-11-30 18:46:00,10.95,1,0,1.0,1,0.0,0
17380.0,645.0,3,252,5,2010-10-01 16:42:00,2010-06-23 11:24:00,215.0,61,100,0.03,1,0.0,0
17381.0,16123.04,9,17230,30,2010-11-09 07:56:00,2010-06-09 12:55:00,1791.448888888889,22,152,0.05921052631578947,1,20275.61,1
17382.0,836.88,7,432,14,2010-09-30 10:53:00,2010-05-19 11:33:00,119.55428571428571,62,133,0.05263157894736842,1,65.4,0
17383.0,110.7,1,12,2,2010-09-12 14:54:00,2010-09-12 14:54:00,110.7,80,0,1.0,1,193.39000000000001,0
17384.0,171.15,1,33,5,2010-08-29 16:01:00,2010-08-29 16:01:00,171.15,94,0,1.0,1,336.4,0
17386.0,126.35000000000001,1,53,10,2010-11-19 13:40:00,2010-11-19 13:40:00,126.35000000000001,12,0,1.0,1,2686.42,1
17388.0,1415.81,7,1487,29,2010-10-15 10:39:00,2009-12-10 11:45:00,202.25857142857143,47,308,0.022727272727272728,1,1259.56,0
17389.0,25381.65,27,10268,40,2010-11-30 12:21:00,2009-12-04 12:06:00,940.0611111111111,1,361,0.07479224376731301,1,31833.68,1
17390.0,149.3,1,49,12,2010-10-15 11:29:00,2010-10-15 11:29:00,149.3,47,0,1.0,1,0.0,0
17392.0,168.65,1,173,14,2010-09-15 16:17:00,2010-09-15 16:17:00,168.65,77,0,1.0,1,411.27,0
17393.0,381.15000000000003,2,238,45,2010-10-25 11:10:00,2010-08-08 15:53:00,190.57500000000002,37,77,0.025974025974025976,1,0.0,0
17395.0,97.5,1,66,3,2010-07-19 15:34:00,2010-07-19 15:34:00,97.5,135,0,1.0,1,0.0,0
17396.0,1078.8,6,308,11,2010-10-26 15:00:00,2010-09-24 13:04:00,179.79999999999998,36,32,0.1875,1,7312.8,1
17397.0,516.87,1,441,44,2010-10-19 13:20:00,2010-10-19 13:20:00,516.87,43,0,1.0,1,681.41,0
17400.0,2525.44,3,1097,209,2010-05-07 17:49:00,2009-12-17 15:41:00,841.8133333333334,208,141,0.02127659574468085,1,2097.84,1
17401.0,114.85,1,34,11,2010-06-16 16:54:00,2010-06-16 16:54:00,114.85,168,0,1.0,1,0.0,0
17402.0,2001.71,10,749,81,2010-11-24 15:08:00,2009-12-16 17:40:00,200.171,7,342,0.029239766081871343,1,2598.85,1
17403.0,118.95,1,77,13,2010-09-15 12:29:00,2010-09-15 12:29:00,118.95,77,0,1.0,1,263.92,0
17404.0,15856.300000000001,8,17930,52,2010-10-26 15:48:00,2010-01-07 11:31:00,1982.0375000000001,36,292,0.0273972602739726,0,31781.82,1
17406.0,2002.53,10,1067,84,2010-09-21 13:26:00,2009-12-06 13:45:00,200.253,71,288,0.034722222222222224,1,2184.42,1
17407.0,552.9,1,426,23,2010-10-24 11:57:00,2010-10-24 11:57:00,552.9,38,0,1.0,1,0.0,0
17408.0,283.44,2,160,6,2010-07-27 13:17:00,2010-07-13 14:02:00,141.72,127,13,0.15384615384615385,1,32.65,0
17409.0,7021.66,8,3984,40,2010-10-14 10:10:00,2009-12-11 12:17:00,877.7075,48,306,0.026143790849673203,1,771.85,0
17411.0,646.44,2,302,32,2010-11-18 11:55:00,2009-12-03 12:02:00,323.22,13,349,0.0057306590257879654,1,778.94,0
17412.0,2962.16,9,1816,127,2010-11-19 14:54:00,2009-12-02 13:51:00,329.12888888888887,12,352,0.02556818181818182,1,1258.06,0
17413.0,560.14,2,302,10,2010-10-31 12:33:00,2010-05-19 11:11:00,280.07,31,165,0.012121212121212121,1,0.0,0
17414.0,1471.52,4,4156,6,2010-10-12 16:53:00,2009-12-03 16:49:00,367.88,50,313,0.012779552715654952,1,778.0,0
17416.0,10405.03,15,4467,224,2010-11-11 12:47:00,2009-12-14 16:29:00,693.6686666666667,20,331,0.045317220543806644,1,6893.42,1
17417.0,164.18,1,76,16,2010-06-09 10:00:00,2010-06-09 10:00:00,164.18,175,0,1.0,1,0.0,0
17418.0,206.6,1,232,12,2010-11-17 13:42:00,2010-11-17 13:42:00,206.6,14,0,1.0,1,463.46000000000004,0
17419.0,1899.68,6,1008,71,2010-11-18 16:22:00,2010-01-25 13:19:00,316.61333333333334,13,297,0.020202020202020204,1,4226.57,1
17420.0,354.75,3,181,18,2010-11-14 13:28:00,2010-11-03 13:09:00,118.25,17,11,0.2727272727272727,1,598.83,0
17421.0,1059.41,3,807,46,2010-11-18 16:57:00,2009-12-04 15:43:00,353.1366666666667,13,349,0.008595988538681949,1,0.0,0
17422.0,1615.39,5,1285,75,2010-11-23 10:24:00,2010-06-23 10:19:00,323.07800000000003,8,153,0.032679738562091505,1,1979.37,1
17423.0,420.54,1,331,17,2010-11-11 12:26:00,2010-11-11 12:26:00,420.54,20,0,1.0,1,698.41,0
17426.0,3040.51,7,2093,118,2010-09-13 12:35:00,2010-02-17 13:39:00,434.35857142857145,79,207,0.033816425120772944,1,5037.26,1
17428.0,14209.91,17,7882,264,2010-11-30 12:15:00,2009-12-01 17:28:00,835.8770588235294,1,363,0.046831955922865015,1,17256.85,1
17429.0,832.54,2,662,53,2010-11-08 13:28:00,2010-10-06 12:30:00,416.27,23,33,0.06060606060606061,1,524.9200000000001,0
17430.0,356.81,2,265,22,2010-11-18 11:00:00,2010-08-17 11:52:00,178.405,13,92,0.021739130434782608,1,265.76,0
17432.0,1363.23,7,801,174,2010-11-19 17:01:00,2009-12-03 19:13:00,194.74714285714285,12,350,0.02,1,365.76,0
17433.0,266.8,1,120,39,2010-11-19 13:37:00,2010-11-19 13:37:00,266.8,12,0,1.0,1,303.16,0
17435.0,331.35,1,195,15,2010-10-24 13:55:00,2010-10-24 13:55:00,331.35,38,0,1.0,1,0.0,0
17436.0,317.76,3,88,4,2010-10-27 13:43:00,2009-12-07 12:31:00,105.92,35,324,0.009259259259259259,1,216.3,0
17437.0,369.68,1,283,52,2010-06-28 11:11:00,2010-06-28 11:11:00,369.68,156,0,1.0,1,0.0,0
17438.0,1034.32,4,450,39,2010-09-21 14:12:00,2010-03-08 16:53:00,258.58,71,196,0.02040816326530612,1,388.45000000000005,0
17439.0,325.74,1,370,8,2010-02-22 12:48:00,2010-02-22 12:48:00,325.74,282,0,1.0,1,0.0,0
17440.0,137.16,1,36,1,2010-06-08 14:40:00,2010-06-08 14:40:00,137.16,176,0,1.0,1,186.42000000000002,0
17441.0,293.35,1,245,21,2009-12-07 13:32:00,2009-12-07 13:32:00,293.35,359,0,1.0,1,0.0,0
17442.0,2371.7400000000002,9,1638,113,2010-11-23 14:46:00,2010-02-15 15:54:00,263.5266666666667,8,280,0.03214285714285714,1,2248.56,1
17448.0,14448.67,41,11529,568,2010-06-28 13:58:00,2010-03-04 17:29:00,352.4065853658537,156,115,0.3565217391304348,1,0.0,0
17449.0,2348.94,6,1362,182,2010-11-17 13:50:00,2009-12-09 14:16:00,391.49,14,342,0.017543859649122806,1,2516.21,1
17450.0,50393.46,5,13941,79,2010-10-28 09:29:00,2010-09-27 16:59:00,10078.692,34,30,0.16666666666666666,1,194390.79,1
17454.0,1030.41,6,484,51,2010-09-03 10:43:00,2010-01-15 15:40:00,171.735,89,230,0.02608695652173913,1,517.53,0
17456.0,725.7,1,286,43,2010-09-09 15:28:00,2010-09-09 15:28:00,725.7,83,0,1.0,1,249.86,0
17457.0,4247.11,9,1869,20,2010-11-25 13:05:00,2009-12-07 14:52:00,471.90111111111105,6,352,0.02556818181818182,1,1737.7,1
17458.0,213.08,1,112,32,2010-11-23 11:43:00,2010-11-23 11:43:00,213.08,8,0,1.0,1,316.5,0
17460.0,1535.54,10,718,82,2010-11-18 14:49:00,2010-01-22 13:25:00,153.554,13,300,0.03333333333333333,1,622.4300000000001,0
17463.0,659.4,2,394,98,2010-05-28 10:04:00,2010-04-29 17:57:00,329.7,187,28,0.07142857142857142,1,1875.8600000000001,1
17464.0,617.1800000000001,2,388,28,2010-07-05 13:24:00,2010-03-30 13:15:00,308.59000000000003,149,97,0.020618556701030927,1,289.96000000000004,0
17465.0,2542.79,7,1477,103,2010-10-10 11:56:00,2009-12-03 13:25:00,363.2557142857143,52,310,0.02258064516129032,1,0.0,0
17467.0,102.6,1,20,4,2010-11-09 12:58:00,2010-11-09 12:58:00,102.6,22,0,1.0,1,0.0,0
17468.0,57.8,1,68,3,2010-11-29 17:25:00,2010-11-29 17:25:00,57.8,2,0,1.0,1,137.0,0
17469.0,3180.28,12,1517,126,2010-11-04 17:38:00,2009-12-16 15:06:00,265.02333333333337,27,323,0.03715170278637771,1,1870.97,1
17470.0,1501.4,6,1056,58,2010-11-08 12:36:00,2010-07-19 16:16:00,250.23333333333335,23,111,0.05405405405405406,1,1125.07,0
17471.0,321.65000000000003,1,153,19,2010-08-22 11:53:00,2010-08-22 11:53:00,321.65000000000003,101,0,1.0,1,0.0,0
17472.0,224.81,1,96,48,2010-03-21 13:27:00,2010-03-21 13:27:00,224.81,255,0,1.0,1,697.54,0
17473.0,607.0,2,270,33,2010-10-27 11:45:00,2010-09-09 19:03:00,303.5,35,47,0.0425531914893617,1,0.0,0
17474.0,1047.0,1,200,6,2010-04-19 10:43:00,2010-04-19 10:43:00,1047.0,226,0,1.0,1,0.0,0
17476.0,489.86,2,224,29,2010-11-09 10:21:00,2009-12-02 12:09:00,244.93,22,341,0.005865102639296188,1,0.0,0
17477.0,1144.3,2,225,44,2010-04-06 10:06:00,2010-03-02 11:53:00,572.15,239,34,0.058823529411764705,1,0.0,0
17478.0,1272.8000000000002,2,516,40,2010-10-27 15:01:00,2010-03-16 14:19:00,636.4000000000001,35,225,0.008888888888888889,1,0.0,0
17479.0,389.26000000000005,1,266,18,2010-03-17 09:26:00,2010-03-17 09:26:00,389.26000000000005,259,0,1.0,1,0.0,0
17480.0,370.41,1,243,24,2010-09-21 12:31:00,2010-09-21 12:31:00,370.41,71,0,1.0,1,511.82,0
17482.0,775.64,2,240,50,2010-08-09 15:33:00,2010-05-10 14:10:00,387.82,114,91,0.02197802197802198,1,0.0,0
17483.0,177.69,1,74,7,2010-10-21 12:43:00,2010-10-21 12:43:00,177.69,41,0,1.0,1,414.04,0
17484.0,209.57,2,339,14,2010-05-12 15:41:00,2010-03-25 16:17:00,104.785,203,47,0.0425531914893617,1,0.0,0
17487.0,160.55,1,37,8,2009-12-11 15:06:00,2009-12-11 15:06:00,160.55,355,0,1.0,1,0.0,0
17488.0,336.5,1,136,18,2010-03-08 14:07:00,2010-03-08 14:07:00,336.5,268,0,1.0,1,0.0,0
17490.0,658.1800000000001,2,397,37,2010-11-16 18:47:00,2010-05-19 12:40:00,329.09000000000003,15,181,0.011049723756906077,1,2092.32,1
17491.0,2094.8,7,1349,52,2010-11-22 11:32:00,2010-04-28 11:57:00,299.25714285714287,9,207,0.033816425120772944,1,3558.87,1
17492.0,747.85,2,295,23,2010-08-18 15:10:00,2010-07-09 13:27:00,373.925,105,40,0.05,1,374.57,0
17493.0,100.91,1,62,8,2010-11-19 16:57:00,2010-11-19 16:57:00,100.91,12,0,1.0,1,0.0,0
17494.0,54.7,1,26,3,2010-07-26 10:06:00,2010-07-26 10:06:00,54.7,128,0,1.0,1,0.0,0
17495.0,309.16,1,138,21,2010-11-14 11:50:00,2010-11-14 11:50:00,309.16,17,0,1.0,1,497.56,0
17496.0,1141.84,3,596,49,2010-05-25 10:25:00,2010-01-14 13:36:00,380.6133333333333,190,130,0.023076923076923078,1,271.05,0
17497.0,287.25,2,59,7,2010-11-14 14:17:00,2010-04-08 08:01:00,143.625,17,220,0.00909090909090909,1,0.0,0
17499.0,718.51,1,375,31,2010-05-27 09:59:00,2010-05-27 09:59:00,718.51,188,0,1.0,1,622.88,0
17504.0,6493.14,9,3756,160,2010-11-24 09:49:00,2010-02-08 09:22:00,721.46,7,289,0.031141868512110725,1,2997.03,1
17505.0,1289.64,3,686,47,2010-06-07 12:10:00,2010-04-13 16:33:00,429.88000000000005,177,54,0.05555555555555555,1,1145.8400000000001,0
17508.0,4191.92,7,2602,180,2010-11-23 12:22:00,2009-12-07 11:46:00,598.8457142857143,8,351,0.019943019943019943,0,387.31,0
17510.0,206.08,1,208,15,2010-10-15 10:20:00,2010-10-15 10:20:00,206.08,47,0,1.0,1,308.48,0
17511.0,81070.49,29,52625,416,2010-11-24 10:21:00,2009-12-02 10:52:00,2795.534137931035,7,356,0.08146067415730338,1,91062.38,1
17512.0,2542.83,8,2681,64,2010-09-13 10:46:00,2009-12-10 19:35:00,317.85375,79,276,0.028985507246376812,1,2924.9900000000002,1
17513.0,645.6,2,186,12,2010-10-27 11:13:00,2010-08-17 15:08:00,322.8,35,70,0.02857142857142857,1,513.2,0
17514.0,313.35,1,149,41,2010-02-08 14:00:00,2010-02-08 14:00:00,313.35,296,0,1.0,1,208.65,0
17515.0,963.49,5,284,76,2010-11-10 13:47:00,2010-06-07 13:29:00,192.698,21,156,0.03205128205128205,1,639.02,0
17516.0,182.62,1,108,55,2010-11-26 12:50:00,2010-11-26 12:50:00,182.62,5,0,1.0,1,764.88,0
17518.0,329.42,2,267,71,2010-10-10 12:40:00,2010-03-28 13:31:00,164.71,52,195,0.010256410256410256,1,0.0,0
17519.0,2930.15,9,1994,99,2010-09-23 17:16:00,2009-12-01 09:57:00,325.57222222222225,69,296,0.030405405405405407,1,1844.02,1
17521.0,554.85,2,287,29,2010-11-10 16:25:00,2010-10-01 11:49:00,277.425,21,40,0.05,1,723.21,0
17524.0,394.14,2,272,34,2010-09-27 16:29:00,2010-09-27 16:20:00,197.07,65,0,2.0,1,145.0,0
17525.0,739.2,2,256,13,2010-11-07 11:54:00,2010-10-07 09:12:00,369.6,24,31,0.06451612903225806,1,422.7,0
17526.0,2743.3399999999997,8,1132,56,2010-11-29 12:17:00,2009-12-17 16:18:00,342.91749999999996,2,346,0.023121387283236993,1,1195.8999999999999,0
17529.0,1240.25,2,790,78,2010-04-08 17:51:00,2010-01-11 12:29:00,620.125,237,87,0.022988505747126436,1,0.0,0
17530.0,424.57,2,227,78,2010-05-06 20:01:00,2009-12-06 16:17:00,212.285,208,151,0.013245033112582781,1,2362.53,1
17531.0,970.12,2,336,43,2010-06-30 12:17:00,2010-03-31 12:57:00,485.06,154,90,0.022222222222222223,1,296.7,0
17532.0,65.34,1,30,4,2010-11-19 08:13:00,2010-11-19 08:13:00,65.34,12,0,1.0,1,0.0,0
17533.0,34.8,1,24,1,2010-10-01 09:14:00,2010-10-01 09:14:00,34.8,61,0,1.0,1,0.0,0
17534.0,1445.47,4,757,69,2010-09-14 13:32:00,2010-02-25 16:55:00,361.3675,78,200,0.02,1,223.36,0
17536.0,288.33,2,195,13,2010-10-15 12:09:00,2010-01-26 12:00:00,144.165,47,262,0.007633587786259542,1,76.5,0
17539.0,1161.84,3,707,131,2010-03-21 15:23:00,2009-12-13 12:36:00,387.28,255,98,0.030612244897959183,1,0.0,0
17540.0,1011.7,4,394,28,2010-11-21 11:37:00,2010-04-19 09:47:00,252.925,10,216,0.018518518518518517,1,578.9,0
17541.0,119.86,1,44,31,2010-07-18 11:36:00,2010-07-18 11:36:00,119.86,136,0,1.0,1,0.0,0
17542.0,170.1,2,189,34,2010-03-08 12:17:00,2010-03-08 12:08:00,85.05,268,0,2.0,1,170.75,0
17543.0,120.05,1,62,13,2010-06-08 12:41:00,2010-06-08 12:41:00,120.05,176,0,1.0,1,0.0,0
17544.0,944.82,3,410,80,2010-11-14 15:08:00,2010-11-14 14:47:00,314.94,17,0,3.0,1,0.0,0
17545.0,767.54,3,345,112,2010-11-14 15:30:00,2010-05-11 10:04:00,255.84666666666666,17,187,0.016042780748663103,1,642.32,0
17547.0,727.85,2,223,22,2010-11-29 09:41:00,2010-02-12 14:34:00,363.925,2,289,0.006920415224913495,1,0.0,0
17548.0,627.96,3,436,17,2010-11-26 15:19:00,2010-11-08 16:19:00,209.32000000000002,5,17,0.17647058823529413,1,103.3,0
17550.0,2239.48,6,882,218,2010-11-07 14:51:00,2010-02-07 15:07:00,373.24666666666667,24,272,0.022058823529411766,1,267.16,0
17552.0,1856.3600000000001,8,1232,61,2010-09-27 14:12:00,2010-03-22 09:19:00,232.04500000000002,65,189,0.042328042328042326,1,930.41,0
17553.0,2270.0,3,1240,2,2010-08-24 09:49:00,2010-04-08 09:44:00,756.6666666666666,99,138,0.021739130434782608,1,1487.6,1
17555.0,565.43,3,391,137,2010-10-10 12:09:00,2010-05-02 16:02:00,188.47666666666666,52,160,0.01875,1,480.31,0
17556.0,142.77,1,83,8,2010-11-25 17:00:00,2010-11-25 17:00:00,142.77,6,0,1.0,1,157.9,0
17557.0,34.0,1,4,1,2009-12-07 10:15:00,2009-12-07 10:15:00,34.0,359,0,1.0,1,541.46,0
17558.0,259.17,1,54,28,2010-11-11 14:36:00,2010-11-11 14:36:00,259.17,20,0,1.0,1,0.0,0
17559.0,167.62,1,270,12,2010-07-15 12:02:00,2010-07-15 12:02:00,167.62,139,0,1.0,1,0.0,0
17560.0,1040.85,4,953,21,2010-11-09 14:49:00,2010-02-17 12:11:00,260.2125,22,265,0.01509433962264151,1,854.95,0
17561.0,537.9,3,237,129,2010-11-14 12:36:00,2009-12-06 13:29:00,179.29999999999998,17,342,0.008771929824561403,1,165.12,0
17563.0,392.38,2,256,27,2010-05-10 14:54:00,2010-04-07 10:02:00,196.19,205,33,0.06060606060606061,1,0.0,0
17565.0,131.83,1,67,30,2010-05-02 11:54:00,2010-05-02 11:54:00,131.83,213,0,1.0,1,0.0,0
17567.0,506.6,1,276,31,2010-09-24 10:48:00,2010-09-24 10:48:00,506.6,68,0,1.0,1,4331.48,1
17568.0,374.45,1,275,61,2010-03-16 16:45:00,2010-03-16 16:45:00,374.45,260,0,1.0,1,0.0,0
17571.0,205.23999999999998,1,115,53,2010-06-15 12:50:00,2010-06-15 12:50:00,205.23999999999998,169,0,1.0,1,1424.42,1
17572.0,425.46000000000004,6,232,13,2010-11-16 17:52:00,2009-12-15 10:00:00,70.91000000000001,15,336,0.017857142857142856,1,226.75000000000003,0
17575.0,171.7,1,72,5,2010-02-10 13:48:00,2010-02-10 13:48:00,171.7,294,0,1.0,1,0.0,0
17576.0,5140.77,22,2605,228,2010-11-23 17:21:00,2009-12-03 16:54:00,233.67136363636365,8,355,0.061971830985915494,1,3564.83,1
17577.0,348.75,2,179,20,2010-03-04 13:01:00,2010-02-09 10:10:00,174.375,272,23,0.08695652173913043,1,0.0,0
17578.0,903.87,6,391,52,2010-08-22 13:10:00,2010-06-28 11:55:00,150.645,101,55,0.10909090909090909,1,143.45999999999998,0
17579.0,304.38,1,117,43,2010-05-10 14:28:00,2010-05-10 14:28:00,304.38,205,0,1.0,1,448.90000000000003,0
17580.0,325.3,2,135,39,2010-11-28 11:08:00,2010-10-13 14:28:00,162.65,3,45,0.044444444444444446,1,212.77,0
17581.0,6925.93,18,3604,238,2010-11-11 15:07:00,2009-12-03 12:34:00,384.7738888888889,20,343,0.052478134110787174,1,11025.24,1
17582.0,1271.68,4,480,78,2010-09-19 13:37:00,2010-03-26 12:23:00,317.92,73,177,0.022598870056497175,1,175.27,0
17583.0,135.95,1,55,7,2010-05-28 14:24:00,2010-05-28 14:24:00,135.95,187,0,1.0,1,0.0,0
17584.0,4067.12,4,2006,73,2010-08-29 12:43:00,2010-01-25 08:17:00,1016.78,94,216,0.018518518518518517,1,1242.3,0
17585.0,948.03,3,860,147,2010-09-20 14:49:00,2010-08-18 16:39:00,316.01,72,32,0.09375,1,1116.68,0
17586.0,167.4,1,68,8,2010-03-30 13:12:00,2010-03-30 13:12:00,167.4,246,0,1.0,1,0.0,0
17587.0,173.76,1,66,41,2010-03-21 14:16:00,2010-03-21 14:16:00,173.76,255,0,1.0,1,0.0,0
17588.0,1699.35,4,703,29,2010-11-08 15:45:00,2010-03-12 12:34:00,424.8375,23,241,0.016597510373443983,1,1240.2,0
17589.0,11403.35,14,7031,525,2010-11-19 14:27:00,2010-03-07 13:48:00,814.525,12,257,0.054474708171206226,1,2402.92,1
17591.0,135.65,1,28,19,2010-01-17 16:09:00,2010-01-17 16:09:00,135.65,318,0,1.0,1,2203.67,1
17592.0,148.3,1,38,13,2009-12-01 10:49:00,2009-12-01 10:49:00,148.3,365,0,1.0,1,0.0,0
17593.0,4168.46,6,2506,146,2010-10-26 17:55:00,2009-12-04 14:35:00,694.7433333333333,36,326,0.018404907975460124,1,3923.86,1
17594.0,1504.7,2,818,46,2010-09-16 19:17:00,2010-04-14 08:53:00,752.35,76,155,0.012903225806451613,1,993.1800000000001,0
17596.0,1684.77,6,2634,148,2010-09-26 11:49:00,2009-12-15 13:21:00,280.795,66,284,0.02112676056338028,1,2806.69,1
17597.0,1439.72,4,1039,62,2010-10-17 10:13:00,2010-05-05 15:33:00,359.93,45,164,0.024390243902439025,1,2044.3700000000001,1
17598.0,409.98,1,126,10,2010-11-23 17:43:00,2010-11-23 17:43:00,409.98,8,0,1.0,1,0.0,0
17599.0,52.05,1,11,3,2010-08-19 12:50:00,2010-08-19 12:50:00,52.05,104,0,1.0,1,0.0,0
17601.0,296.65,1,191,59,2010-11-24 14:29:00,2010-11-24 14:29:00,296.65,7,0,1.0,1,116.00999999999999,0
17602.0,2300.01,8,1764,210,2010-08-24 17:31:00,2010-03-30 17:25:00,287.50125,99,147,0.05442176870748299,1,5054.42,1
17603.0,1393.66,3,564,93,2010-04-01 11:51:00,2009-12-10 09:44:00,464.55333333333334,244,112,0.026785714285714284,1,394.72,0
17604.0,633.02,4,445,106,2010-10-13 10:17:00,2010-01-27 12:19:00,158.255,49,258,0.015503875968992248,1,309.36,0
17605.0,160.75,1,71,13,2010-04-28 14:45:00,2010-04-28 14:45:00,160.75,217,0,1.0,1,0.0,0
17606.0,87.30000000000001,1,42,6,2009-12-02 13:32:00,2009-12-02 13:32:00,87.30000000000001,364,0,1.0,1,0.0,0
17607.0,333.81,1,269,22,2010-11-28 13:11:00,2010-11-28 13:11:00,333.81,3,0,1.0,1,0.0,0
17608.0,296.07,2,299,90,2010-09-16 16:15:00,2010-04-11 13:37:00,148.035,76,158,0.012658227848101266,1,191.99,0
17609.0,777.08,6,590,142,2010-11-02 10:00:00,2010-04-09 16:54:00,129.51333333333335,29,206,0.02912621359223301,1,1098.28,0
17610.0,1511.94,5,893,114,2010-06-17 16:34:00,2009-12-06 16:07:00,302.38800000000003,167,193,0.025906735751295335,1,0.0,0
17611.0,4326.41,13,2741,402,2010-10-14 15:45:00,2009-12-01 13:29:00,332.8007692307692,48,317,0.04100946372239748,1,3961.12,1
17612.0,3346.41,12,1713,130,2010-11-25 19:41:00,2009-12-17 11:59:00,278.8675,5,343,0.03498542274052478,1,2048.45,1
17615.0,392.2,3,238,35,2010-11-17 08:42:00,2010-08-11 12:54:00,130.73333333333332,14,97,0.030927835051546393,1,329.6,0
17616.0,163.2,1,64,1,2010-09-14 10:43:00,2010-09-14 10:43:00,163.2,78,0,1.0,1,571.1999999999999,0
17617.0,385.19,1,249,18,2010-05-30 12:48:00,2010-05-30 12:48:00,385.19,185,0,1.0,1,0.0,0
17618.0,3071.36,8,1479,175,2010-11-21 12:31:00,2010-01-24 11:03:00,383.92,10,301,0.026578073089700997,1,930.28,0
17621.0,1795.22,3,596,40,2010-10-31 10:14:00,2010-10-04 09:37:00,598.4066666666666,31,27,0.1111111111111111,1,1379.9,1
17622.0,1130.21,2,379,19,2010-04-21 12:36:00,2010-04-20 13:38:00,565.105,224,0,2.0,1,0.0,0
17623.0,1838.72,6,534,108,2010-10-26 14:12:00,2009-12-14 14:36:00,306.4533333333333,36,315,0.01904761904761905,1,527.05,0
17624.0,725.15,2,404,46,2010-09-28 14:07:00,2009-12-20 12:35:00,362.575,64,282,0.0070921985815602835,1,843.48,0
17625.0,3958.5,4,2325,304,2010-09-19 14:51:00,2009-12-15 11:49:00,989.625,73,278,0.014388489208633094,1,2020.4,1
17626.0,254.0,1,202,18,2010-04-16 12:15:00,2010-04-16 12:15:00,254.0,229,0,1.0,1,0.0,0
17627.0,296.36,1,676,10,2010-08-18 11:27:00,2010-08-18 11:27:00,296.36,105,0,1.0,1,0.0,0
17629.0,641.4,2,274,29,2010-11-16 14:46:00,2010-10-14 13:35:00,320.7,15,33,0.06060606060606061,1,1814.1200000000001,1
17631.0,470.16,4,257,28,2010-11-30 10:02:00,2009-12-09 14:15:00,117.54,1,355,0.011267605633802818,1,528.33,0
17633.0,732.55,3,255,29,2010-11-25 11:28:00,2010-11-15 14:55:00,244.1833333333333,6,9,0.3333333333333333,1,1324.84,1
17635.0,1265.58,3,770,60,2010-10-11 15:12:00,2010-04-28 10:51:00,421.85999999999996,51,166,0.018072289156626505,1,0.0,0
17638.0,842.4000000000001,2,432,2,2010-03-02 14:32:00,2009-12-18 09:58:00,421.20000000000005,274,74,0.02702702702702703,1,0.0,0
17639.0,506.67,5,527,54,2010-11-17 16:11:00,2010-08-13 11:59:00,101.334,14,96,0.052083333333333336,1,108.5,0
17640.0,2547.28,5,1442,47,2010-11-25 14:27:00,2010-03-23 09:15:00,509.456,6,247,0.020242914979757085,1,621.66,0
17642.0,1112.2,3,1001,58,2010-10-06 13:20:00,2009-12-05 16:01:00,370.73333333333335,56,304,0.009868421052631578,1,712.29,0
17643.0,338.15000000000003,1,155,23,2010-07-22 13:07:00,2010-07-22 13:07:00,338.15000000000003,132,0,1.0,1,101.55,0
17644.0,3132.96,9,1676,89,2010-11-10 10:18:00,2010-02-16 08:44:00,348.1066666666667,21,267,0.033707865168539325,1,2895.64,1
17646.0,2890.4,9,985,98,2010-10-18 12:54:00,2009-12-16 09:37:00,321.15555555555557,44,306,0.029411764705882353,1,1008.39,0
17647.0,198.6,2,52,5,2010-02-08 14:40:00,2010-02-08 14:39:00,99.3,296,0,2.0,1,133.06,0
17648.0,418.87,1,467,34,2010-11-19 16:41:00,2010-11-19 16:41:00,418.87,12,0,1.0,1,1797.5,1
17649.0,710.4,2,324,45,2010-08-27 10:23:00,2010-08-24 13:01:00,355.2,96,2,1.0,1,868.49,0
17651.0,1758.52,6,974,84,2010-07-29 12:28:00,2010-07-01 12:17:00,293.08666666666664,125,28,0.21428571428571427,1,3945.0,1
17655.0,337.44,2,152,20,2010-11-22 17:11:00,2010-10-19 10:20:00,168.72,9,34,0.058823529411764705,1,2638.94,1
17657.0,126.0,1,60,7,2010-10-05 14:52:00,2010-10-05 14:52:00,126.0,57,0,1.0,1,0.0,0
17659.0,587.53,2,227,34,2010-11-19 16:38:00,2010-11-18 14:20:00,293.765,12,1,2.0,1,2999.46,1
17660.0,163.47,1,138,42,2009-12-02 16:02:00,2009-12-02 16:02:00,163.47,364,0,1.0,1,178.75,0
17662.0,412.92,2,184,14,2010-02-16 09:38:00,2009-12-17 09:54:00,206.46,288,60,0.03333333333333333,1,0.0,0
17663.0,3372.92,10,1500,112,2010-10-18 10:26:00,2010-03-04 11:42:00,337.29200000000003,44,227,0.04405286343612335,1,1802.91,1
17664.0,561.59,2,454,31,2010-08-22 13:14:00,2010-03-29 17:17:00,280.795,101,145,0.013793103448275862,1,604.64,0
17665.0,563.1,1,690,19,2010-08-03 13:12:00,2010-08-03 13:12:00,563.1,120,0,1.0,1,0.0,0
17666.0,1319.6399999999999,3,956,17,2010-08-19 12:23:00,2010-06-30 12:03:00,439.87999999999994,104,50,0.06,1,728.16,0
17667.0,1895.19,4,1159,83,2010-09-30 12:19:00,2010-02-23 09:57:00,473.7975,62,219,0.0182648401826484,1,2055.51,1
17669.0,2735.63,3,1589,56,2010-09-03 13:13:00,2010-04-01 18:48:00,911.8766666666667,89,154,0.01948051948051948,1,3406.7200000000003,1
17671.0,436.45,1,215,22,2010-11-29 11:53:00,2010-11-29 11:53:00,436.45,2,0,1.0,1,1572.71,1
17672.0,2600.46,5,1068,93,2010-10-18 13:34:00,2010-01-26 17:20:00,520.092,44,264,0.01893939393939394,1,3178.17,1
17673.0,2578.91,7,1822,151,2010-11-29 15:26:00,2010-03-19 14:02:00,368.4157142857143,2,255,0.027450980392156862,1,1594.97,1
17675.0,17268.2,39,7820,173,2010-11-24 10:09:00,2009-12-10 16:10:00,442.774358974359,7,348,0.11206896551724138,1,20374.28,1
17676.0,1077.46,4,842,53,2010-10-19 11:24:00,2010-03-30 10:49:00,269.365,43,203,0.019704433497536946,1,1371.18,1
17677.0,18713.08,24,11149,231,2010-11-05 10:53:00,2009-12-16 11:23:00,779.7116666666667,26,323,0.07430340557275542,1,16345.38,1
17678.0,301.65,1,161,12,2010-04-15 13:54:00,2010-04-15 13:54:00,301.65,230,0,1.0,1,298.11,0
17679.0,1585.5,5,1026,41,2010-07-06 09:39:00,2009-12-03 17:32:00,317.1,148,214,0.02336448598130841,1,1992.1100000000001,1
17680.0,313.05,2,59,9,2010-11-21 13:31:00,2010-07-16 16:07:00,156.525,10,127,0.015748031496062992,1,184.4,0
17681.0,731.2,5,450,12,2010-04-21 17:22:00,2010-01-15 11:53:00,146.24,224,96,0.052083333333333336,1,0.0,0
17682.0,1590.95,5,914,53,2010-09-24 13:06:00,2010-03-08 09:49:00,318.19,68,200,0.025,1,2474.33,1
17683.0,819.01,3,781,41,2010-11-19 10:11:00,2010-06-03 17:15:00,273.00333333333333,12,168,0.017857142857142856,1,0.0,0
17685.0,2299.12,5,1567,55,2010-11-12 13:15:00,2010-02-11 13:44:00,459.82399999999996,19,273,0.018315018315018316,1,3155.83,1
17686.0,2557.35,2,1105,127,2010-10-12 17:06:00,2010-06-24 09:49:00,1278.675,50,110,0.01818181818181818,1,5739.46,1
17687.0,432.68,1,210,26,2010-10-15 12:30:00,2010-10-15 12:30:00,432.68,47,0,1.0,1,0.0,0
17688.0,304.2,1,114,19,2010-11-11 10:41:00,2010-11-11 10:41:00,304.2,20,0,1.0,1,0.0,0
17689.0,317.08,2,300,17,2010-11-16 13:22:00,2010-08-22 13:54:00,158.54,15,85,0.023529411764705882,1,0.0,0
17690.0,2237.0,5,1170,92,2010-11-22 14:17:00,2010-02-03 14:26:00,447.4,9,291,0.01718213058419244,1,4726.8,1
17691.0,347.15,2,181,23,2010-11-05 13:18:00,2010-06-11 11:50:00,173.575,26,147,0.013605442176870748,1,290.40000000000003,0
17692.0,2234.86,8,1666,67,2010-11-08 13:39:00,2010-06-17 11:14:00,279.3575,23,144,0.05555555555555555,1,725.58,0
17694.0,1412.85,2,1309,45,2010-07-16 10:22:00,2010-05-26 08:27:00,706.425,138,51,0.0392156862745098,1,283.12,0
17695.0,980.6999999999999,3,1030,20,2010-11-10 14:44:00,2010-01-28 09:27:00,326.9,21,286,0.01048951048951049,1,765.34,0
17696.0,5393.88,19,4135,155,2010-11-22 09:55:00,2009-12-10 17:09:00,283.8884210526316,9,346,0.05491329479768786,1,2285.71,1
17699.0,442.0,2,208,17,2010-08-20 09:39:00,2010-05-27 11:53:00,221.0,103,84,0.023809523809523808,1,0.0,0
17700.0,4145.33,10,2203,173,2010-11-23 15:55:00,2009-12-01 11:37:00,414.533,8,357,0.028011204481792718,1,2534.64,1
17702.0,1319.67,2,800,69,2010-11-21 13:15:00,2010-11-04 12:09:00,659.835,10,17,0.11764705882352941,1,1824.37,1
17703.0,296.1,1,307,23,2010-10-17 16:16:00,2010-10-17 16:16:00,296.1,45,0,1.0,1,798.74,0
17705.0,260.38,2,338,16,2010-09-10 14:43:00,2010-05-12 09:47:00,130.19,82,121,0.01652892561983471,1,1823.52,1
17706.0,9767.66,14,3925,254,2010-11-21 13:57:00,2010-01-19 12:13:00,697.6899999999999,10,306,0.0457516339869281,1,10504.49,1
17707.0,456.9,6,402,9,2010-11-28 15:52:00,2009-12-07 12:19:00,76.14999999999999,3,356,0.016853932584269662,1,152.4,0
17708.0,620.85,2,297,37,2010-11-02 08:57:00,2010-10-12 12:13:00,310.425,29,20,0.1,1,263.33,0
17709.0,533.5600000000001,4,278,31,2010-08-26 14:02:00,2010-04-15 14:48:00,133.39000000000001,97,132,0.030303030303030304,1,137.45,0
17710.0,293.5,1,158,20,2010-10-12 07:49:00,2010-10-12 07:49:00,293.5,50,0,1.0,1,0.0,0
17713.0,1198.09,4,989,55,2010-11-22 16:50:00,2010-06-09 09:33:00,299.5225,9,166,0.024096385542168676,1,0.0,0
17714.0,1257.18,4,516,60,2010-10-11 08:30:00,2010-07-14 10:41:00,314.295,51,88,0.045454545454545456,1,153.0,0
17715.0,163.2,1,192,1,2010-04-26 12:17:00,2010-04-26 12:17:00,163.2,219,0,1.0,1,326.4,0
17716.0,10300.98,13,5747,208,2010-11-08 10:45:00,2009-12-02 17:18:00,792.3830769230769,23,340,0.03823529411764706,1,5655.99,1
17717.0,376.92,1,344,26,2010-10-14 12:54:00,2010-10-14 12:54:00,376.92,48,0,1.0,1,0.0,0
17718.0,299.83,1,191,17,2010-03-05 08:01:00,2010-03-05 08:01:00,299.83,271,0,1.0,1,139.35,0
17720.0,1470.97,6,1013,62,2010-11-25 13:10:00,2010-05-10 09:58:00,245.16166666666666,6,199,0.03015075376884422,1,1195.94,0
17721.0,307.21000000000004,1,107,11,2010-02-18 15:18:00,2010-02-18 15:18:00,307.21000000000004,286,0,1.0,1,0.0,0
17722.0,1096.18,1,817,59,2010-11-29 09:44:00,2010-11-29 09:44:00,1096.18,2,0,1.0,1,2424.04,1
17723.0,102.0,1,120,2,2010-11-29 10:35:00,2010-11-29 10:35:00,102.0,2,0,1.0,1,3276.4000000000005,1
17726.0,1092.06,7,444,52,2010-11-09 13:37:00,2010-01-26 14:58:00,156.00857142857143,22,286,0.024475524475524476,1,0.0,0
17728.0,1362.75,2,677,79,2010-10-31 15:50:00,2010-09-12 14:58:00,681.375,31,49,0.04081632653061224,1,2876.01,1
17729.0,438.65000000000003,1,247,23,2010-04-22 15:03:00,2010-04-22 15:03:00,438.65000000000003,223,0,1.0,1,0.0,0
17730.0,2475.32,7,1724,75,2010-11-22 12:26:00,2010-04-29 11:48:00,353.6171428571429,9,207,0.033816425120772944,1,5298.4800000000005,1
17731.0,468.88,2,214,30,2010-03-28 12:43:00,2010-02-09 12:37:00,234.44,248,47,0.0425531914893617,1,1240.11,0
17732.0,1862.45,7,965,82,2010-11-18 09:22:00,2010-08-09 08:41:00,266.06428571428575,13,101,0.06930693069306931,1,303.97,0
17734.0,741.69,3,319,40,2010-07-02 10:01:00,2010-03-07 13:55:00,247.23000000000002,152,116,0.02586206896551724,1,700.63,0
17735.0,3680.31,7,2244,134,2010-11-19 14:26:00,2010-07-30 13:25:00,525.7585714285714,12,112,0.0625,1,13110.02,1
17738.0,2304.51,9,1747,103,2010-11-09 14:24:00,2010-03-19 10:07:00,256.0566666666667,22,235,0.03829787234042553,1,1879.05,1
17739.0,4939.24,11,1474,44,2010-11-30 09:52:00,2009-12-07 10:48:00,449.02181818181816,1,357,0.03081232492997199,1,2791.35,1
17740.0,426.90000000000003,6,222,5,2010-11-15 16:33:00,2010-01-11 13:11:00,71.15,16,308,0.01948051948051948,1,0.0,0
17741.0,101.1,2,114,6,2010-10-29 11:59:00,2010-05-28 12:11:00,50.55,33,153,0.013071895424836602,1,0.0,0
17742.0,1743.3700000000001,9,564,46,2010-10-07 15:03:00,2009-12-01 13:16:00,193.70777777777778,55,310,0.02903225806451613,1,355.11,0
17743.0,229.2,1,96,3,2010-09-17 14:54:00,2010-09-17 14:54:00,229.2,75,0,1.0,1,0.0,0
17744.0,326.74,1,414,15,2010-11-24 09:34:00,2010-11-24 09:34:00,326.74,7,0,1.0,1,2322.4,1
17745.0,600.34,2,164,27,2010-08-19 12:30:00,2010-06-02 09:03:00,300.17,104,78,0.02564102564102564,1,0.0,0
17746.0,793.9300000000001,3,659,28,2010-08-25 13:31:00,2010-04-08 12:54:00,264.6433333333334,98,139,0.02158273381294964,1,110.25,0
17748.0,358.15,1,111,17,2010-06-30 13:49:00,2010-06-30 13:49:00,358.15,154,0,1.0,1,0.0,0
17749.0,351.66,1,126,22,2010-06-11 14:56:00,2010-06-11 14:56:00,351.66,173,0,1.0,1,674.52,0
17751.0,157.85999999999999,1,147,31,2010-10-14 13:57:00,2010-10-14 13:57:00,157.85999999999999,48,0,1.0,1,0.0,0
17753.0,382.06,4,124,63,2010-09-01 15:49:00,2010-01-06 14:20:00,95.515,91,238,0.01680672268907563,1,0.0,0
17754.0,2786.57,8,2550,117,2010-11-30 11:31:00,2009-12-11 15:52:00,348.32125,1,353,0.0226628895184136,1,1664.6499999999999,1
17756.0,728.75,3,399,54,2010-11-29 12:20:00,2010-11-10 12:54:00,242.91666666666666,2,18,0.16666666666666666,1,0.0,0
17757.0,3480.66,26,1693,241,2010-11-26 14:22:00,2010-01-13 15:56:00,133.87153846153845,5,316,0.08227848101265822,1,5589.4400000000005,1
17758.0,1555.83,4,1145,121,2010-10-08 12:08:00,2010-05-20 13:18:00,388.9575,54,140,0.02857142857142857,1,3408.2,1
17759.0,441.92,2,268,41,2010-11-11 15:09:00,2010-05-05 11:40:00,220.96,20,190,0.010526315789473684,1,818.71,0
17760.0,458.8,4,292,37,2010-10-19 11:59:00,2010-02-28 12:15:00,114.7,43,232,0.017241379310344827,1,287.59,0
17762.0,129.75,1,129,16,2010-09-09 17:40:00,2010-09-09 17:40:00,129.75,83,0,1.0,1,0.0,0
17763.0,71.15,3,29,11,2010-02-24 13:34:00,2010-02-18 14:32:00,23.71666666666667,280,5,0.6,1,15.0,0
17764.0,741.02,3,323,66,2010-11-02 17:12:00,2009-12-03 14:28:00,247.00666666666666,29,334,0.008982035928143712,1,772.55,0
17765.0,156.37,1,52,22,2010-09-17 12:45:00,2010-09-17 12:45:00,156.37,75,0,1.0,1,367.63,0
17766.0,299.61,2,155,21,2010-11-23 14:29:00,2010-11-23 14:17:00,149.805,8,0,2.0,1,0.0,0
17767.0,141.85,1,70,18,2010-10-25 16:22:00,2010-10-25 16:22:00,141.85,37,0,1.0,1,271.2,0
17768.0,1210.83,4,1217,69,2010-11-17 13:42:00,2009-12-02 12:26:00,302.7075,14,350,0.011428571428571429,1,2081.9,1
17769.0,3095.95,7,1307,195,2010-11-21 12:11:00,2010-01-19 11:33:00,442.2785714285714,10,306,0.02287581699346405,1,3957.43,1
17771.0,141.6,2,86,14,2010-09-29 16:35:00,2010-04-29 13:21:00,70.8,63,153,0.013071895424836602,1,245.33,0
17772.0,187.3,1,58,45,2010-11-12 11:31:00,2010-11-12 11:31:00,187.3,19,0,1.0,1,173.45,0
17773.0,575.37,2,254,48,2010-07-13 14:07:00,2010-01-18 14:32:00,287.685,141,175,0.011428571428571429,1,0.0,0
17774.0,2059.1,5,1075,204,2010-11-07 12:31:00,2010-02-08 16:06:00,411.82,24,271,0.01845018450184502,1,1213.73,0
17776.0,329.3,2,270,73,2010-11-18 12:14:00,2009-12-16 14:59:00,164.65,13,336,0.005952380952380952,1,0.0,0
17778.0,197.70000000000002,1,214,10,2010-02-16 12:44:00,2010-02-16 12:44:00,197.70000000000002,288,0,1.0,1,0.0,0
17780.0,346.56,3,156,76,2010-02-10 13:43:00,2010-01-24 11:21:00,115.52,294,17,0.17647058823529413,1,0.0,0
17782.0,679.02,2,538,29,2010-11-22 11:15:00,2010-11-22 10:03:00,339.51,9,0,2.0,1,0.0,0
17783.0,93.49,1,84,24,2010-07-15 12:50:00,2010-07-15 12:50:00,93.49,139,0,1.0,1,283.47,0
17784.0,112.86,1,72,19,2010-06-07 16:08:00,2010-06-07 16:08:00,112.86,177,0,1.0,1,0.0,0
17785.0,271.44,2,160,38,2010-09-20 14:14:00,2010-05-23 13:01:00,135.72,72,120,0.016666666666666666,1,131.94,0
17789.0,171.25,1,125,13,2010-02-16 13:16:00,2010-02-16 13:16:00,171.25,288,0,1.0,1,225.9,0
17790.0,815.11,6,552,87,2010-11-26 10:19:00,2010-06-13 13:30:00,135.85166666666666,5,165,0.03636363636363636,1,1964.3,1
17792.0,368.35,2,149,45,2010-08-29 14:30:00,2010-08-18 13:08:00,184.175,94,11,0.18181818181818182,1,0.0,0
17794.0,147.3,2,46,7,2010-01-22 10:18:00,2010-01-20 12:17:00,73.65,313,1,2.0,1,0.0,0
17796.0,546.39,3,171,111,2010-11-26 12:00:00,2010-10-14 13:37:00,182.13,5,42,0.07142857142857142,1,690.0,0
17797.0,1191.44,5,588,131,2010-11-09 14:33:00,2009-12-15 14:30:00,238.288,22,329,0.015197568389057751,1,780.43,0
17798.0,172.17,1,136,42,2010-05-07 11:42:00,2010-05-07 11:42:00,172.17,208,0,1.0,1,0.0,0
17799.0,3207.76,10,1921,308,2010-11-15 13:58:00,2009-12-13 16:03:00,320.776,16,336,0.02976190476190476,1,3039.17,1
17801.0,770.03,3,820,66,2010-09-14 14:32:00,2010-01-17 11:31:00,256.6766666666667,78,240,0.0125,1,0.0,0
17802.0,3661.18,7,1953,244,2010-11-28 16:09:00,2009-12-13 13:39:00,523.0257142857142,3,350,0.02,1,1285.04,1
17803.0,184.66,1,98,27,2010-11-12 13:53:00,2010-11-12 13:53:00,184.66,19,0,1.0,1,0.0,0
17804.0,383.78000000000003,3,194,82,2010-11-28 14:01:00,2009-12-01 12:22:00,127.92666666666668,3,362,0.008287292817679558,1,0.0,0
17805.0,414.72,1,648,1,2010-04-08 14:36:00,2010-04-08 14:36:00,414.72,237,0,1.0,1,512.31,0
17807.0,437.87,3,262,88,2010-11-09 16:21:00,2010-01-04 14:00:00,145.95666666666668,22,309,0.009708737864077669,1,0.0,0
17808.0,262.64,4,143,29,2010-06-09 10:44:00,2010-05-07 16:26:00,65.66,175,32,0.125,1,0.0,0
17809.0,4673.9800000000005,8,938,27,2010-10-26 18:27:00,2009-12-02 14:52:00,584.2475000000001,36,328,0.024390243902439025,1,5411.91,1
17810.0,343.21,2,117,50,2010-02-09 10:47:00,2010-01-25 10:26:00,171.605,295,15,0.13333333333333333,1,0.0,0
17811.0,1757.98,8,1132,253,2010-11-30 10:56:00,2010-09-20 11:24:00,219.7475,1,70,0.11428571428571428,1,7755.12,1
17812.0,212.18,3,115,53,2010-11-30 16:37:00,2010-06-27 13:34:00,70.72666666666667,1,156,0.019230769230769232,1,699.81,0
17814.0,1609.37,2,1435,112,2010-11-29 14:21:00,2010-10-13 14:03:00,804.685,2,47,0.0425531914893617,1,0.0,0
17815.0,591.96,1,612,13,2010-11-11 14:39:00,2010-11-11 14:39:00,591.96,20,0,1.0,1,0.0,0
17816.0,59.55,2,50,28,2010-02-19 13:53:00,2009-12-15 15:27:00,29.775,285,65,0.03076923076923077,1,36.56,0
17817.0,400.46999999999997,3,286,87,2010-11-26 14:09:00,2010-10-13 15:07:00,133.48999999999998,5,43,0.06976744186046512,1,387.68,0
17818.0,124.78,1,86,42,2009-12-02 11:34:00,2009-12-02 11:34:00,124.78,364,0,1.0,1,0.0,0
17819.0,2316.18,5,579,34,2010-09-22 11:01:00,2009-12-13 15:24:00,463.236,70,282,0.01773049645390071,1,3704.87,1
17820.0,180.60999999999999,1,111,39,2010-11-30 17:43:00,2010-11-30 17:43:00,180.60999999999999,1,0,1.0,1,0.0,0
17821.0,334.62,1,162,6,2010-10-29 13:20:00,2010-10-29 13:20:00,334.62,33,0,1.0,1,0.0,0
17822.0,2154.08,5,1372,151,2010-10-15 13:47:00,2010-05-28 12:15:00,430.816,47,140,0.03571428571428571,1,0.0,0
17823.0,449.25,2,252,88,2010-10-14 16:24:00,2010-10-14 16:14:00,224.625,48,0,2.0,1,0.0,0
17825.0,701.96,4,516,24,2010-04-20 12:01:00,2009-12-14 12:09:00,175.49,225,126,0.031746031746031744,1,0.0,0
17826.0,133.34,1,84,33,2010-11-30 13:23:00,2010-11-30 13:23:00,133.34,1,0,1.0,1,0.0,0
17827.0,388.84,1,342,65,2010-03-28 12:20:00,2010-03-28 12:20:00,388.84,248,0,1.0,1,1987.33,1
17829.0,3867.5,4,2513,121,2010-10-26 13:46:00,2010-02-22 15:39:00,966.875,36,245,0.0163265306122449,0,889.24,0
17833.0,338.46000000000004,1,143,28,2009-12-16 13:40:00,2009-12-16 13:40:00,338.46000000000004,350,0,1.0,1,0.0,0
17834.0,689.6700000000001,2,639,54,2010-10-21 12:09:00,2010-09-20 15:32:00,344.83500000000004,41,30,0.06666666666666667,1,0.0,0
17838.0,2883.84,8,1660,75,2010-08-16 16:45:00,2010-03-19 09:53:00,360.48,107,150,0.05333333333333334,1,2720.8,1
17840.0,175.9,1,128,44,2010-09-22 12:24:00,2010-09-22 12:24:00,175.9,70,0,1.0,1,0.0,0
17841.0,28023.96,87,13749,1492,2010-11-28 14:49:00,2009-12-02 15:41:00,322.1144827586207,3,360,0.24166666666666667,1,40495.99,1
17842.0,430.69,1,89,18,2010-04-16 14:23:00,2010-04-16 14:23:00,430.69,229,0,1.0,1,0.0,0
17843.0,114.92,1,138,22,2010-10-24 10:56:00,2010-10-24 10:56:00,114.92,38,0,1.0,1,197.73,0
17845.0,596.09,4,195,42,2010-06-02 15:20:00,2010-05-12 13:04:00,149.0225,182,21,0.19047619047619047,1,0.0,0
17847.0,125.74000000000001,2,28,8,2010-07-12 10:00:00,2010-03-04 12:57:00,62.870000000000005,142,129,0.015503875968992248,1,0.0,0
17848.0,2637.26,21,974,75,2010-10-18 16:38:00,2009-12-06 13:19:00,125.58380952380953,44,316,0.06645569620253164,1,901.2,0
17849.0,457.96000000000004,4,110,18,2010-08-16 11:31:00,2010-03-14 15:17:00,114.49000000000001,107,154,0.025974025974025976,1,605.8000000000001,0
17850.0,45817.66,121,19319,91,2010-09-27 14:12:00,2009-12-05 12:28:00,378.65834710743803,65,296,0.40878378378378377,1,5391.21,1
17851.0,1552.35,6,933,185,2010-10-13 15:13:00,2009-12-03 17:46:00,258.72499999999997,49,313,0.019169329073482427,1,0.0,0
17852.0,543.47,3,319,62,2010-11-16 12:19:00,2009-12-08 12:51:00,181.15666666666667,15,342,0.008771929824561403,1,114.34,0
17853.0,1596.29,3,625,84,2010-10-28 15:29:00,2009-12-03 15:09:00,532.0966666666667,34,329,0.00911854103343465,1,0.0,0
17854.0,757.24,4,523,98,2010-09-03 12:06:00,2009-12-08 11:13:00,189.31,89,269,0.01486988847583643,1,311.26,0
17857.0,468.0,1,650,2,2010-03-08 12:09:00,2010-03-08 12:09:00,468.0,268,0,1.0,1,25301.54,1
17858.0,7377.99,18,2689,101,2010-11-26 16:44:00,2009-12-06 15:41:00,409.8883333333333,5,355,0.05070422535211268,1,5140.66,1
17860.0,490.94,3,603,91,2010-10-07 13:09:00,2009-12-11 16:48:00,163.64666666666668,55,299,0.010033444816053512,1,226.45000000000002,0
17861.0,2990.41,10,2556,211,2010-11-19 13:43:00,2009-12-10 11:27:00,299.041,12,344,0.029069767441860465,1,2097.88,1
17862.0,923.99,3,340,83,2010-11-19 12:09:00,2010-05-25 17:22:00,307.99666666666667,12,177,0.01694915254237288,1,330.9,0
17863.0,2200.48,6,2038,76,2010-10-22 09:09:00,2010-02-25 12:01:00,366.74666666666667,40,238,0.025210084033613446,1,3160.0,1
17864.0,321.72,2,309,37,2010-11-19 12:04:00,2010-10-08 11:49:00,160.86,12,42,0.047619047619047616,1,554.85,0
17865.0,15785.87,26,7193,288,2010-11-29 10:37:00,2009-12-01 10:49:00,607.1488461538462,2,362,0.0718232044198895,1,10524.22,1
17866.0,805.3000000000001,2,361,15,2010-08-12 12:43:00,2009-12-14 16:01:00,402.65000000000003,111,240,0.008333333333333333,1,329.65000000000003,0
17867.0,419.18,9,129,57,2010-10-25 15:51:00,2009-12-02 13:39:00,46.57555555555555,37,327,0.027522935779816515,1,1157.8700000000001,0
17868.0,227.15,1,85,18,2010-11-18 18:55:00,2010-11-18 18:55:00,227.15,13,0,1.0,1,0.0,0
17869.0,385.46,2,380,38,2010-08-27 12:18:00,2010-06-10 13:47:00,192.73,96,77,0.025974025974025976,1,428.18,0
17870.0,887.3999999999999,1,348,2,2010-11-23 11:39:00,2010-11-23 11:39:00,887.3999999999999,8,0,1.0,1,1865.8899999999999,1
17871.0,913.05,4,483,58,2010-11-07 13:21:00,2010-01-15 14:48:00,228.2625,24,295,0.013559322033898305,1,155.9,0
17872.0,235.87,1,176,15,2010-11-23 12:02:00,2010-11-23 12:02:00,235.87,8,0,1.0,1,0.0,0
17873.0,4416.37,13,3124,59,2010-11-19 14:30:00,2009-12-16 15:11:00,339.72076923076924,12,337,0.03857566765578635,1,1719.5800000000002,1
17875.0,167.1,1,98,25,2010-01-20 15:30:00,2010-01-20 15:30:00,167.1,315,0,1.0,1,0.0,0
17876.0,3424.02,3,1958,3,2010-11-05 10:52:00,2010-02-02 13:00:00,1141.34,26,275,0.01090909090909091,1,0.0,0
17878.0,999.48,2,613,56,2010-11-09 13:52:00,2010-11-09 13:50:00,499.74,22,0,2.0,1,379.45,0
17880.0,366.0,2,152,19,2010-03-10 12:39:00,2009-12-09 16:13:00,183.0,266,90,0.022222222222222223,1,458.92,0
17882.0,291.56,2,130,47,2010-11-25 14:40:00,2010-11-25 14:35:00,145.78,6,0,2.0,1,0.0,0
17883.0,324.08,3,102,30,2010-06-18 16:40:00,2010-02-25 20:07:00,108.02666666666666,166,112,0.026785714285714284,1,664.34,0
17884.0,1998.4,16,1931,224,2010-11-18 13:30:00,2009-12-04 16:23:00,124.9,13,348,0.04597701149425287,1,695.07,0
17886.0,703.27,3,242,56,2010-09-28 14:44:00,2010-04-29 11:10:00,234.42333333333332,64,152,0.019736842105263157,1,869.28,0
17888.0,1091.44,17,563,88,2010-11-30 16:17:00,2009-12-21 16:34:00,64.20235294117647,1,343,0.04956268221574344,1,716.0,0
17889.0,545.05,5,326,80,2010-11-30 12:33:00,2010-03-31 10:54:00,109.00999999999999,1,244,0.020491803278688523,1,201.37,0
17894.0,1185.6200000000001,10,534,133,2010-11-24 09:37:00,2010-08-27 14:13:00,118.56200000000001,7,88,0.11363636363636363,1,1118.54,0
17897.0,1511.23,6,634,120,2010-11-16 11:35:00,2010-05-12 16:03:00,251.87166666666667,15,187,0.03208556149732621,1,541.81,0
17898.0,147.12,2,61,22,2010-09-13 12:01:00,2010-05-21 17:22:00,73.56,79,114,0.017543859649122806,1,152.06,0
17901.0,149.7,2,14,3,2010-07-06 11:05:00,2010-07-06 10:54:00,74.85,148,0,2.0,1,110.38,0
17902.0,216.4,1,526,24,2010-06-11 12:25:00,2010-06-11 12:25:00,216.4,173,0,1.0,1,0.0,0
17903.0,381.09000000000003,1,142,44,2010-11-10 15:39:00,2010-11-10 15:39:00,381.09000000000003,21,0,1.0,1,0.0,0
17905.0,1369.38,9,868,96,2010-09-15 12:11:00,2010-01-28 17:54:00,152.15333333333334,77,229,0.039301310043668124,1,798.99,0
17907.0,291.76,1,1046,13,2010-03-09 12:33:00,2010-03-09 12:33:00,291.76,267,0,1.0,1,0.0,0
17908.0,910.44,4,501,141,2010-10-07 14:11:00,2009-12-14 12:24:00,227.61,55,297,0.013468013468013467,1,232.03,0
17909.0,110.05,1,35,8,2009-12-02 13:10:00,2009-12-02 13:10:00,110.05,364,0,1.0,1,0.0,0
17910.0,261.7,1,121,25,2009-12-13 16:04:00,2009-12-13 16:04:00,261.7,353,0,1.0,1,0.0,0
17912.0,61.54,1,26,12,2010-11-29 13:53:00,2010-11-29 13:53:00,61.54,2,0,1.0,1,310.06,0
17913.0,3016.44,12,1427,199,2010-11-04 19:12:00,2009-12-03 13:02:00,251.37,27,336,0.03571428571428571,1,408.65,0
17915.0,225.78,1,184,27,2010-06-06 13:22:00,2010-06-06 13:22:00,225.78,178,0,1.0,1,0.0,0
17916.0,43.87,2,90,15,2010-03-21 12:26:00,2009-12-06 14:10:00,21.935,255,104,0.019230769230769232,1,0.0,0
17918.0,388.44,3,351,33,2010-07-27 11:51:00,2010-07-22 14:20:00,129.48,127,4,0.75,1,0.0,0
17919.0,536.28,1,696,17,2010-09-27 10:40:00,2010-09-27 10:40:00,536.28,65,0,1.0,1,1304.04,1
17920.0,19462.28,37,9792,426,2010-11-25 14:47:00,2009-12-06 10:37:00,526.0075675675675,6,354,0.10451977401129943,1,4107.6,1
17921.0,1574.13,6,566,148,2010-11-25 19:24:00,2010-07-15 20:05:00,262.355,6,132,0.045454545454545456,1,820.23,0
17922.0,170.4,1,49,8,2010-06-14 16:32:00,2010-06-14 16:32:00,170.4,170,0,1.0,1,0.0,0
17923.0,289.5,2,90,2,2010-06-30 13:41:00,2010-06-13 13:58:00,144.75,154,16,0.125,1,207.50000000000003,0
17924.0,295.2,1,48,2,2010-10-21 12:17:00,2010-10-21 12:17:00,295.2,41,0,1.0,1,2962.5,1
17926.0,638.2,3,266,16,2010-09-21 18:42:00,2010-05-09 14:07:00,212.73333333333335,71,135,0.022222222222222223,1,397.29,0
17927.0,294.0,1,108,10,2009-12-18 11:03:00,2009-12-18 11:03:00,294.0,348,0,1.0,1,0.0,0
17928.0,128.7,1,82,4,2010-05-17 15:30:00,2010-05-17 15:30:00,128.7,198,0,1.0,1,184.46,0
17929.0,2239.1,8,326,5,2010-11-17 12:01:00,2009-12-09 11:40:00,279.8875,14,343,0.023323615160349854,1,843.0,0
17930.0,2534.7400000000002,8,2201,22,2010-11-11 08:29:00,2010-03-04 10:41:00,316.84250000000003,20,251,0.03187250996015936,1,1740.48,1
17931.0,2993.88,12,1670,222,2010-11-07 12:36:00,2010-02-16 15:47:00,249.49,24,263,0.045627376425855515,1,408.36,0
17933.0,105.99,1,57,11,2010-03-17 15:11:00,2010-03-17 15:11:00,105.99,259,0,1.0,1,0.0,0
17934.0,344.90000000000003,1,150,20,2010-10-29 12:23:00,2010-10-29 12:23:00,344.90000000000003,33,0,1.0,1,704.25,0
17935.0,540.35,5,162,33,2010-11-04 12:06:00,2009-12-04 14:33:00,108.07000000000001,27,334,0.014970059880239521,1,142.89000000000001,0
17938.0,144.29,1,53,29,2010-10-15 14:27:00,2010-10-15 14:27:00,144.29,47,0,1.0,1,0.0,0
17940.0,26286.75,6,75825,9,2010-09-20 15:33:00,2009-12-03 12:31:00,4381.125,72,291,0.020618556701030927,1,2152.1800000000003,1
17941.0,1128.72,3,856,3,2010-04-28 09:23:00,2010-01-06 15:37:00,376.24,217,111,0.02702702702702703,1,304.56,0
17944.0,74.99,1,84,24,2010-10-12 16:25:00,2010-10-12 16:25:00,74.99,50,0,1.0,1,0.0,0
17945.0,359.5,3,243,65,2010-01-12 11:40:00,2010-01-12 11:33:00,119.83333333333333,323,0,3.0,1,0.0,0
17949.0,49803.0,72,29990,32,2010-11-05 12:10:00,2009-12-02 11:07:00,691.7083333333334,26,338,0.21301775147928995,1,58030.48,1
17950.0,684.09,4,293,85,2010-10-31 12:18:00,2010-01-04 17:39:00,171.0225,31,299,0.013377926421404682,1,482.2,0
17951.0,332.04,1,164,8,2010-10-31 15:15:00,2010-10-31 15:15:00,332.04,31,0,1.0,1,1008.5400000000001,0
17952.0,788.46,4,477,85,2010-11-26 13:54:00,2010-06-16 11:54:00,197.115,5,163,0.024539877300613498,1,0.0,0
17953.0,148.67000000000002,1,73,19,2010-06-17 15:08:00,2010-06-17 15:08:00,148.67000000000002,167,0,1.0,1,0.0,0
17954.0,1487.7,7,956,234,2010-11-11 13:53:00,2009-12-09 13:22:00,212.52857142857144,20,337,0.020771513353115726,1,2314.13,1
17955.0,392.6,2,408,2,2010-02-22 11:22:00,2010-02-12 16:27:00,196.3,282,9,0.2222222222222222,1,557.3,0
17958.0,465.41999999999996,1,200,29,2009-12-11 15:37:00,2009-12-11 15:37:00,465.41999999999996,355,0,1.0,1,508.46000000000004,0
17959.0,140.75,1,49,2,2010-04-26 14:12:00,2010-04-26 14:12:00,140.75,219,0,1.0,1,0.0,0
17960.0,61.300000000000004,2,19,11,2010-07-05 09:56:00,2010-03-08 12:22:00,30.650000000000002,149,118,0.01694915254237288,1,73.78,0
17961.0,1570.3,61,931,324,2010-11-11 19:43:00,2009-12-01 14:48:00,25.742622950819673,19,345,0.17681159420289855,1,1296.44,1
17962.0,563.5,3,505,125,2010-06-08 16:24:00,2010-01-13 15:24:00,187.83333333333334,176,146,0.02054794520547945,1,102.41,0
17963.0,643.16,4,341,98,2010-08-25 15:58:00,2010-01-19 17:25:00,160.79,98,217,0.018433179723502304,1,0.0,0
17965.0,4403.71,15,2848,387,2010-11-17 10:54:00,2009-12-14 13:19:00,293.5806666666667,14,337,0.04451038575667656,1,2599.19,1
17966.0,865.49,5,1347,33,2010-04-27 10:14:00,2010-01-18 13:24:00,173.098,218,98,0.05102040816326531,1,1098.43,0
17967.0,111.15,1,38,19,2010-10-19 13:19:00,2010-10-19 13:19:00,111.15,43,0,1.0,1,112.27,0
17968.0,325.34000000000003,3,201,43,2010-11-16 11:36:00,2010-07-15 15:01:00,108.44666666666667,15,123,0.024390243902439025,1,265.1,0
17969.0,2126.09,18,862,103,2010-07-25 13:08:00,2009-12-06 13:53:00,118.11611111111112,129,230,0.0782608695652174,1,228.2,0
17971.0,161.94,1,62,21,2010-06-09 14:04:00,2010-06-09 14:04:00,161.94,175,0,1.0,1,0.0,0
17974.0,1035.1,3,689,161,2010-11-23 13:24:00,2010-10-28 20:03:00,345.0333333333333,8,25,0.12,1,703.99,0
17975.0,2213.07,11,614,83,2010-11-23 11:52:00,2010-08-06 11:24:00,201.18818181818185,8,109,0.10091743119266056,1,4479.96,1
17977.0,1223.31,1,1606,83,2010-11-04 14:26:00,2010-11-04 14:26:00,1223.31,27,0,1.0,1,288.14,0
17978.0,859.0699999999999,3,798,52,2010-10-13 15:22:00,2009-12-08 13:27:00,286.3566666666666,49,309,0.009708737864077669,1,300.91999999999996,0
17980.0,201.27,1,89,27,2010-11-11 14:42:00,2010-11-11 14:42:00,201.27,20,0,1.0,1,811.45,0
17981.0,239.12,1,260,17,2010-10-25 10:40:00,2010-10-25 10:40:00,239.12,37,0,1.0,1,0.0,0
17982.0,138.18,1,117,13,2010-01-28 09:38:00,2010-01-28 09:38:00,138.18,307,0,1.0,1,0.0,0
17983.0,171.71,1,108,23,2010-11-09 13:24:00,2010-11-09 13:23:00,171.71,22,0,1.0,1,0.0,0
17984.0,996.01,4,840,164,2010-11-12 14:13:00,2009-12-01 11:51:00,249.0025,19,346,0.011560693641618497,1,152.68,0
17987.0,766.87,4,720,132,2010-11-28 16:04:00,2010-06-07 11:23:00,191.7175,3,174,0.022988505747126436,1,198.57,0
17988.0,284.57,6,136,80,2010-08-09 16:56:00,2009-12-07 13:35:00,47.428333333333335,114,245,0.024489795918367346,1,201.12,0
17989.0,207.33,1,300,26,2010-11-25 13:49:00,2010-11-25 13:49:00,207.33,6,0,1.0,1,0.0,0
17990.0,896.7700000000001,3,363,23,2010-11-24 09:57:00,2009-12-07 15:19:00,298.92333333333335,7,351,0.008547008547008548,1,630.84,0
17991.0,205.3,1,67,32,2010-04-27 12:46:00,2010-04-27 12:46:00,205.3,218,0,1.0,1,93.35,0
17992.0,252.88,1,130,49,2010-11-15 13:04:00,2010-11-15 13:04:00,252.88,16,0,1.0,1,0.0,0
17993.0,225.99,1,108,60,2010-04-01 14:23:00,2010-04-01 14:23:00,225.99,244,0,1.0,1,0.0,0
17994.0,1589.1399999999999,7,1683,184,2010-11-16 09:56:00,2010-03-29 10:37:00,227.01999999999998,15,231,0.030303030303030304,1,674.89,0
17995.0,419.38,2,130,26,2010-11-22 16:34:00,2010-11-17 17:01:00,209.69,9,4,0.5,1,76.1,0
17996.0,469.73,3,527,62,2010-11-25 11:00:00,2010-06-11 11:48:00,156.57666666666668,6,166,0.018072289156626505,1,0.0,0
17998.0,639.24,3,561,57,2010-11-24 15:31:00,2009-12-01 13:07:00,213.08,7,358,0.008379888268156424,1,0.0,0
17999.0,148.07,1,67,42,2010-11-26 13:16:00,2010-11-26 13:16:00,148.07,5,0,1.0,1,380.39,0
18000.0,124.25,1,109,6,2010-05-24 17:34:00,2010-05-24 17:34:00,124.25,191,0,1.0,1,0.0,0
18001.0,509.01,4,512,69,2010-09-16 11:37:00,2009-12-02 15:38:00,127.2525,76,287,0.013937282229965157,1,415.13,0
18002.0,237.62,4,70,51,2010-11-29 10:57:00,2009-12-08 11:07:00,59.405,2,355,0.011267605633802818,1,0.0,0
18003.0,353.51,1,297,23,2010-11-28 15:09:00,2010-11-28 15:09:00,353.51,3,0,1.0,1,0.0,0
18006.0,524.83,3,175,36,2010-11-23 10:22:00,2009-12-17 12:27:00,174.94333333333336,8,340,0.008823529411764706,1,444.68,0
18007.0,215.22,1,246,46,2010-11-12 11:08:00,2010-11-12 11:08:00,215.22,19,0,1.0,1,0.0,0
18008.0,17642.89,14,6244,54,2010-10-20 14:28:00,2010-01-06 12:35:00,1260.2064285714284,42,287,0.04878048780487805,1,2116.19,1
18009.0,1896.84,7,526,122,2010-06-15 13:40:00,2010-02-25 11:49:00,270.97714285714284,169,110,0.06363636363636363,1,247.39,0
18011.0,308.0,1,54,35,2010-05-21 13:28:00,2010-05-21 13:28:00,308.0,194,0,1.0,1,102.78999999999999,0
18012.0,115.3,1,63,13,2009-12-16 13:16:00,2009-12-16 13:16:00,115.3,350,0,1.0,1,0.0,0
18016.0,476.90000000000003,2,180,44,2010-10-25 14:24:00,2010-01-27 16:00:00,238.45000000000002,37,270,0.007407407407407408,1,1477.66,1
18017.0,165.0,1,100,1,2010-10-04 15:11:00,2010-10-04 15:11:00,165.0,58,0,1.0,1,523.0,0
18018.0,175.85,2,131,14,2010-11-05 15:52:00,2010-10-15 11:05:00,87.925,26,21,0.09523809523809523,1,122.14,0
18020.0,190.48000000000002,1,67,12,2010-06-14 12:31:00,2010-06-14 12:31:00,190.48000000000002,170,0,1.0,1,0.0,0
18021.0,216.41,2,168,32,2010-07-18 10:52:00,2010-07-15 18:47:00,108.205,136,2,1.0,1,0.0,0
18022.0,893.9,4,605,202,2010-11-19 13:16:00,2010-06-11 13:59:00,223.475,12,160,0.025,1,612.72,0
18025.0,1177.72,6,1053,83,2010-11-25 12:37:00,2010-03-30 17:33:00,196.28666666666666,6,239,0.02510460251046025,1,0.0,0
18026.0,2074.07,2,530,12,2010-07-27 10:37:00,2010-07-22 16:21:00,1037.035,127,4,0.5,1,0.0,0
18028.0,192.05,1,133,4,2010-05-05 13:28:00,2010-05-05 13:28:00,192.05,210,0,1.0,1,0.0,0
18029.0,433.77,1,253,18,2010-03-07 15:30:00,2010-03-07 15:30:00,433.77,269,0,1.0,1,0.0,0
18031.0,451.3,1,298,49,2010-11-26 11:00:00,2010-11-26 11:00:00,451.3,5,0,1.0,1,0.0,0
18034.0,334.67,1,391,96,2010-11-29 12:36:00,2010-11-29 12:36:00,334.67,2,0,1.0,1,418.68,0
18035.0,546.34,2,550,8,2010-11-19 13:46:00,2010-11-19 13:42:00,273.17,12,0,2.0,1,713.89,0
18036.0,1142.37,8,509,171,2010-11-19 13:56:00,2009-12-18 12:04:00,142.79625,12,336,0.023809523809523808,1,403.12,0
18037.0,97.39999999999999,9,17,13,2010-10-14 12:46:00,2009-12-01 13:48:00,10.822222222222221,48,316,0.028481012658227847,1,70.02,0
18038.0,141.48,1,80,25,2010-06-01 15:59:00,2010-06-01 15:59:00,141.48,183,0,1.0,1,0.0,0
18039.0,548.22,4,555,137,2010-11-30 13:07:00,2010-03-09 11:19:00,137.055,1,266,0.015037593984962405,1,0.0,0
18041.0,3921.4,17,3558,253,2010-11-03 11:35:00,2010-01-14 10:04:00,230.67058823529413,28,293,0.05802047781569966,1,4097.37,1
18042.0,116.10000000000001,1,36,9,2010-06-16 10:53:00,2010-06-16 10:53:00,116.10000000000001,168,0,1.0,1,165.04999999999998,0
18044.0,1417.01,8,565,60,2010-11-17 13:25:00,2010-05-28 15:31:00,177.12625,14,172,0.046511627906976744,1,2088.6,1
18046.0,189.63,1,44,26,2010-02-28 11:36:00,2010-02-28 11:36:00,189.63,276,0,1.0,1,0.0,0
18047.0,326.09,2,130,74,2010-11-23 13:11:00,2010-11-23 12:57:00,163.045,8,0,2.0,1,0.0,0
18048.0,222.64000000000001,1,129,51,2010-08-03 13:03:00,2010-08-03 13:03:00,222.64000000000001,120,0,1.0,1,172.29000000000002,0
18049.0,500.5,2,400,81,2010-09-28 14:26:00,2010-04-28 13:24:00,250.25,64,153,0.013071895424836602,1,0.0,0
18050.0,337.66,1,210,18,2010-11-11 15:51:00,2010-11-11 15:51:00,337.66,20,0,1.0,1,74.4,0
18051.0,2282.28,7,1661,41,2010-03-15 13:58:00,2009-12-09 12:17:00,326.04,261,96,0.07291666666666667,1,0.0,0
18052.0,10877.18,1,17766,16,2010-05-24 11:11:00,2010-05-24 11:11:00,10877.18,191,0,1.0,1,0.0,0
18053.0,271.05,2,107,12,2010-07-02 11:42:00,2010-06-30 12:36:00,135.525,152,1,2.0,1,300.02,0
18054.0,176.5,1,96,11,2010-11-12 08:18:00,2010-11-12 08:18:00,176.5,19,0,1.0,1,0.0,0
18055.0,3381.3,4,1082,149,2010-11-23 11:44:00,2010-10-22 13:27:00,845.325,8,31,0.12903225806451613,1,6761.34,1
18056.0,190.95,1,123,11,2010-03-31 12:29:00,2010-03-31 12:29:00,190.95,245,0,1.0,1,363.65,0
18057.0,1168.14,3,930,120,2010-11-11 16:55:00,2010-01-18 12:42:00,389.38000000000005,20,297,0.010101010101010102,1,0.0,0
18058.0,603.9,2,306,11,2010-06-16 13:45:00,2010-02-10 09:38:00,301.95,168,126,0.015873015873015872,1,170.16,0
18060.0,1185.46,2,902,74,2010-10-27 16:41:00,2010-05-24 08:34:00,592.73,35,156,0.01282051282051282,1,0.0,0
18061.0,3964.4,18,2404,23,2010-11-28 15:45:00,2009-12-04 11:36:00,220.24444444444444,3,359,0.05013927576601671,1,2119.41,1
18062.0,912.15,3,435,25,2010-11-18 10:05:00,2010-04-21 08:55:00,304.05,13,211,0.014218009478672985,1,720.52,0
18063.0,186.60000000000002,2,48,2,2010-11-14 10:46:00,2010-03-16 13:05:00,93.30000000000001,17,242,0.008264462809917356,1,0.0,0
18064.0,3667.83,9,2301,47,2010-09-19 15:37:00,2010-02-01 15:01:00,407.53666666666663,73,230,0.0391304347826087,1,814.0,0
18065.0,3453.8,14,1237,126,2010-11-16 10:05:00,2009-12-09 16:00:00,246.70000000000002,15,341,0.04105571847507331,1,2392.83,1
18066.0,1122.4,2,427,35,2010-11-18 10:08:00,2010-10-20 11:42:00,561.2,13,28,0.07142857142857142,1,318.0,0
18069.0,2439.78,6,1870,384,2010-11-21 15:56:00,2010-02-28 16:14:00,406.63000000000005,10,265,0.022641509433962263,1,2009.24,1
18070.0,314.1,1,86,9,2010-02-08 13:28:00,2010-02-08 13:28:00,314.1,296,0,1.0,1,0.0,0
18071.0,716.6800000000001,4,418,34,2010-08-25 09:34:00,2009-12-05 10:31:00,179.17000000000002,98,262,0.015267175572519083,1,453.0,0
18074.0,529.84,1,171,30,2010-07-22 10:31:00,2010-07-22 10:31:00,529.84,132,0,1.0,1,489.6,0
18075.0,3171.54,10,1817,116,2010-11-30 12:09:00,2010-07-29 11:47:00,317.154,1,124,0.08064516129032258,1,2611.75,1
18076.0,151.49,1,164,8,2010-11-24 14:02:00,2010-11-24 14:02:00,151.49,7,0,1.0,1,0.0,0
18077.0,1494.38,7,1181,69,2010-11-07 11:13:00,2009-12-07 11:40:00,213.48285714285717,24,334,0.020958083832335328,1,2584.41,1
18078.0,389.4,2,225,43,2010-10-10 16:01:00,2010-03-21 15:50:00,194.7,52,203,0.009852216748768473,1,336.13,0
18079.0,590.78,1,1383,13,2010-08-05 12:19:00,2010-08-05 12:19:00,590.78,118,0,1.0,1,3613.15,1
18083.0,463.53,1,268,36,2010-11-07 11:44:00,2010-11-07 11:44:00,463.53,24,0,1.0,1,0.0,0
18084.0,704.75,2,443,6,2010-11-21 15:47:00,2010-11-16 08:09:00,352.375,10,5,0.4,1,90.48,0
18085.0,651.9,2,242,26,2010-11-11 17:41:00,2010-03-21 11:57:00,325.95,20,235,0.00851063829787234,1,689.95,0
18087.0,10705.8,15,3868,42,2010-11-25 12:00:00,2009-12-01 09:43:00,713.7199999999999,6,359,0.04178272980501393,1,3202.92,1
18089.0,428.45,1,95,9,2010-09-19 11:57:00,2010-09-19 11:57:00,428.45,73,0,1.0,1,0.0,0
18090.0,321.9,1,307,47,2010-10-14 12:32:00,2010-10-14 12:32:00,321.9,48,0,1.0,1,0.0,0
18091.0,360.85,1,539,25,2010-04-25 13:18:00,2010-04-25 13:18:00,360.85,220,0,1.0,1,0.0,0
18092.0,5625.46,7,4046,22,2010-09-21 18:16:00,2009-12-04 12:37:00,803.6371428571429,71,291,0.024054982817869417,1,9068.26,1
18093.0,2346.19,4,2037,20,2010-09-21 15:41:00,2010-03-31 10:27:00,586.5475,71,174,0.022988505747126436,1,2106.52,1
18094.0,3374.22,6,1646,36,2010-09-19 14:03:00,2010-01-07 11:16:00,562.37,73,255,0.023529411764705882,1,3017.3,1
18095.0,1723.04,3,1204,22,2010-10-08 15:09:00,2010-04-19 14:09:00,574.3466666666667,54,172,0.01744186046511628,1,580.05,0
18096.0,789.1,3,592,153,2010-09-23 13:54:00,2010-07-14 14:30:00,263.03333333333336,69,70,0.04285714285714286,1,849.06,0
18097.0,1965.52,5,1054,30,2010-11-19 10:55:00,2009-12-17 11:06:00,393.104,12,336,0.01488095238095238,1,2662.4,1
18098.0,527.94,1,215,85,2010-11-08 16:31:00,2010-11-08 16:31:00,527.94,23,0,1.0,1,0.0,0
18100.0,451.56,1,440,30,2010-06-07 14:19:00,2010-06-07 14:19:00,451.56,177,0,1.0,1,0.0,0
18101.0,399.61,3,160,62,2010-11-30 14:21:00,2010-02-03 13:52:00,133.20333333333335,1,300,0.01,1,222.4,0
18102.0,321329.74,85,117521,281,2010-11-15 08:34:00,2009-12-01 09:24:00,3780.349882352941,16,348,0.2442528735632184,1,259657.3,1
18103.0,105.8,1,23,10,2010-06-08 13:36:00,2010-06-08 13:36:00,105.8,176,0,1.0,1,0.0,0
18106.0,1019.16,5,380,112,2010-08-20 14:14:00,2010-01-15 11:36:00,203.832,103,217,0.02304147465437788,1,421.9,0
18107.0,165.88,1,65,38,2010-09-23 13:03:00,2010-09-23 13:03:00,165.88,69,0,1.0,1,0.0,0
18108.0,577.8100000000001,2,177,29,2010-04-22 09:38:00,2009-12-02 12:47:00,288.90500000000003,223,140,0.014285714285714285,1,271.0,0
18109.0,1550.79,12,592,124,2010-11-29 13:09:00,2010-07-01 12:13:00,129.2325,2,151,0.07947019867549669,1,8004.92,1
18110.0,193.48000000000002,1,97,29,2010-10-24 14:21:00,2010-10-24 14:21:00,193.48000000000002,38,0,1.0,1,198.8,0
18111.0,405.85,1,232,27,2010-04-29 12:58:00,2010-04-29 12:58:00,405.85,216,0,1.0,1,0.0,0
18112.0,420.66999999999996,2,188,34,2010-10-17 13:16:00,2010-06-06 12:40:00,210.33499999999998,45,133,0.015037593984962405,1,352.69,0
18115.0,9.700000000000001,1,3,3,2010-01-11 11:57:00,2010-01-11 11:57:00,9.700000000000001,324,0,1.0,1,0.0,0
18116.0,731.38,5,430,142,2010-11-28 15:31:00,2010-10-24 15:29:00,146.276,3,35,0.14285714285714285,1,1399.51,1
18118.0,595.94,3,319,126,2010-11-30 12:05:00,2010-11-23 13:36:00,198.64666666666668,1,6,0.5,1,5622.68,1
18123.0,92.2,1,34,22,2010-07-14 12:47:00,2010-07-14 12:47:00,92.2,140,0,1.0,1,574.4399999999999,0
18124.0,102.65,1,47,20,2010-08-24 17:21:00,2010-08-24 17:21:00,102.65,99,0,1.0,1,0.0,0
18127.0,209.05,1,63,21,2010-11-01 13:56:00,2010-11-01 13:56:00,209.05,30,0,1.0,1,347.08,0
18128.0,399.29,1,216,42,2010-06-20 13:19:00,2010-06-20 13:19:00,399.29,164,0,1.0,1,0.0,0
18131.0,222.95999999999998,1,552,4,2010-03-18 08:48:00,2010-03-18 08:48:00,222.95999999999998,258,0,1.0,1,0.0,0
18132.0,220.13,1,212,60,2010-07-23 16:54:00,2010-07-23 16:54:00,220.13,131,0,1.0,1,0.0,0
18134.0,445.0,2,128,27,2010-04-20 14:02:00,2010-01-14 11:59:00,222.5,225,96,0.020833333333333332,1,0.0,0
18135.0,567.71,5,404,16,2010-11-12 10:34:00,2010-03-15 13:55:00,113.542,19,241,0.02074688796680498,1,681.91,0
18136.0,847.03,2,481,47,2010-10-26 15:57:00,2010-09-14 15:50:00,423.515,36,42,0.047619047619047616,1,784.33,0
18137.0,145.99,2,59,26,2010-06-06 14:18:00,2010-06-06 13:45:00,72.995,178,0,2.0,1,0.0,0
18140.0,536.41,1,395,49,2010-08-23 11:58:00,2010-08-23 11:58:00,536.41,100,0,1.0,0,0.0,0
18141.0,882.47,2,433,38,2010-11-03 11:44:00,2010-04-29 15:32:00,441.235,28,187,0.0106951871657754,1,0.0,0
18144.0,2004.2,7,801,35,2010-11-22 14:47:00,2009-12-16 15:57:00,286.31428571428575,9,340,0.020588235294117647,1,2888.75,1
18145.0,2748.19,7,2479,130,2010-11-22 12:55:00,2009-12-08 12:30:00,392.59857142857146,9,349,0.02005730659025788,1,2861.55,1
18148.0,112.85000000000001,1,63,9,2010-03-03 11:40:00,2010-03-03 11:40:00,112.85000000000001,273,0,1.0,1,0.0,0
18149.0,941.88,4,559,52,2010-10-31 11:24:00,2010-03-14 12:41:00,235.47,31,230,0.017391304347826087,1,612.0799999999999,0
18151.0,1226.09,4,631,65,2010-10-15 15:29:00,2010-03-04 10:47:00,306.5225,47,225,0.017777777777777778,1,653.35,0
18152.0,426.69,1,75,10,2010-03-03 15:26:00,2010-03-03 15:26:00,426.69,273,0,1.0,1,0.0,0
18153.0,246.22,1,200,17,2010-02-18 15:50:00,2010-02-18 15:50:00,246.22,286,0,1.0,1,0.0,0
18154.0,533.41,3,371,22,2010-11-16 12:40:00,2010-08-06 09:18:00,177.8033333333333,15,102,0.029411764705882353,1,399.19,0
18157.0,213.9,1,145,25,2010-05-17 14:09:00,2010-05-17 14:09:00,213.9,198,0,1.0,1,0.0,0
18160.0,365.82,1,225,26,2010-11-18 16:33:00,2010-11-18 16:33:00,365.82,13,0,1.0,1,638.0600000000001,0
18161.0,184.41,1,153,13,2010-11-25 15:55:00,2010-11-25 15:55:00,184.41,6,0,1.0,1,1618.69,1
18162.0,371.51,1,332,45,2009-12-07 13:24:00,2009-12-07 13:24:00,371.51,359,0,1.0,1,0.0,0
18163.0,728.84,1,452,33,2010-05-04 14:51:00,2010-05-04 14:51:00,728.84,211,0,1.0,1,0.0,0
18166.0,175.5,1,90,10,2010-03-26 12:26:00,2010-03-26 12:26:00,175.5,250,0,1.0,1,0.0,0
18168.0,2275.46,10,1403,153,2010-11-04 18:42:00,2009-12-03 17:29:00,227.546,27,336,0.02976190476190476,1,1160.04,0
18170.0,1897.69,6,775,49,2010-11-30 13:33:00,2010-01-08 14:10:00,316.2816666666667,1,325,0.018461538461538463,1,980.3100000000001,0
18171.0,1206.0,4,510,34,2010-08-26 12:17:00,2010-01-05 10:46:00,301.5,97,233,0.017167381974248927,1,1231.31,0
18172.0,9905.56,32,4223,125,2010-11-17 15:24:00,2009-12-11 09:58:00,309.54875,14,341,0.093841642228739,1,7561.68,1
18173.0,589.52,1,510,14,2010-04-06 10:43:00,2010-04-06 10:43:00,589.52,239,0,1.0,1,2106.84,1
18174.0,58.5,1,30,1,2010-04-15 12:17:00,2010-04-15 12:17:00,58.5,230,0,1.0,1,104.0,0
18175.0,176.10000000000002,1,70,7,2010-02-02 10:25:00,2010-02-02 10:25:00,176.10000000000002,302,0,1.0,1,0.0,0
18177.0,875.45,3,529,23,2010-05-28 12:38:00,2009-12-15 18:57:00,291.81666666666666,187,163,0.018404907975460124,1,1340.8700000000001,1
18178.0,4512.93,7,2867,164,2010-11-02 17:24:00,2010-02-18 14:25:00,644.7042857142858,29,257,0.027237354085603113,1,1590.81,1
18179.0,754.38,2,451,19,2010-07-05 10:48:00,2010-02-14 15:51:00,377.19,149,140,0.014285714285714285,1,1793.17,1
18181.0,821.49,4,377,119,2010-11-04 16:51:00,2009-12-04 15:30:00,205.3725,27,335,0.011940298507462687,1,366.85,0
18182.0,291.13,1,167,10,2010-09-02 14:25:00,2010-09-02 14:25:00,291.13,90,0,1.0,1,0.0,0
18186.0,329.58000000000004,1,338,11,2009-12-17 10:22:00,2009-12-17 10:22:00,329.58000000000004,349,0,1.0,1,0.0,0
18187.0,724.89,1,310,48,2010-03-18 09:49:00,2010-03-18 09:49:00,724.89,258,0,1.0,1,0.0,0
18188.0,1279.55,3,720,55,2010-10-05 09:38:00,2010-03-26 11:37:00,426.51666666666665,57,192,0.015625,1,2001.04,1
18189.0,313.49,1,270,18,2010-03-24 09:57:00,2010-03-24 09:57:00,313.49,252,0,1.0,1,1090.24,0
18190.0,461.16,3,350,23,2010-04-15 09:45:00,2009-12-22 12:05:00,153.72,230,113,0.02654867256637168,1,284.46000000000004,0
18191.0,321.6,1,192,8,2010-08-19 17:42:00,2010-08-19 17:42:00,321.6,104,0,1.0,1,207.8,0
18193.0,963.59,2,802,50,2010-11-24 12:25:00,2010-09-23 13:33:00,481.795,7,61,0.03278688524590164,1,243.76,0
18194.0,3188.2,5,1142,16,2010-09-27 13:08:00,2010-01-28 15:30:00,637.64,65,241,0.02074688796680498,1,973.84,0
18195.0,101.16,1,60,5,2010-11-17 15:03:00,2010-11-17 15:03:00,101.16,14,0,1.0,1,0.0,0
18196.0,768.64,2,601,111,2010-08-25 15:31:00,2010-03-17 14:55:00,384.32,98,161,0.012422360248447204,1,686.63,0
18197.0,230.1,1,166,9,2010-05-13 10:46:00,2010-05-13 10:46:00,230.1,202,0,1.0,1,0.0,0
18199.0,344.75,1,99,20,2010-01-25 11:32:00,2010-01-25 11:32:00,344.75,310,0,1.0,1,0.0,0
18201.0,447.53000000000003,1,191,27,2009-12-17 08:55:00,2009-12-17 08:55:00,447.53000000000003,349,0,1.0,1,0.0,0
18203.0,322.1,3,66,29,2010-11-23 12:25:00,2009-12-08 13:19:00,107.36666666666667,8,349,0.008595988538681949,1,160.42000000000002,0
18206.0,314.65999999999997,1,246,19,2010-06-04 13:47:00,2010-06-04 13:47:00,314.65999999999997,180,0,1.0,1,0.0,0
18207.0,544.47,1,325,31,2010-07-28 14:26:00,2010-07-28 14:26:00,544.47,126,0,1.0,1,0.0,0
18208.0,360.08,1,82,17,2010-05-23 11:54:00,2010-05-23 11:54:00,360.08,192,0,1.0,1,0.0,0
18210.0,147.45,1,101,10,2010-11-22 09:39:00,2010-11-22 09:39:00,147.45,9,0,1.0,1,2621.38,1
18212.0,298.3,1,66,12,2010-01-31 14:42:00,2010-01-31 14:42:00,298.3,304,0,1.0,1,216.07,0
18214.0,1780.34,4,989,38,2010-06-27 11:21:00,2010-06-03 19:47:00,445.085,157,23,0.17391304347826086,1,0.0,0
18215.0,1933.15,4,1013,49,2010-09-28 16:18:00,2010-03-26 13:03:00,483.2875,64,186,0.021505376344086023,1,299.34000000000003,0
18217.0,323.29,2,249,7,2010-07-14 12:27:00,2010-07-01 15:39:00,161.645,140,12,0.16666666666666666,1,621.75,0
18218.0,479.91999999999996,2,492,16,2010-04-22 12:38:00,2010-02-17 15:11:00,239.95999999999998,223,63,0.031746031746031744,1,641.92,0
18219.0,1282.93,7,701,51,2010-11-15 15:44:00,2009-12-07 13:17:00,183.2757142857143,16,343,0.02040816326530612,1,2069.77,1
18220.0,1616.48,5,1064,17,2010-11-10 14:22:00,2009-12-15 11:42:00,323.296,21,330,0.015151515151515152,1,305.28,0
18221.0,383.33,1,209,20,2010-11-14 15:46:00,2010-11-14 15:46:00,383.33,17,0,1.0,1,1041.61,0
18223.0,7516.31,12,3696,129,2010-11-17 12:20:00,2009-12-04 12:20:00,626.3591666666667,14,348,0.034482758620689655,1,6484.54,1
18225.0,7509.84,14,4040,178,2010-11-18 15:29:00,2009-12-04 16:52:00,536.4171428571428,13,348,0.040229885057471264,1,5504.96,1
18226.0,6650.83,15,4417,204,2010-11-26 15:51:00,2010-03-05 10:05:00,443.38866666666667,5,266,0.05639097744360902,1,5228.05,1
18227.0,295.0,1,1,1,2010-08-12 16:45:00,2010-08-12 16:45:00,295.0,111,0,1.0,1,93.75,0
18229.0,2873.61,8,583,24,2010-11-18 11:23:00,2009-12-03 14:42:00,359.20125,13,349,0.022922636103151862,1,7276.9,1
18230.0,1480.8600000000001,2,680,42,2010-11-26 15:33:00,2010-07-02 10:01:00,740.4300000000001,5,147,0.013605442176870748,1,2810.2000000000003,1
18231.0,4776.5,23,2094,148,2010-10-29 14:17:00,2010-01-10 12:13:00,207.67391304347825,33,292,0.07876712328767123,1,2071.77,1
18234.0,179.6,1,80,30,2010-06-06 11:22:00,2010-06-06 11:22:00,179.6,178,0,1.0,1,0.0,0
18236.0,913.11,6,293,43,2010-11-16 12:48:00,2010-04-15 13:39:00,152.185,15,214,0.028037383177570093,1,882.24,0
18238.0,270.92,1,114,14,2010-07-12 12:51:00,2010-07-12 12:51:00,270.92,142,0,1.0,1,0.0,0
18239.0,150.65,1,49,8,2010-10-13 10:11:00,2010-10-13 10:11:00,150.65,49,0,1.0,1,1561.6100000000001,1
18241.0,913.9,4,420,42,2010-10-20 11:58:00,2010-04-01 11:55:00,228.475,42,202,0.019801980198019802,1,2073.09,1
18242.0,1372.72,4,1004,46,2010-09-20 13:57:00,2010-01-11 08:49:00,343.18,72,252,0.015873015873015872,1,2232.4900000000002,1
18243.0,515.78,1,221,26,2010-10-21 14:29:00,2010-10-21 14:29:00,515.78,41,0,1.0,1,0.0,0
18244.0,568.64,2,856,19,2010-10-05 11:15:00,2010-07-25 10:30:00,284.32,57,72,0.027777777777777776,1,0.0,0
18245.0,3757.92,13,3310,220,2010-11-25 16:52:00,2010-03-08 15:26:00,289.07076923076926,6,262,0.04961832061068702,1,2567.06,1
18246.0,162.72,1,48,1,2010-04-09 10:19:00,2010-04-09 10:19:00,162.72,236,0,1.0,1,596.1,0
18247.0,839.73,3,335,28,2010-10-21 09:49:00,2010-03-18 15:52:00,279.91,41,216,0.013888888888888888,1,0.0,0
18251.0,21964.14,8,31815,77,2010-09-20 13:26:00,2009-12-22 12:01:00,2745.5175,72,272,0.029411764705882353,1,4314.72,1
18252.0,1015.42,5,698,35,2010-06-09 12:25:00,2009-12-18 16:13:00,203.084,175,172,0.029069767441860465,1,518.27,0
18253.0,317.88,1,128,7,2010-03-07 12:38:00,2010-03-07 12:38:00,317.88,269,0,1.0,1,0.0,0
18254.0,267.9,1,188,16,2010-05-07 14:37:00,2010-05-07 14:37:00,267.9,208,0,1.0,1,0.0,0
18255.0,199.85,1,127,13,2010-09-09 16:31:00,2010-09-09 16:31:00,199.85,83,0,1.0,1,103.30000000000001,0
18256.0,110.69999999999999,1,180,10,2010-11-17 08:53:00,2010-11-17 08:53:00,110.69999999999999,14,0,1.0,1,0.0,0
18257.0,2247.52,4,1327,133,2010-09-19 13:02:00,2010-02-18 16:20:00,561.88,73,212,0.018867924528301886,1,2337.63,1
18258.0,2059.67,6,1981,30,2010-09-01 14:20:00,2010-05-16 11:35:00,343.27833333333336,91,108,0.05555555555555555,1,0.0,0
18259.0,1603.3,4,560,35,2010-11-19 11:40:00,2009-12-08 08:38:00,400.825,12,346,0.011560693641618497,1,2338.6,1
18260.0,7318.91,17,3769,169,2010-11-30 12:25:00,2009-12-15 13:50:00,430.5241176470588,1,349,0.04871060171919771,1,2628.35,1
18262.0,428.06,2,370,27,2010-11-11 13:30:00,2010-04-16 09:05:00,214.03,20,209,0.009569377990430622,1,149.48,0
18264.0,603.25,1,241,36,2010-07-29 10:02:00,2010-07-29 10:02:00,603.25,125,0,1.0,1,0.0,0
18266.0,251.1,1,138,14,2010-10-01 15:33:00,2010-10-01 15:33:00,251.1,61,0,1.0,1,0.0,0
18267.0,269.37,1,135,17,2010-02-05 08:43:00,2010-02-05 08:43:00,269.37,299,0,1.0,1,0.0,0
18268.0,1464.73,5,709,36,2010-04-27 15:47:00,2009-12-11 10:27:00,292.946,218,137,0.0364963503649635,1,25.5,0
18270.0,161.4,1,108,6,2010-10-03 10:49:00,2010-10-03 10:49:00,161.4,59,0,1.0,1,283.15000000000003,0
18271.0,680.85,2,319,19,2010-04-09 09:26:00,2009-12-08 11:27:00,340.425,236,121,0.01652892561983471,1,0.0,0
18272.0,1307.4,3,830,50,2010-06-09 14:37:00,2010-03-04 12:53:00,435.8,175,97,0.030927835051546393,1,3078.58,1
18273.0,153.0,1,60,1,2010-04-28 12:24:00,2010-04-28 12:24:00,153.0,217,0,1.0,1,204.0,0
18275.0,741.85,2,417,19,2010-05-10 15:46:00,2009-12-08 16:23:00,370.925,205,152,0.013157894736842105,1,0.0,0
18276.0,1320.66,5,1060,69,2010-11-12 10:11:00,2009-12-10 17:14:00,264.132,19,336,0.01488095238095238,1,335.86,0
18277.0,1069.67,4,381,48,2010-11-07 15:52:00,2010-08-02 10:26:00,267.4175,24,97,0.041237113402061855,1,110.38,0
18278.0,240.3,1,74,15,2010-10-31 12:13:00,2010-10-31 12:13:00,240.3,31,0,1.0,1,173.9,0
18279.0,231.34,1,630,13,2010-07-08 14:48:00,2010-07-08 14:48:00,231.34,146,0,1.0,1,0.0,0
18280.0,307.55,1,149,20,2010-11-10 15:51:00,2010-11-10 15:51:00,307.55,21,0,1.0,1,180.60000000000002,0
18281.0,120.32,1,92,10,2010-05-11 10:49:00,2010-05-11 10:49:00,120.32,204,0,1.0,1,80.82,0
18283.0,619.37,6,322,158,2010-11-22 15:30:00,2010-02-19 17:16:00,103.22833333333334,9,275,0.02181818181818182,1,2039.58,1
18284.0,411.68,1,493,27,2010-10-04 11:33:00,2010-10-04 11:33:00,411.68,58,0,1.0,1,0.0,0
18285.0,377.0,1,144,11,2010-02-17 10:24:00,2010-02-17 10:24:00,377.0,287,0,1.0,1,0.0,0
18286.0,1246.43,2,607,66,2010-08-20 11:57:00,2009-12-16 10:45:00,623.215,103,247,0.008097165991902834,1,0.0,0
18287.0,2295.71,4,1426,76,2010-11-22 11:51:00,2010-05-17 11:55:00,573.9275,9,188,0.02127659574468085,1,1837.28,1
